mass,pos_x,pos_y,pos_z,vel_x,vel_y,vel_z
1.0,-0.97000436,0.24308753,0.1,0.466203685,0.43236573,0.0
1.0,0.97000436,-0.24308753,0.1,0.466203685,0.43236573,0.0
1.0,0.0,0.0,0.1,-0.93240737,-0.86473146,0.0
