mass,pos_x,pos_y,pos_z,vel_x,vel_y,vel_z
0.001,0.00010138215447000756,0.00019786968264207398,-0.13820015186164702,-0.0009157586183338638,0.00037417447361640864,-8.258919345041985e-06
0.001,-0.00021878587308772423,-5.371034617346434e-05,-0.08566922805051422,0.0004114654943757953,-0.0011076845114006504,1.8770104845957547e-05
0.001,-0.00040609777675951094,9.038608288474331e-05,-0.016448004880759093,-0.00044142214152841303,-0.002012953053625624,0.00020947690533774748
0.001,-0.00044163024204508524,-2.785065647463368e-05,-0.04898722708134021,1.894725894394282e-05,-0.0026601018171377357,-2.568874408284198e-05
0.001,-0.0008131545984496222,-0.0005125365723951874,0.10589982794608595,0.002846789897372417,-0.0038531299953139045,-0.00016605035146285502
0.001,-0.0003100621114579126,-0.000963057742433402,-0.14077387876058542,0.00483356416105979,-0.001658146669793434,-2.6365755916626988e-05
0.001,-0.0008485242588926156,-0.0006108142496795952,-0.0392174610699188,0.002971143320094124,-0.004667152667248466,-0.0002010216134162387
0.001,-5.425589549256528e-06,-0.0013108135983362745,0.04163621378200231,0.007292229156038202,-0.001122678584155315,0.000397023690943867
0.001,0.001331467177900908,1.710265698450216e-05,-0.09384682675491098,-0.0007288660834346723,0.007973988603430847,-3.656655962029238e-06
0.001,-0.001585423331969815,0.00041793554922953243,0.11848944991103615,-0.0018721617318190437,-0.009063057531058264,-0.0005324222997837129
0.001,-0.0019714431128440508,-0.0002975694558238556,-0.04838888793797507,0.00023378208242654007,-0.008907715341058208,0.0008402201093121168
0.001,-0.0020313696935942553,-0.0006136668685943766,0.19551506171832256,0.0038807438189499615,-0.008893340514474147,0.00036564732043147175
0.001,0.0019407752984406065,-0.0017719190799169017,-0.04102202381239072,0.009332067638697705,0.009540345144623113,0.0004935196093439761
0.001,0.0018486808364514894,-0.0027735170221350703,0.15766896523387736,0.013239775399255763,0.00864945198841447,-8.869424178138886e-05
0.001,-0.0014615006262964586,0.003290521796416427,0.1163394469594312,-0.012865598126332943,-0.005511805738038866,0.0006216644691325773
0.001,0.0016703234360884828,-0.0032405323413745037,0.018626931764795372,0.014614549718391198,0.00867735714198465,0.0003445580948818045
0.001,-0.002471019758319506,-0.0031048016358421093,-0.05872893150728503,0.01128671061284637,-0.010307808112191928,-0.0010732390019302248
0.001,0.0004979729865458063,0.004332147104183209,0.01078376634502038,-0.018043098033314643,0.005524811593599302,-0.0014191516353526828
0.001,0.0022180532698061733,-0.004449443366714765,-0.01455535308887809,0.0168026142319745,0.008657276484050118,-0.0005267669226252691
0.001,0.0032598459870209575,-0.003780711960950201,-0.031593257642461695,0.014474737052688388,0.01456926078489743,-0.0014399491321594633
0.001,0.0033697417710405954,-0.0039454699819374125,0.15087209005078353,0.01660332111138229,0.009279469255428883,0.00032333059406992843
0.001,-0.0007301057234989511,0.005422928335869006,0.0223730132787835,-0.02196017965329762,-0.0036573618653267036,-0.00024317787742765936
0.001,-0.004737425945385426,-0.004741123930976208,0.011768118654006668,0.015039872374365618,-0.01800186656859036,0.0022255794364323613
0.001,0.0064923335000200665,0.0025523692552168686,-0.027822841814839107,-0.006440980497218529,0.026160749315377207,-0.00032718988331744504
0.001,0.006202050316606327,0.0051416747253364625,-0.12637867572489067,-0.016191794692706152,0.02092185954314868,0.0012918609367987355
0.001,-0.006914327058826549,-0.004838876052056352,0.033786032680132305,0.019906510619161277,-0.021467909921696688,-0.00047376670253849545
0.001,-0.00916989828211879,-0.002508226231851171,0.14769066140088197,0.005967079731931688,-0.03490983864308709,-0.0007433068658311958
0.001,-0.005336435833828336,-0.007976004869101988,0.022004237725323138,0.029213878144659054,-0.021335867920514843,0.001526688515645572
0.001,0.00815907984953367,-0.006968386907957295,-0.012335243172862586,0.024703069466347285,0.027882384878989627,0.0018293648167882703
0.001,0.0011232405344501844,-0.01139361523742004,0.07771531819829214,0.03576049324993691,-0.0005094992316903211,-0.002045701496088377
0.001,0.004107542764629405,0.010751979062044273,0.06629570815723733,-0.03422817475302277,0.015175846990481034,0.0010660408004774472
0.001,0.004636799125993662,0.011068867282248512,0.03670281149617507,-0.038385668229063336,0.015180187434130356,-7.03045665444544e-05
0.001,-0.009030210714316882,-0.008306878935704002,-0.06477829345192526,0.025404527737754763,-0.040920593654393336,-0.002102608139957714
0.001,0.00989432510906595,0.0074407961733789245,0.059840523035242635,-0.01715317114574416,0.03879611243522792,0.0006307282639393206
0.001,0.0068465992080954064,-0.010696771646771292,-0.026275822833801882,0.04157650164274013,0.026784706090746103,0.0015432972974910727
0.001,0.001569251022727596,-0.01269232921350088,0.05423500023048555,0.0469805683531562,0.009462275243908478,-0.002870227633894317
0.001,0.012204461426520432,-0.004236021514353935,0.12270946095311251,0.013617979012224606,0.047342880549843036,0.004434191096943072
0.001,-0.004994699667775078,0.012176145422052469,0.08355968972042804,-0.037583914723225864,-0.019191158420364385,0.0037537567601502904
0.001,0.011474632260157077,-0.007107213782525237,-0.0766240238485858,0.02714167292482868,0.04308906048045974,-0.0033374622178882277
0.001,0.00890954193759762,0.01022919236219789,0.004629568541698632,-0.038106373908596294,0.029322116742487195,0.0011548187158266932
0.001,-0.01298302545319057,0.0052603893569309005,-0.3209403989036963,-0.02066472111071967,-0.04522988733934561,1.8589487636697946e-05
0.001,-0.014129161400404546,-0.001956687599828268,-0.031535229141510204,0.00014303893509755392,-0.053137199101719296,0.0006571278306657843
0.001,0.0022672543504076844,0.015114885511889628,-0.01967745756605757,-0.044302248239270904,0.006185418570792445,2.3965011603798755e-05
0.001,-0.01582163092659052,-0.0004410460213447767,-0.21827631257097987,-0.00464738720497726,-0.056391736096075146,0.0006726799665035234
0.001,-0.013747551601383304,0.008850921970807207,-0.009165559116392235,-0.030702394141487472,-0.04643707778512771,0.002528724131340388
0.001,0.008381605195857882,-0.014761085876939752,-0.0652470436593899,0.05371419621040836,0.01821339454263778,-0.0012821166983459952
0.001,-0.01685341820350228,0.0037301475981575466,0.0023578764640712815,-0.007961883457844045,-0.05663452534172528,-7.050939031378249e-05
0.001,-0.015492094649119074,0.009726077370396961,0.1200832929392367,-0.03561270019245034,-0.0475978950292994,0.002763755683928551
0.001,0.01787759761654757,-0.0045288547719079105,-0.17404930527498136,0.012987207284510043,0.04665969295222345,-0.0030816803956783905
0.001,0.004853528093400036,-0.019470029102505653,0.013347745498236717,0.0597686728479823,0.02187563833488761,0.0013348204367355605
0.001,0.0025047820888521215,-0.020091048545184714,-0.016777987333191444,0.05249931058019633,0.008083772596399598,-0.003954778560456587
0.001,-0.008056656289143871,-0.019352626519568053,-0.04412454154726555,0.05467002164697244,-0.03270859046641912,0.002863174206348725
0.001,-0.0198459424356505,-0.009905193918961712,0.09019873572011844,0.03960382318146689,-0.059431105689645554,-0.006505650066226653
0.001,-0.007572404189216105,0.02147007393301845,-0.080741866765108,-0.07662413514462249,-0.03335729152033481,0.0040185438764887525
0.001,0.006205589469561131,-0.02394320647112012,0.05872564598578909,0.07241080883413614,0.010273812770405046,7.158645319723789e-05
0.001,-0.02349854447147764,0.007729912339926178,-0.016111830356080794,-0.017145786466393143,-0.06782912653663731,0.0046171953017428765
0.001,-0.008180902629962872,0.024487965369906044,0.103477430251595,-0.06811431949209064,-0.010045812826106669,-0.0008161788978544714
0.001,0.006167962715400332,-0.025356734770445703,-0.08327730477707457,0.07585889532976665,0.02070996202658538,0.00022387475220993677
0.001,0.0262311916108489,0.003177660624812342,0.07132593568547184,-0.005259282293207323,0.0768402274510194,-0.0006314604675895236
0.001,-0.022353663620633953,-0.014903220842121409,-0.06019273578324959,0.04370501538982669,-0.06764520144075364,0.00618005508019798
0.001,-0.02843458195502814,0.0003542971341726886,-0.0997533884376993,-0.010909229329317708,-0.07908830794982794,-0.003914893161321951
0.001,0.016426003610381462,0.026049668193275168,0.04622259905777746,-0.07366112852330255,0.04924611909950025,-0.002064647032907891
0.001,0.011452513517180872,0.029257070163983274,-0.009644690001715478,-0.0791840475151191,0.03728618633816356,0.002131635291597689
0.001,0.012850938915063377,-0.029494789741965507,-0.11885842431355216,0.07379793008307221,0.04490572453104413,-0.00269809691095469
0.001,0.004668057401843012,-0.03201468979610194,-0.11689107090526607,0.10196930915578793,0.0056229807171010796,0.008093442979560708
0.001,0.005249362894054345,0.032781512632929416,0.011145710087380871,-0.09296100703831663,0.0053135196776532174,0.012245960546360905
0.001,0.02886620926020595,-0.017255050468775988,-0.01711741309704649,0.04781156542366936,0.0910858406934515,0.006042837738591304
0.001,-0.033817663165936034,0.001465110540424299,-0.12976618979589052,0.0025336621317003614,-0.09448101263358213,-0.0002668807585912823
0.001,-0.006764148729139797,-0.03332199013150792,-0.08590539917590534,0.08706853321641954,-0.02063802003832648,0.005169959071545275
0.001,0.029609481492473284,-0.018862580175410724,-0.15346019886876974,0.05058282557005481,0.09337251576640006,-0.003985289584498657
0.001,0.013625807605652504,-0.03256571946556395,-0.046792674978963264,0.09855001821642752,0.03430060388256433,-0.009855646351390392
0.001,0.018464103159955135,0.03230455596313506,0.00520706567521494,-0.09289193188204806,0.044895208250891196,0.004697799467808239
0.001,0.00571103009113217,-0.037431345422722015,0.013174445534270754,0.10102045476622948,0.01903246987161777,-0.001549707256469879
0.001,0.025649491227040917,-0.028184014137678827,0.11190761552458797,0.0908692237008699,0.09264032633564297,-0.006306931147246042
0.001,-0.028830559089938805,-0.02493852409100463,-0.01948978046432516,0.06286129045840239,-0.07080461721894238,0.001153219068638433
0.001,0.03570262704748165,-0.014199522577657105,-0.09657390223351739,0.03156003832474097,0.1053028698577256,0.0024414155733747493
0.001,-0.035760758114012796,0.014236677930352586,-0.0768835314814139,-0.031550978792481914,-0.08685621500223613,-0.0037045433618280266
0.001,-0.03807855305336003,0.009559259546300242,0.0940526923254924,-0.050085673463094074,-0.12648526952947486,-0.003953841275639294
0.001,-0.026232945713678006,0.029336919092239785,-0.09137311439070639,-0.08471147094677936,-0.06134423681500047,-0.0012676389640483982
0.001,-0.011550921188747034,-0.03932002253761235,0.1892568801739915,0.10645149684470552,-0.029713137151060713,0.00862462060700604
0.001,0.041385752011985195,-0.0008849880739278654,0.05983897199292614,-0.00339496777868571,0.11243068087462661,0.006210507535769197
0.001,0.03729458986429505,0.020535113758683006,-0.07300419902161631,-0.06498174373079224,0.1121400197010476,-0.013744122424645353
0.001,-0.008077439803600166,-0.04206730126318304,-0.16557897672905916,0.11533546771515434,-0.030757219359760536,0.0019228702048101995
0.001,0.039481148125722634,-0.016898544715440188,0.3220376909640283,0.04188940658948673,0.10208082188725219,0.003760747605212325
0.001,0.030919750708646193,0.030731763518538124,0.0064019328012323426,-0.07896046999099028,0.09006574891593007,-0.003044499749740312
0.001,-0.04267714619381295,0.011587521932027736,0.0797208753509439,-0.04630897858324446,-0.10746424234152263,-0.0057563637143426315
0.001,-0.03283118093533859,-0.030017116327431745,0.18469141034193623,0.07774944151739933,-0.10600972566337859,0.01569215105730691
0.001,-0.04487622030448511,-0.01405144507832266,0.025609904211770576,0.01878255957187394,-0.1344981140769937,0.001589891428822967
0.001,0.010986361722081998,-0.04575403443277534,0.03051596608549156,0.13991145526186424,0.03142862026824585,-0.009103506924851127
0.001,-0.03753466187602673,0.0287581692881679,0.0215771039515536,-0.08661544263945739,-0.11282335043268792,0.005637675548893254
0.001,0.025528066198790424,-0.040067294423680844,0.15223601571480314,0.09309002261632603,0.06427547883648317,0.002823304536216922
0.001,0.026285969868175788,-0.04042321674997183,0.20435545332331073,0.07743874202140918,0.06699276296982866,-0.006383603260515514
0.001,-0.03590530261493641,0.033425401968153814,0.13322989402027757,-0.08896525083113661,-0.10542512638206364,-0.002048288223711585
0.001,-0.01764944480424364,0.04614601681866096,0.022764444963821254,-0.10633001851175544,-0.06347868155465833,0.0014825460702175797
0.001,-0.00019276439568754498,-0.04984797434603447,0.02851524608712532,0.1307751481091501,0.005080848409456476,0.015939009481003037
0.001,0.05466709414611467,-0.0008877982929230526,0.1594772869001395,0.023120388768559014,0.15389818149018453,-0.01564654741016682
0.001,0.022154794406814407,-0.05056375225349349,-0.10003812950178369,0.1354458856550656,0.09592918071375424,-0.00692161597660057
0.001,-0.01869430049360898,0.05295864811664828,0.01927051828611227,-0.12590820820963464,-0.05359116315298455,0.003533351133646625
0.001,0.043662617861081734,-0.0360061771842092,-0.09405815735736864,0.09291980154332746,0.10909457314321666,0.013292699866442347
0.001,-0.04809051910971937,0.03331651175974596,0.17928443072634673,-0.1297836233114524,-0.13355840486778428,-0.014375759380750997
0.001,-0.038411061027335214,-0.04413303226085245,0.09966862845430917,0.1012098600515622,-0.08143753353038548,0.008811247160957204
0.001,0.05360583013050185,-0.02381645950905966,0.16429401461153925,0.0573939586183588,0.11643943357362281,0.012465468893986486
0.001,-0.05093436815720431,-0.03405423014293405,0.04463737495700061,0.07746123861572299,-0.1542501573486712,0.00598271509190763
0.001,-0.05642745989299721,-0.024097307118682867,-0.030778074201379305,0.03292885387058073,-0.13431129537063013,-0.015233751497720332
0.001,-0.0024537373600016918,0.06446216985740216,0.08591985831719723,-0.1562846838790941,-0.023242589822459775,0.004864230034107055
0.001,0.0075039147812645994,-0.06503857034178656,0.03327664805974951,0.15732346242700435,0.01773627229236995,-0.0096454649507327
0.001,0.03351286093897953,-0.062350782749120814,-0.2233247300374314,0.1729723563525971,0.09070690799474487,-0.0047969348338454485
0.001,-0.0686500047696374,0.019332783466946633,0.09861740767446306,-0.05173484712129378,-0.15869476191059345,0.01194499080392155
0.001,-0.06794188226951153,-0.029280669305681316,-0.02218483538481309,0.054009624690616,-0.14490894927267206,0.0012419838495079407
0.001,0.03262677326981762,-0.06656846887354383,0.2986918821349213,0.1527563043751607,0.07722529726409406,0.010601173318390243
0.001,0.07087065424702427,0.026240684520802398,0.1272279090549749,-0.06427643293731097,0.171935478985101,-0.015094844886208495
0.001,0.007535986562557063,-0.07542691059887223,-0.12329734644618623,0.16458181383293083,0.017484817934162716,-0.0014079715654806428
0.001,0.04510369183051013,-0.06136231049192425,-0.058660804484914224,0.13501635918461086,0.11616737058537505,0.007670629828278057
0.001,-0.036398534782192134,-0.06794503145240917,0.028543397656256284,0.1271906013187044,-0.09363363777948083,0.01386578050044401
0.001,-0.02033702975851117,0.07468126365157184,0.028944398208756696,-0.2015568768198066,-0.0528230436653267,-0.0014297966023955045
0.001,0.06668423961551415,-0.03961629590816494,-0.15553362148971223,0.09732897929050077,0.14647487128851083,-0.0066987911642641925
0.001,0.060077597317372534,-0.049089452405910686,-0.026803227825469695,0.14217158222442325,0.19229176696411243,0.0038466457664625146
0.001,0.013860666769938102,-0.07670102451232977,0.05667521160010565,0.17977728614187108,0.038593143336923395,-0.004505710536361234
0.001,0.013401521334801011,-0.08149846183787658,0.010415864213127598,0.1483100318058909,-0.010469094772217163,-0.014881242955564358
0.001,0.08290199394684289,-0.018643378960278355,-0.11512797283864146,0.054694356068896194,0.20929998008360481,-0.015186030539778496
0.001,-0.03703599385805645,-0.0766274003674307,0.10530173087923043,0.17048226638826344,-0.11925001972410726,-0.021884620652257793
0.001,-0.035006425344948564,-0.07800179099154694,-0.12288101298444694,0.23302048599475744,-0.08998083379448586,-0.025909589587709086
0.001,0.03380401601087817,-0.07930688911864181,-0.12057208415411046,0.175175249935613,0.10226265795165099,-0.003419215116446401
0.001,0.0722823351332524,-0.04746709728061798,0.07857822201300876,0.15565877433597503,0.12608843434780445,-0.007158300056254161
0.001,0.0868485205092363,-0.005392504734858557,0.11811880412100473,-0.007519548476097794,0.21883098499965226,0.0052923805229383785
0.001,-0.018596020069192472,0.08541162060199098,-0.13107874006722664,-0.23564910950990892,-0.045906960535678915,-0.0014178762169903879
0.001,-0.030429357451829935,0.08206975722712455,-0.03453378550658492,-0.17117218061250244,-0.12001942110058064,-0.004906044217303105
0.001,0.07163182198679223,-0.05155358828107326,-0.05200048314700876,0.13204195817102232,0.15744653543263795,-0.009066251862689601
0.001,0.023060489320391644,-0.08561915794497302,-0.116306245478999,0.18466035890970797,0.04586869174031617,0.002951874338135579
0.001,-0.0068094673144721545,-0.08921942484998042,0.13345540910528958,0.20360176559664148,0.008217148054914247,0.01630557349560924
0.001,0.08910751652207884,-0.01083381748833398,0.03048937279772991,0.028585133763519944,0.2158679091897889,-0.005569192906467462
0.001,0.036959831946551155,-0.08793831513995329,0.21449292660053743,0.20258703989912646,0.10224644962046803,0.002536735215730283
0.001,0.09577743079831331,0.009593071156694633,-0.11752135570833003,-0.022501491541270967,0.25029354052198866,0.019874213991902586
0.001,-0.05785920014985177,0.07750560035323707,-0.07128995400415526,-0.1961891686263317,-0.12450780606513058,-0.0016128873050357349
0.001,-0.04339751069655187,0.08699871296822417,0.08250940665895813,-0.21994080942486655,-0.10683971484602692,-0.01712235339489477
0.001,-0.014730119992760832,-0.09925896437022971,0.031163388223466315,0.19257806002536396,-0.020812834341601825,-0.0020255191762241615
0.001,-0.07433224120075008,0.06937775571945133,0.01150554930711357,-0.14325798370989612,-0.16300246076631453,0.007544217391707786
0.001,-0.05985003723716111,-0.08229569216184979,0.1323259172568832,0.16691353621793525,-0.07372233769713127,-0.0006323965826218038
0.001,-0.06114324279416972,0.08206465529167377,0.049467922749831944,-0.18834361181696718,-0.16583299624661324,-0.00585770862584677
0.001,0.04966765996522537,0.09590558146585357,0.1742651835380821,-0.2096645069047714,0.10551035408084669,-0.02359163099997411
0.001,0.10451325589190097,-0.03207355328559518,0.05786139032063965,0.09069546290764165,0.2028465779023365,-0.0021071171744410683
0.001,-0.10472249909230998,-0.03211108706731216,-0.019066228051748353,0.06545556772010148,-0.265507354325649,-0.0046141654355884515
0.001,0.06541138643073095,0.08888636378699434,0.04731285687772982,-0.17425024235021644,0.17212431902646896,0.003751544499245003
0.001,0.07948092738614294,0.07832044425245381,-0.13643488040761184,-0.16408879048190345,0.20410519079524897,0.02271036663251025
0.001,-0.01278213723797878,-0.11124311960234536,0.046415260596757234,0.26667912941885646,-0.055954123852140464,0.00531278448473819
0.001,0.11775393948713614,0.004921845472801917,0.08488374624164968,0.01425065879103296,0.23074585253672789,-0.010166495596376559
0.001,-0.11814562939430648,0.0040648656799105246,0.0413511555781802,-0.0331589117385041,-0.23773260790591383,0.006103742014706593
0.001,-0.1183441029715437,-0.008751051146120906,0.20965284256472244,0.08637176179812861,-0.20894899284164778,-0.0002272034664829351
0.001,0.004469356249339679,-0.12005300380263817,0.1056194784314653,0.2435031871077236,-0.03400176335050198,0.01469652366483134
0.001,-0.12045248746167427,-0.0014883218424104323,0.2058277745475776,-0.03803723208837522,-0.27933063786912715,0.006112421874827294
0.001,0.10754477373937613,-0.0573413319743006,-0.11134053055521811,0.11686571466780224,0.26222998671214687,-0.02486866654051145
0.001,0.11622201319962953,0.03971941461505436,0.10295375135949612,-0.046562639676418924,0.24450099124569358,-0.013840629593081594
0.001,-0.06836275756433849,-0.102854443923688,0.0038080322864562487,0.1875114795103689,-0.15404934317194152,-7.739422785490119e-05
0.001,-0.037842292556178304,-0.11925779706159596,-0.042197848527722244,0.24822886863990343,-0.07090569489619834,0.007982257364715977
0.001,0.11283392496975617,0.05765077918939601,0.006103331568200066,-0.07054024954325137,0.21827313966316803,0.0019003331841914212
0.001,0.03064829936420346,0.12453512360224307,-0.026048696958290485,-0.278143420894125,0.10275280466947903,0.002516184599241548
0.001,-0.03844011983595445,0.12430740742501573,-0.017873003087284373,-0.2193579228028817,-0.1040295743388888,0.018630206150129985
0.001,-0.10165408914887894,0.08162683392910206,-0.07390262378575335,-0.1898214883973303,-0.2242589104260083,-0.008353051699748369
0.001,0.12816522809491615,-0.02543074534390122,-0.14460842605468838,0.039682080659128385,0.28132361243550236,-0.0015245372296232673
0.001,-0.1288609484907339,-0.030597231205911103,0.09676319523932075,0.04967382000227977,-0.32264484717206426,0.009207653634522635
0.001,0.07814275330302191,-0.11241193883801048,-0.11338943698709776,0.2564975602059552,0.1735881966496631,-0.005414248888043632
0.001,-0.06328025652086848,0.12187527182287829,0.07649219493209652,-0.25072563388472885,-0.13989527972104235,0.014857194059295035
0.001,-0.11200160836774521,-0.07989104452521743,-0.21142333363837867,0.1639868408750896,-0.2377629649075243,-0.021839919194521537
0.001,0.062269539450462444,-0.1241280334269398,-0.0476688785760768,0.2899705426752107,0.1480468360909966,0.026938240647017594
0.001,0.13736886644773466,0.024398113254690497,0.027585123109428768,0.021999493576243763,0.2670639455077769,0.0043473466112337765
0.001,0.005992921714897619,-0.1399314399047932,-0.029659829131765347,0.3258286860168645,0.0007778955021744798,-0.01630872946927605
0.001,-0.048946172141676354,0.13225682888145254,-0.1437358980919694,-0.1812200057335746,-0.10738837503004285,-0.011568311239592078
0.001,0.13860863343838775,-0.031668711120726625,-0.06606417112654377,0.05486515827225587,0.3155669675258935,0.0034603860430860883
0.001,-0.06884386263716548,0.12476018862441003,-0.09445725950548746,-0.2394694103007659,-0.17293772772118365,-0.013072362161721068
0.001,-0.1199713732933385,-0.07864428013543785,0.12499647798950747,0.18730019651422194,-0.29289756027786473,0.014325181010766717
0.001,0.14307475029881803,-0.013949248335348306,-0.019928084633317994,-0.01003482281831405,0.3013184873844977,0.01902085508311816
0.001,0.05437286421877447,0.13433149024749563,0.04706020335013075,-0.2848381834777934,0.15101734294443755,-0.012348048072154233
0.001,0.10851157152248647,-0.09896556052470358,0.03992458626617684,0.2835980583218087,0.2520673287969711,-0.012653442151001608
0.001,0.09772521739110931,0.11063516789184104,0.07213903243192714,-0.22214428134001948,0.20435953027367984,0.026572925624672002
0.001,0.10941160585441669,-0.10054838162695791,0.1280500503012428,0.25502502250509,0.18456438701945369,0.0015011066483597187
0.001,0.14955544019105732,-0.009568932455258194,0.016865767868211985,0.015314383446712956,0.28991743480125115,-0.013477117297530152
0.001,-0.1497711151713004,-0.007493698346985052,-0.012806860879306624,0.05802749763807809,-0.3113726972081314,0.00032947617741126297
0.001,0.10291593092647087,0.1100960994277478,0.06444415756537124,-0.22116342143926288,0.19759169324293363,0.00018959247060672165
0.001,0.1501634143236269,0.022822076724943692,0.1061047483050678,-0.06053783619399296,0.2538543995205118,0.01749194611160819
0.001,-0.0487599981058103,-0.14605556755988472,-0.16871247076589027,0.3354176187223173,-0.06363646541079732,-0.02473242774811177
0.001,-0.05166685607896884,-0.14762060778594507,0.09065582707579087,0.2900083685463572,-0.09435885004020998,-0.041820953761330534
0.001,-0.14596037012597174,0.057118108857936244,-0.14837579032807627,-0.0782622599431095,-0.35751243068820876,-0.02403643375288378
0.001,0.07454294153597252,0.13887489821699997,-0.029923572923933103,-0.3400047287872976,0.20227529815435477,-0.00018985744003624988
0.001,0.003948895233988401,-0.15782304447076567,0.11520515758400784,0.280667234339714,-0.015219951504635907,0.010100034775931011
0.001,0.15358015674173323,0.03682926114588232,-0.023279031266728548,-0.10264109244736744,0.33670103046594546,0.0023969140772870487
0.001,-0.1574785777177657,0.024102890958364924,0.008597548881419467,-0.04266629870848506,-0.32679990956424776,-0.008122806011514478
0.001,0.08161576273918354,0.13856407725651476,-0.1048677779204093,-0.2440734795297118,0.20335759379063745,0.005763389993692504
0.001,-0.15453500824145827,0.04756358987835665,-0.05522942152031251,-0.09076666486712584,-0.2889190162487858,0.0032727023885931092
0.001,-0.1603673006832764,0.027146819457528924,-0.16367538968888684,-0.09122080192834894,-0.2947928939502138,-0.003597996255212821
0.001,-0.03234638453600985,-0.1598909978297544,-0.050883214080218356,0.43845164103393475,-0.09473519115471571,-0.029216405615635738
0.001,-0.12637296427638936,-0.10524977603169916,0.03582711087996448,0.20574796042049665,-0.26703622836892404,0.02028632524115429
0.001,0.01740182950315022,-0.1635818762305595,0.0022171098041909366,0.3324887256983295,0.10678504636351281,-0.014109049003643395
0.001,-0.012788040357315743,-0.16662989345036705,0.005478642419014549,0.3910637957374068,-0.06029413081660186,0.0068058611801464445
0.001,0.08984321201284183,-0.14187991844164263,0.10203398142553949,0.22990632170608336,0.18008563144599773,-0.005491061385998477
0.001,-0.16896623876683617,-0.03170851898063291,-0.02285299989668063,0.07580069318683552,-0.3149392283518722,0.0005833135270310895
0.001,-0.035058064513874804,-0.17039440649286575,-0.016592587230407695,0.36483755217206526,-0.05818699903534229,-0.013258915329386917
0.001,-0.17426496611041428,0.0010740201331247813,0.06832654517451615,0.02178153789705286,-0.35687902408460087,0.01700545363296072
0.001,0.17628629976457702,-0.01732210243783183,0.08602318059006704,0.006039569344432817,0.3888591270996746,-0.0038619863985297005
0.001,-0.05759448129488098,-0.16804641827097672,-0.010719104678486519,0.32439189804693436,-0.12094715455222299,-0.019910031199938838
0.001,0.13000507536520298,0.12192811245129234,-0.22765671370347446,-0.25564793708176975,0.24834528850235735,-0.0010526164739115857
0.001,0.09314335582298222,-0.15219199388587687,-0.14746273560294465,0.3072225394365219,0.19205467172893423,-0.04859790075121792
0.001,0.12590156917914608,-0.12865568823459617,0.16865438109062322,0.2778102063870275,0.2651462453794476,0.028161722224097234
0.001,-0.050400397030732964,0.17366088851342693,0.02580647224292212,-0.35736555969722367,-0.12280013003491516,0.011257797672518284
0.001,0.03061901645071082,-0.1802786372718082,-0.08778813536009647,0.3647341391410907,0.04463570310980979,-0.014674561387256351
0.001,0.11153693045567345,-0.14495621999137862,0.08811020739303944,0.26336320117697126,0.2113105638001953,0.014412109723252386
0.001,0.12744436435841286,0.13149603075807673,0.13894135705112784,-0.25766875621649216,0.3468411381689327,0.0034738838319945038
0.001,0.180360940112879,-0.03638665078956677,0.03330205123011165,0.14667953036981257,0.32692007061981826,0.01118296323460629
0.001,-0.10130886353250525,0.15441924409895394,0.03000310242706494,-0.2704562575793023,-0.24219404579313153,0.011045044874036522
0.001,-0.06711722360939565,0.174875973123359,-0.07683156872908867,-0.32867942158604485,-0.10146697989512582,-0.024142296310795664
0.001,-0.1886403781305955,0.0162697143461785,0.05625577414440972,-0.05552959173508086,-0.3136793546533239,0.004163461034634171
0.001,0.15176633831468286,-0.11484519299994943,-0.046883119017217784,0.2309514461790896,0.24551388012721564,-0.021091184414220792
0.001,0.007345044695540451,0.19405422714232756,0.04631603032288412,-0.40421162889869694,0.06584129563328689,0.010261591452306783
0.001,0.19338835402453977,0.0374547297876628,-0.003670582352316207,-0.12827345634497514,0.4091474268695242,-0.016428913581695258
0.001,0.16981757055697094,0.10231977310267935,0.16592126413974617,-0.24613803417406138,0.37905180913624914,0.031332285109017054
0.001,0.12279132631756841,-0.1558419128043719,-0.11862626905686223,0.30107304450185485,0.23334565158072498,-0.006529985591128058
0.001,0.17258026527039216,0.09814251093591553,-0.07954990441614371,-0.2971225576037688,0.29755932173924404,0.017065279970174384
0.001,0.17837667709701538,-0.08738272705899858,0.08059499277913205,0.1340083789666995,0.4378948206410723,-0.022193989175971117
0.001,0.06357157664868533,-0.1910185377952329,-0.002756330500137953,0.4174584966748983,0.08087903973634741,0.012804577607406978
0.001,0.05502370626248388,-0.19500878919507744,0.09443624174578591,0.4106220129216187,0.10345604956013514,-0.0013804536394124208
0.001,-0.15355446657874514,-0.13657912106953674,0.0010308686005321367,0.3042820965876163,-0.24111885952233952,-0.01823926037977278
0.001,0.04253402576672629,-0.20138751769811383,-0.03841340915468375,0.38468776231284474,0.09173296259061631,-0.012841479105157863
0.001,-0.20638827362969264,-0.013796097089011718,0.1595705681606223,-0.0063921754835232734,-0.43907620333283165,0.010484837824676031
0.001,0.20702731532912313,-0.010575328440299233,0.0630318608451853,0.039588633441416554,0.4320364076732907,0.010014149843110326
0.001,0.14407176072828878,0.15191096388183734,0.0036541947844277744,-0.22841799169640953,0.34360111219436673,0.00842671265097726
0.001,0.19897877565597413,-0.07350682862184982,0.04757540499443393,0.09400301537724318,0.3748994696405924,0.00640378077400334
0.001,0.21049805057101692,0.04358013027613673,-0.007260290848835731,-0.05493786675485136,0.3745569877903193,-0.003963048710947479
0.001,-0.018345720879508653,-0.21725731709916604,-0.033206588944908765,0.38389040161717064,-0.0331451200069582,-0.0011529073537685842
0.001,-0.20927568143292488,-0.0639544851452448,0.011862984902444975,0.12736405913041537,-0.3569758490531962,-0.04252896195503534
0.001,0.10979377482209317,0.1915590213114911,-0.007223343610893666,-0.3746940985198538,0.23298134785442823,-0.0011741419711632365
0.001,-0.016830168687443012,-0.22019748962691088,0.0064953684648480295,0.3611052846256838,-0.016833136437253295,0.0028561952755515934
0.001,-0.03270404898259833,0.22013464517023656,0.05213489507449409,-0.42412494472224344,0.010752223447038405,0.016699026308953265
0.001,0.20597379834873547,-0.08496231770616798,0.13832852703958556,0.1589053303891048,0.3389324206616666,0.010797914705177708
0.001,-0.17817651969618115,0.13625491738622433,0.07521996734542538,-0.31381625768482607,-0.3092112414336971,0.04220632247192311
0.001,0.20954817416363697,0.08110903721873286,0.08823672670707225,-0.20568994343993563,0.3996108724810974,0.0021734118664774433
0.001,0.1659828773745253,-0.1588346929006274,-0.045741908662856406,0.21376449760736693,0.271362594786622,-0.023382498911083283
0.001,-0.1333213218106627,-0.18852223869897308,0.07341566220865714,0.3445818248778535,-0.22410646189601696,-0.019209090672198427
0.001,-0.023859349704376524,-0.23285751517889935,-0.012143498449691752,0.3633769068809384,-0.07529514074392801,0.03606987284694688
0.001,0.02825794916405048,-0.23258060456769988,-0.12869281408010352,0.3981176265054287,0.09449795684640999,-0.0013459317567080672
0.001,-0.22054050075102427,-0.08282660292203174,0.06163582746678116,0.15908871466422747,-0.4238257828982221,-0.01786101889814803
0.001,-0.2366396506069561,-0.003255598065981555,0.18552414907416692,0.013262225773443256,-0.3143756228318946,-0.006142831379211095
0.001,0.23792537458489393,-0.019329267845680256,-0.05510139594695223,0.07114801464868765,0.410295671949381,-0.0011375881732048343
0.001,-0.22835659063823416,-0.07068455604480649,0.0529080005697152,0.11557258208811184,-0.44549769802321776,-0.006453480250911193
0.001,0.1738816075547446,-0.16913881308200163,0.01094795625711166,0.34444228128000953,0.3461982281500766,-0.03771211343845291
0.001,-0.07039404321902956,-0.23389243646239696,-0.10457536733589679,0.4409696286805784,-0.0009958788023179954,0.017732829323642382
0.001,0.005153528871482279,-0.24434963114218639,-0.07144118714443197,0.47671667182341354,0.04339604807562876,-0.021419796814379142
0.001,0.07870294298059481,0.2334467365406173,-0.06640943280979804,-0.4424588345785718,0.10233580345270976,0.02476217244284326
0.001,0.2448766352172521,-0.03974118380080402,-0.02354760289185119,0.003863695423913807,0.46754358268570234,0.024690769924647006
0.001,-0.23838314577341876,-0.07323165402528953,-0.09403206211083319,0.12616488021961,-0.36737840874903144,-0.007857424556419334
0.001,-0.22699366736416304,-0.1043267655068825,-0.003019973919150802,0.2033477346551581,-0.43078735389485845,0.009337313203908145
0.001,-0.2500275113438705,0.01700983295216493,0.10359316470742166,-0.03090567006900918,-0.4510702012843333,0.02302802932946625
0.001,0.024302735149882286,-0.2521444088442765,-0.060030825192877425,0.49173607962636695,0.03445830543050217,0.03304355385808592
0.001,0.09033342625397091,-0.23929286754155718,0.002079771327054408,0.4310814211316568,0.177147157970418,0.017845341507057393
0.001,-0.2261995509895631,-0.1237773545503014,-0.16283625349450884,0.2441780391868942,-0.37431744385789384,0.004734937084236741
0.001,-0.2581094407711125,-0.000802862666697885,-0.0712690063067421,0.009035310782483551,-0.3979724729997076,0.011700941712368396
0.001,0.050246066859007496,-0.25317477022138574,-0.1939414278277187,0.3809204053745409,0.03608583470172263,0.006408278414146173
0.001,0.15899657732710215,-0.20552097468474137,0.07869473596517228,0.3748193257043128,0.3203961910770746,-0.013394022414246289
0.001,-0.25111424699113144,0.06813589075655421,-0.06583862844075172,-0.19819083545742644,-0.4600752863078695,0.007314491849320206
0.001,-0.19139162061911572,-0.18313674053355455,0.03894472346514103,0.30762816362849904,-0.3016969094867431,0.03227076493202186
0.001,-0.0050940244341222424,-0.267528381206641,0.20322736417570045,0.5079944243374679,0.011137232040119653,-0.015927817403967297
0.001,-0.19286926118108833,0.1874240323099231,0.05657061999135661,-0.3809131552145184,-0.413562087422976,0.0013322100786469788
0.001,0.13264690640423007,-0.233968130525325,-0.022298892206801774,0.414827697306521,0.2904427232378722,-0.029104085620605038
0.001,-0.11871507186179392,-0.24206438495485189,0.059905540272894325,0.3609315327700623,-0.1756045515205205,0.01097936674739755
0.001,0.21214044856730224,-0.1678766504586613,-0.18672462474814594,0.37340110821789674,0.4511222361100648,0.0063097657933063565
0.001,0.12837067547400555,0.2385744598391338,0.10139906108954332,-0.43606392005017275,0.19973528916997654,-0.02470000623931794
0.001,0.10791355391666352,-0.25049455495357126,0.04280132095487965,0.43305856771692675,0.23760979291170398,-0.032435052298598804
0.001,0.041095141647633116,-0.2698138440237048,-0.05329373228606348,0.5045915661773966,0.02142209119894773,0.0009170454726334854
0.001,-0.05541051345698602,0.2676953768431142,-0.057520241515426056,-0.48461552305367217,-0.11350450261599229,0.022584237993381176
0.001,-0.08223682991141845,0.2613061013749563,0.025772008297074413,-0.5225761574549512,-0.17410984209919045,0.0394247246669866
0.001,-0.19719332930612735,0.19049035711973736,0.005024606298752797,-0.34504793088967695,-0.3040600456143187,0.02863327467157154
0.001,-0.11339681840293188,-0.2531395655957188,-0.07535779104309606,0.4412724547834086,-0.24945307388150195,-0.016836944071829542
0.001,0.18358668043063503,-0.2091829748564378,-0.0204611963325445,0.3176211158104717,0.3182034801810449,-0.04758439939303624
0.001,0.2551825564057353,-0.11294522586217508,0.011998330381693232,0.17821050440762776,0.48866245052412666,-0.011224491209711276
0.001,-0.16326664461566393,0.22673017789484637,0.01306738922426301,-0.3270045553299361,-0.316694336076198,-0.024257745584157362
0.001,-0.04005482315966364,0.28220375466633546,0.13832289932842567,-0.5327588759408114,-0.07142547066753326,0.03723796417580653
0.001,0.07448992594235977,0.27530907862482834,0.07466191196717482,-0.5232827862372014,0.12110050600301665,0.017217462957862008
0.001,0.22937570026590454,-0.17169011263056,0.07887540959187322,0.32236447876647084,0.38133128660381,0.006679209054921107
0.001,0.06440580601427968,0.285036224409377,-0.10076605744608128,-0.43186326572075934,0.08756198719786709,0.022469829101902813
0.001,0.09425622601182422,-0.2780588533344083,-0.15396023904720657,0.43435036316184855,0.16561655575422893,0.007027395421965545
0.001,0.11244967583260734,0.2713686727596218,-0.05406150677549934,-0.4522714341054109,0.23042838814279623,0.021819383613787203
0.001,-0.21377932753902487,-0.2031698886080008,0.19084967294017582,0.30483366099474163,-0.3840056894419664,-0.013303241956519283
0.001,0.10202449202786709,-0.27801748497973566,-0.04421325359599822,0.42943789191872966,0.17177157915626648,-0.019282801339540703
0.001,0.2598454125413234,-0.14242750466618603,-0.008661221545196706,0.1701123476998092,0.4810781728113436,0.007179255496817765
0.001,0.23660943689234903,0.18082362084610085,0.07797943408515712,-0.2892722434270095,0.32888526009269525,-0.00333046130068635
0.001,-0.23810061015448053,-0.17889939397143645,0.12341082206624908,0.21532272136030073,-0.40195575695605096,-0.01443670472361578
0.001,-0.2529825574824043,0.15726300828952866,0.10324341411821109,-0.20291656571523775,-0.46059905734381956,-0.01937076369561359
0.001,0.2549390076787141,-0.15513433770294913,-0.019594582930278607,0.2956509152491118,0.4465485225683781,0.035874409099909285
0.001,0.04374729631329305,-0.3019214824809666,0.04195979177370601,0.6281243950874553,0.07380175194905676,-0.03207558191897606
0.001,0.02095198888092659,0.30437511113711324,0.12296181199045826,-0.5017739996254662,0.06297545515104966,-0.05384301320241961
0.001,-0.20703818173896185,-0.22529914079006821,0.15575751304732988,0.36916850752714203,-0.38424649588674054,-0.054860873427134624
0.001,-0.0405500432894977,-0.30399545207201495,0.03206433568560051,0.5647154068821697,-0.012105498611117094,0.03550491822952949
0.001,-0.1573347556534035,-0.2655752633321604,-0.03473062747231067,0.4206216006317866,-0.2660237826801674,0.014385404088459576
0.001,-0.20039131676298075,-0.23505713995314434,-0.14293773099630744,0.3822939640757249,-0.40085505271894156,0.03580899363007391
0.001,-0.29035442945365375,-0.11396284227692405,-0.11945596286129573,0.192946458359516,-0.5558923849903388,-0.0029628805152273384
0.001,-0.028205299649638065,0.31365783590815616,-0.19279627516942943,-0.4895747135723979,0.03557450681546611,0.0069956013599091335
0.001,0.2794533054805216,-0.14829903992349905,0.021113542816419632,0.26325920815544623,0.4315838403351285,0.0002940501785425084
0.001,0.15021459386461086,-0.27912329945601355,-0.08544466871476672,0.4754641940459525,0.1610752823507498,0.04963454123735992
0.001,-0.17560428061304642,0.2674052371332996,0.04430920763726259,-0.3688652969033015,-0.23759765402008876,0.0006009503391947578
0.001,0.07697173868076047,0.31370701915825194,0.033147834710230535,-0.5276761368058139,0.11109847854660058,0.008615470471694088
0.001,0.11261273433732613,-0.3038839370584185,0.1548957302230648,0.4465487416837066,0.1642151645555074,0.05414404694505412
0.001,0.30616353922677986,-0.11102839394191617,-0.00960863306440888,0.1787967083036023,0.4102619958268926,0.023547853682191335
0.001,-0.21321012025128322,0.24717393463590728,0.025396419172571134,-0.36194502299870546,-0.26204242525773963,-0.005959539541150181
0.001,-0.32544383924487646,-0.037520164072021925,-0.09328804456876383,0.07938109328606671,-0.6671864042334377,-0.009219699855954574
0.001,0.2855928318828192,0.1613435019401029,-0.08142866991202943,-0.10385770323095272,0.4959408331774176,-0.013222784144032723
0.001,0.3020806194518389,-0.12933297823131618,0.08285653658096549,0.2248152396894295,0.5027507381838807,-0.004861507149005958
0.001,0.07654846046311381,0.32522003309742,-0.08338093590165174,-0.43547852475491444,0.12637692248753657,-0.0045122518225214105
0.001,-0.05574539377120273,0.3297931694184467,-0.02592056897279827,-0.5129329484587891,-0.206495097964405,0.006788958578051487
0.001,-0.32384071208293874,0.08572967851487832,-0.03874209886197611,-0.167530572117843,-0.5319621775772639,0.003067187227482314
0.001,-0.3316438328983551,0.05191379233492318,-0.10106733125880857,-0.08986143206488462,-0.48877298848226186,-0.037093258180317286
0.001,-0.15654771921630095,0.2977440433554438,-0.013328663514764527,-0.4924206190817577,-0.2294446107996308,-0.0024004750904812115
0.001,-0.20977437539162871,-0.26789960927408707,-0.017933495727718192,0.4287786158331613,-0.29422904189205157,-0.02304489405047378
0.001,0.1764338463283197,0.2931583776946842,-0.08977616808431187,-0.36247553693448276,0.24927242334225466,-0.008927189639706583
0.001,-0.2714095490726534,-0.21019023785896912,-0.06635657286421952,0.32629513210866723,-0.47073039636433095,-0.007138669091104145
0.001,0.30936911185120514,0.15108866006890517,0.005342740497540687,-0.23682165969403296,0.5842829340162428,0.06593646250636087
0.001,0.2954880075809659,0.17672724352644603,-0.0076926284333688815,-0.23417753869437666,0.39320203646286034,-0.0451189511414109
0.001,0.11576118724548229,0.3243959982077778,0.12667354362075567,-0.5295493240102891,0.16636563376654218,0.015902842855619367
0.001,0.12242464824835093,0.32293767691258235,-0.03589088891729936,-0.4340227066742066,0.26496553210600404,0.015332061627066898
0.001,-0.15407134567523406,0.3098880207573026,0.11603664583128159,-0.5356338716846506,-0.1777096463645536,0.022384492947034162
0.001,0.15136966022582937,-0.3129934067576278,-0.08630901067825475,0.5226037829423746,0.2743849878765942,-0.0236087110799696
0.001,-0.19653965230586962,-0.2893108050042305,-0.09326333716383672,0.3968103583449431,-0.24571633887214253,0.023810665261937904
0.001,0.04165759070859632,0.3472817429182936,0.02260621271901551,-0.526712990265462,0.12282449312456596,-0.016989478153150734
0.001,-0.34563225895542826,-0.05934299100042562,-0.03738301496178594,0.1344662112588125,-0.5892369713447415,0.039980984058745464
0.001,-0.3511087757655294,-0.0058843476321473335,-0.19092374646875163,0.1309367634888351,-0.43128348663662747,0.05798679178805837
0.001,-0.023474857561297947,-0.35249066691170267,-0.009889989311377472,0.5687997231062691,-0.040587739058212904,0.06533421098114826
0.001,0.13795233049703148,0.32605608532352776,0.07337417247143177,-0.4934164442385345,0.2563250240122172,0.027553720396696693
0.001,-0.08596465216583452,-0.34386780489311836,-0.11426309912087494,0.5004089353317897,-0.180703746951344,-0.017255103890060762
0.001,0.33107951230839444,0.12977543674865552,-0.06814790162788951,-0.19039836338993724,0.4797203114473774,-0.04800649354655722
0.001,-0.3008052450712178,0.19286089746421178,0.0029643034829304627,-0.360947847293244,-0.5470927671550921,-0.01687331925195956
0.001,-0.17990151870106935,-0.31188469764048754,-0.07687865687683729,0.45305129545146583,-0.29591971113529403,0.012219041907941566
0.001,0.14394869735380741,0.3303984067151504,-0.12601983199197084,-0.4492681307162658,0.11907929739906745,-0.026347637107523542
0.001,0.24501379694173656,-0.26682689120053577,0.08936425932565369,0.3931902448273796,0.43905123294702497,-0.029816602677029434
0.001,0.34499453246260525,-0.11227780342301695,0.20004941829205247,0.26010525406928353,0.53185102586879,-0.0011328010517915779
0.001,0.2990028494128006,-0.2073139355124272,0.08266652793721217,0.28177608507654667,0.4789666136719131,-0.00407299333596714
0.001,-0.31000046111173535,0.19374139994636355,-0.08247219012240847,-0.2890898087562328,-0.5226123057487287,0.017779204603113136
0.001,0.3063180461561417,0.20390699881865465,0.11449062873527067,-0.3410970909816677,0.417537748894268,-0.003629500200862074
0.001,-0.2906620279691,0.2284745836456841,0.025578177413303562,-0.2826543228405554,-0.4487095237248451,0.030934735539344567
0.001,0.18894874807369585,-0.3214461776054337,-0.028291946037535216,0.5064124416537205,0.231072893355508,0.007942824257401927
0.001,0.09975548715137898,0.3595999871323514,-0.034121938737472025,-0.3951578445989259,0.14532420790288783,0.024814162235852283
0.001,-0.15492380884742432,-0.34102384655316753,-0.03251151762210753,0.48174734316781687,-0.3358308783395356,0.08162517471924954
0.001,-0.1356853560925248,0.355712209594425,0.07735330362229778,-0.565890338236123,-0.2311158885717809,-0.03140117595859021
0.001,-0.32877385639035944,-0.19378031812763127,0.011728023138759324,0.2866246140874391,-0.4721726271270211,0.01255685782526644
0.001,-0.21305121329960547,0.3182412487282561,0.12249593775953889,-0.42549182595862284,-0.4481720201847489,0.006010273099750003
0.001,0.13092980351976866,-0.36348752210979735,-0.0010364119539255892,0.5208517789720346,0.2970977842942646,0.04464661297778624
0.001,-0.13690993301379217,0.36466113509245507,-0.1652246192604897,-0.6090152983490034,-0.2668613184874127,-0.00943135999628774
0.001,0.1361021959571918,-0.3669590475399255,0.10438496272551726,0.5369733558969105,0.1300141712031347,0.01367161226102123
0.001,0.2852034845090495,0.26848113975901017,-0.031041709673273073,-0.4728714732759116,0.5508184304080733,0.0306608903839001
0.001,0.0038793397796159494,-0.3950642013847705,-0.09226588507907782,0.6164004351129382,-0.010979239130239467,0.029135091272164147
0.001,0.07976565898841302,0.38780361597344987,0.12596725386475582,-0.4754996537595044,0.03460427705350108,0.029209385840052737
0.001,-0.3951321354226335,-0.03647889590807623,0.1644474061592011,0.08996067113916223,-0.5911227820005863,-0.02746698107707174
0.001,-0.2850170978396456,0.2773961722520191,-0.12104975827847875,-0.3651815306029843,-0.3771184691511749,-0.019290340849921102
0.001,0.15574731281557894,0.36606342829143873,0.07772907457455518,-0.5496663965033302,0.1959377648017092,-0.05090720612390689
0.001,0.3184978666777653,0.2409281598192742,-0.07925058773178091,-0.41579099139916936,0.4352837215645488,-0.03553890246007511
0.001,0.14090909486325723,-0.37529532342357064,-0.1389286872079897,0.5665904224146218,0.19255583017661085,0.03045821891156205
0.001,-0.13460684781038096,0.3777208387655845,-0.18393192815167184,-0.5740822524265549,-0.026075581764831907,-0.0019823783852275525
0.001,-0.4013735664711632,-0.006501882343510138,-0.04832099730246946,0.021050283744954726,-0.6382562024020041,-0.0014192153198156522
0.001,-0.2942712071014276,0.27388876731031053,0.014585218952936366,-0.3779892248069678,-0.4719405580927701,0.037497838775947985
0.001,0.3638333642936778,0.17591726810015573,0.07185541416599543,-0.2675457144049656,0.5097978051060945,-0.06830110071803741
0.001,-0.25825849719783556,0.31254415766959853,0.00946209856995454,-0.4375730976679422,-0.3661139551894144,0.02466781170989094
0.001,0.4117840060970376,0.04675672019421758,0.014561051087257179,-0.042809644285830326,0.6735694771881255,-0.007482210994848314
0.001,0.36154194191014427,-0.20493808434963479,0.28760556416630445,0.19424812019671645,0.5008540392515058,0.042559074617034814
0.001,-0.307873807599001,-0.2830575785750358,0.11727756252003839,0.3067855187781964,-0.3494114140081435,0.012410533063940746
0.001,-0.03882896697670685,-0.4173155291711712,0.015475118724017474,0.623745461711054,-0.032511009204122324,0.02263026812600555
0.001,-0.40790878297142136,0.10717164292900053,-0.10778358453876968,-0.11977592123405666,-0.6301784242520834,-0.029827150065912418
0.001,-0.41236168215105584,-0.09875311362020113,0.0018833025996077555,0.09060229363291558,-0.5924762232621744,-0.052735854140874124
0.001,0.22390538228202334,0.36495907263051447,0.22094637181452828,-0.5542257630713945,0.358338677063132,0.03569012728073316
0.001,-0.29180428720747736,0.31481680275970686,-0.0899269343545723,-0.6288442741223681,-0.4544646051171598,0.06590743304008014
0.001,0.3575628127739444,0.24714577184650435,-0.11811211844446819,-0.3351545964696951,0.45594557440583944,0.0019861936980842595
0.001,-0.17577224554428889,-0.39915761658232357,-0.12314073639994932,0.4826963605292919,-0.2735245267295443,0.021764649591333767
0.001,-0.01673245285142266,0.4371775555134793,0.017690144672999834,-0.5705790674435968,-0.027751735086173415,-0.017074725998707584
0.001,0.37418898281898205,0.22980800411572677,-0.10125901903189789,-0.2877637278204323,0.4471679204918335,-0.009383499489762881
0.001,-0.3470283086461076,-0.27002732206880153,-0.15753267970025414,0.3460557126257826,-0.5515294880134884,-0.04401083291561015
0.001,0.08044257440277434,0.4351281539054245,-0.2327535080785438,-0.6346008360233812,0.19903400514783068,0.02079934266878829
0.001,-0.36196684111333766,0.26262420381343216,-0.1370773526267118,-0.3520321126859007,-0.3844323717754201,0.009719446384915502
0.001,-0.42305251172780395,0.14921904599996522,-0.023410362623984562,-0.21159949665153105,-0.5675748482311579,0.08251628765674808
0.001,0.38768245767153986,0.22963365997232257,-0.04071065960993511,-0.3357024437933123,0.5819219444461544,0.009038467799693677
0.001,0.09421772819795607,0.4442226481564822,0.23339646469086373,-0.6332228892429023,0.06707421372512296,-0.04252393160751918
0.001,-0.024167887106116937,-0.4542147838017286,-0.11331621710549117,0.5730687917279377,-0.08349612562721571,-0.04838137390431866
0.001,0.29109857261783445,-0.35215267929490857,-0.13926458221992177,0.6141017507905568,0.43995427760173234,-0.023614144530754368
0.001,0.31341860626436724,0.3342731441380648,0.18330118594208658,-0.47749180240746003,0.431275996814793,0.005553674343339114
0.001,0.039737420106210584,-0.45873949166830097,-0.13124339106759894,0.5815012559555005,-0.02071962110812088,-0.06251258474217607
0.001,-0.20304390439066072,0.41346975340464254,0.0373856950463871,-0.5744897759414457,-0.2424256941183671,0.02287839981528085
0.001,-0.4392769636769238,-0.15439160380411251,0.04820179866413581,0.1683576738014963,-0.5871925858085372,-0.02201724142359081
0.001,0.23328477948905607,-0.40596789147911466,0.04917581747305848,0.5095836150321048,0.26223412147711456,0.003967707406830155
0.001,-0.2896133894887993,0.3711155284000821,-0.06606130305229814,-0.49344190625778533,-0.37214347197984465,-0.060083935003979023
0.001,0.42026778058153147,0.2177924307537031,-0.19134273699543553,-0.16347704761919996,0.5874365169516258,0.025216292951992382
0.001,-0.47486494571429644,0.01248990184282877,0.031919242486598345,-0.027722220438678273,-0.5758597616877077,-0.018771826912391806
0.001,0.406577032636877,-0.24681025432114037,-0.05583705633330621,0.3307784132253011,0.4606614814560233,0.008670360770619834
0.001,0.33182100990995783,-0.342111609103202,-0.007782824970009543,0.44172002790862347,0.42345439652048517,-0.01237786711185423
0.001,-0.2516333414420653,0.4062380086761737,0.11937461673552081,-0.5352237525475757,-0.5023695245518127,0.03258239553694404
0.001,-0.40688171645384186,-0.2538396317345489,0.05442276501945351,0.2715124346179691,-0.4143314078688503,-0.014847926587967806
0.001,0.016741560416603005,-0.48438277811398295,-0.016169639088610056,0.8187941755342187,-0.007874726201417246,0.018800664997157483
0.001,-0.12311803886394353,-0.4707763577395808,-0.11190154100119845,0.6151543883627386,-0.061850231625351526,-0.015252254688976508
0.001,0.3836943426644701,0.31086787088212936,0.007040105462592547,-0.33419155765573516,0.41779001113340625,-0.026192579295236666
0.001,-0.050561317837739955,0.492415081639504,-0.017113686817579358,-0.6613995774486868,-0.11221692349510692,-0.001442368937662456
0.001,0.3765334558499312,-0.3255033902471912,0.060062971474737784,0.490428268261856,0.5573727319624573,0.014691840583272421
0.001,-0.48112789194905237,-0.1343598093040806,-0.1329644066906086,0.09045507436160453,-0.6637087465601303,-0.01957883971995645
0.001,0.1136002487486691,0.4882656449841567,0.13283027093262156,-0.5856227308588093,0.23565580549760817,0.007104282165918694
0.001,0.4737905589743548,-0.16672572335013855,0.039064352058709895,0.2594511410128613,0.5695443595174238,-0.007322418022920164
0.001,0.47510135025228406,0.16389351432468982,-0.2399257517543777,-0.23478468644534486,0.5451200866409293,-0.04587387363258819
0.001,-0.47157437419814335,-0.179136938579784,0.19278082466084537,0.25397909167684385,-0.5430654456334953,-0.035053247283280825
0.001,0.15092910590742037,0.484157561565048,-0.006210966541178945,-0.4683127341091311,0.14476761539518118,0.03693170188352334
0.001,0.44092636101970445,-0.252193734511382,0.15008840962896192,0.4076249610447419,0.40517938298177925,0.03336532809091687
0.001,0.01595778614829854,0.510086353725578,0.013440414797772589,-0.6149680946660165,0.03572499462866652,-0.014580019477519997
0.001,0.4348129289998109,-0.2673406613682017,0.09082601790385197,0.3292171510080851,0.5949104242492145,-0.03675259176493151
0.001,0.4506953771294483,0.24028065170830984,-0.03483929336144966,-0.3085460532312136,0.584548985499115,-0.0349661264387789
0.001,0.43859701289289166,-0.264709491553677,-0.014423051550725895,0.3183575697744209,0.3980384286590124,0.017583601517568555
0.001,-0.5034228435782612,0.09633543834224212,-0.16293777443281365,-0.11226097903511936,-0.6160481911319851,0.011842929930417946
0.001,-0.3543913847960473,0.37296563124174603,0.11037961745509857,-0.4183959481920846,-0.4612820842330705,0.00503358818452946
0.001,-0.24664824702032248,0.4535646128348625,0.11838154677710928,-0.4720017716442447,-0.2314248336608637,-0.055350236811173785
0.001,-0.45143403709324303,-0.25603822124124337,0.053061241688231654,0.35863378211637054,-0.4371291520658505,-0.01516892243067366
0.001,0.2410252426279295,0.4631089343536822,0.006134564062801148,-0.5298496662409271,0.2857451954570664,0.017969933121377873
0.001,-0.4945001160356213,-0.1735923592120869,-0.06458251008882906,0.1923297993913559,-0.57140626190742,0.028312712222775052
0.001,0.47985198017959063,0.21251551158457974,-0.06933936056368104,-0.34278362873432755,0.5508064059693843,0.04834128596641852
0.001,-0.022630174294690247,-0.5249270194615211,-0.06279091194046728,0.5731680661144544,0.12086342123019378,0.04032444560122312
0.001,-0.17745457996969724,0.4957586881237186,0.19408943563207728,-0.63349998765631,-0.23159939864060766,-0.017752801668758037
0.001,0.5299504075522855,0.015878887763746755,0.13820668680409728,-0.029466877462114297,0.5913056580507914,0.024375489015465733
0.001,-0.3512725036038497,0.39993738750663954,-0.020319642392421094,-0.4916712622504895,-0.4614320016975201,0.00222007622917502
0.001,-0.007909031049010527,0.5363931462806848,-0.04886034321445435,-0.5794850267877474,-0.09682432933322227,-0.01704367734623822
0.001,0.3844080846644136,0.3747960928756007,0.04546039783102588,-0.44210876339369215,0.465920005955109,0.009880626413854213
0.001,-0.3816469216392255,-0.37986532338044526,0.05127370658618261,0.5045049259983236,-0.3078698611651336,0.05032568432881729
0.001,0.47212861790337807,-0.26073009586355356,-0.0040845400030280225,0.28016257644701165,0.6969599333242357,-0.00877972446251556
0.001,-0.16569694318813255,0.51648737937879,-0.08085183301313294,-0.5868459057398528,-0.14730258659684137,-0.036612613309281124
0.001,-0.532352599940389,-0.11480968639878657,-0.13385531780134893,0.16306071322924948,-0.6643765788006943,0.018745035436226253
0.001,0.16048740749773435,-0.5224724277714328,0.2140674264073854,0.5590558160001717,0.21127628102668924,0.022129530522168768
0.001,0.1229777126015733,-0.5351166941766254,-0.028425382622294354,0.6337567836019127,0.12306857394173108,0.028094707623011587
0.001,-0.5279806530268921,0.15178596322723625,0.05899009707645302,-0.11193993005171411,-0.5675199192144047,-0.024591549643143397
0.001,-0.38177064450699716,-0.3956787487114128,0.02728442999473813,0.4752915219484672,-0.46538883808408793,0.000768546141530809
0.001,0.14243738373924583,-0.5316196547602163,-0.187845355309315,0.6358319916020402,0.09511308878723729,0.012902823406052548
0.001,0.5248040769260337,0.17954881427241354,0.10452499564312119,-0.2698612430349385,0.6378072820812138,0.038267851512521205
0.001,0.5548265483535887,-0.0471694558565692,-0.05386850964135689,0.03590292945232935,0.7742393799982402,0.0265069740356923
0.001,0.5605976694096166,-0.00012044143188930886,0.0366501046449423,0.03796360566060861,0.6179012043088817,0.0011013986999822158
0.001,-0.4649741504303278,-0.31385131684883305,-0.015528731574110891,0.2964827449544841,-0.5474506821016697,0.033806402265086584
0.001,0.4366843311375999,-0.3569817998813134,-0.11180702233046236,0.34117765526194704,0.5251223539723984,-0.02157021992992033
0.001,-0.22671467461882985,-0.5202250818028025,-0.09760523953951616,0.4867851738297083,-0.27010091521302676,0.023338265682317835
0.001,0.0010578398328630586,-0.5704209127298648,0.13203810059821805,0.6759883601991613,0.03957188378177664,-0.017949154972889132
0.001,-0.1783123729498911,0.5419088714792492,-0.016718076163092625,-0.6763066110947028,-0.1228638537629787,0.03789868324070484
0.001,0.34304604538614897,0.45766905900157256,-0.04634181067941646,-0.5080921895267679,0.515105349966387,-0.006764280010295284
0.001,-0.3689896792650508,-0.4381864420793709,-0.038762863989945294,0.498775308490195,-0.27948304074225855,0.003528228621152509
0.001,0.42357696645566595,-0.3877755126997645,0.05970415918172796,0.4030637257752758,0.40928958515579245,-0.006122486025244783
0.001,0.4020289192106299,-0.4126846101869976,-0.028581608391396014,0.48621643276433407,0.43546229075269477,0.024657491990927077
0.001,0.5751082318950382,0.040357764285742906,0.08805850035193016,0.024976743150778122,0.5405018736695821,-0.031816751190918986
0.001,0.1287361531690903,0.5634339660304137,0.12433192778220688,-0.6838251981757809,0.09653998860822902,0.06462190075475994
0.001,-0.4879307163921941,-0.3100318429406012,0.08649820280107863,0.24277351844197906,-0.49899889295844846,0.00026802154318020753
0.001,-0.1538825471918463,0.5586102926711111,0.021334686877115146,-0.7100676202919801,-0.13448778017785978,0.011912095086226617
0.001,-0.1319207489524515,-0.5657662705436547,-0.185051743016765,0.5218727111249138,-0.07872451989412745,0.016883597510846175
0.001,0.23889880283570478,-0.5303524649789073,0.029082193514039595,0.6400047512751629,0.19904408977377425,-0.023179563086617186
0.001,-0.5048985682927679,-0.2906249739465065,0.016670522717467228,0.48649033280131165,-0.6443429574866955,-0.010567449678786912
0.001,-0.5374614288417725,0.22508739340688635,0.023384536071453507,-0.29318706243535353,-0.6369006841911146,0.0726813099519845
0.001,-0.5710461211235908,0.12028164269200828,-0.06594428080104314,-0.2471410046930988,-0.5435530269996361,-0.0476352819702768
0.001,0.10523823810416714,-0.5749412570495285,-0.023175931844288514,0.5473486733744805,0.14673144624069295,0.044647515851396265
0.001,0.3230749784835936,-0.49152790442787214,-0.049349161620552806,0.5279538130061364,0.33657258812829555,0.011101969580428639
0.001,0.5187108568305542,-0.28416832249620927,0.09323021765785483,0.3401270939840239,0.5281347554463212,-0.0058387081577466375
0.001,-0.5569376417570849,-0.20077573946139832,-0.1272870104788944,0.2651929021310049,-0.7040933127073168,0.009203260022960218
0.001,0.5277123733231698,0.27179168850678553,0.19162240169155942,-0.42888755780075094,0.5436079627900998,-0.031657325099521
0.001,-0.0901013590650731,0.5873640647011587,0.09071490448214296,-0.5691878318977901,0.01579445136930313,-0.018432843867334285
0.001,0.3233216264541683,0.5008029529274713,0.035813656267583704,-0.47147787937986196,0.3019800589095536,0.03994019839190127
0.001,0.22755446884333114,-0.5510646083934557,0.014707312801591113,0.7359735126112685,0.26268880451830157,-0.03972936154877736
0.001,0.02039867286729444,0.5987705970759143,0.12581099412255523,-0.6633146372816332,-0.01107037430572979,-0.0016443351944957305
0.001,0.3505613480883042,0.4877104057274096,0.009064280854049962,-0.5475742717341021,0.4265322655693738,0.03174591998565448
0.001,0.4857131413294828,0.3551287907989344,-0.04493154749526833,-0.2983875698744921,0.5873214559227666,0.04691953861387056
0.001,0.028667355365189634,-0.6029990458016543,0.038671634102682116,0.6503251613097791,0.13118906762674928,0.024121605962579114
0.001,0.6057787531537766,-0.07841254391837339,-0.05490166042923934,0.13589340844905298,0.6552863251401482,0.00500121677066543
0.001,-0.5752130646852474,0.21332668716936104,0.1931533093361394,-0.3702182813958854,-0.6553785186247189,-0.04873328079481631
0.001,0.3725407504791903,-0.4882927154029296,0.009175007978321723,0.5573599615410284,0.42477788822942336,0.02325556706826967
0.001,0.48758416727005893,0.37444969767017977,-0.05911824366046382,-0.4027627249921692,0.47127220276904946,-0.0150635465975072
0.001,0.2934976103843268,0.5416500427595548,-0.13299380239202285,-0.5114815740539111,0.21861269613521545,-0.0005470540929561566
0.001,0.5746978379682761,-0.23189866775431658,0.11252604162254361,0.3211099875883517,0.632889688255152,-0.0682339179480636
0.001,0.09694586415567155,0.6122962294849614,-0.042289513896375704,-0.6761938912450498,0.12622547033041148,-0.08057734544888362
0.001,0.3689464920504708,-0.5003797423810046,-0.018752350353767155,0.4199504796974841,0.4176183647499574,-0.022151846557676852
0.001,0.2861797731207931,0.5568723775609089,0.021097981408723585,-0.5466907045007444,0.23023941062541184,-0.02414012436031062
0.001,0.06680589977022125,0.6271224076515951,0.07839003701981934,-0.6454620699784592,0.03312505353969005,-0.0018021065416581935
0.001,-0.24668783005008188,0.5845330694416514,0.16836108569118322,-0.640045343564505,-0.17993282470834449,-0.011127088496107681
0.001,0.3959374439881114,-0.4969555806824825,-0.005554890883719503,0.509603918507684,0.4523101268611431,-0.043337344963522755
0.001,-0.013877589318402361,0.6355416623626696,-0.01966608677134437,-0.624495687414403,0.01207036448472003,-0.07641568172601464
0.001,0.46465280154421235,-0.43398000682671667,0.03558316293653865,0.5350945906884493,0.5464683581209651,0.029997658228010773
0.001,-0.5872572072025612,0.2575134122150622,-0.08497246225335799,-0.3297814915427291,-0.713421846817536,0.02164868188316287
0.001,-0.6073568120297476,-0.20620891821431692,-0.020572087924051293,0.051534162904056824,-0.5926861092284615,0.009347648938919047
0.001,-0.5822998826393481,-0.2751123844706316,0.07339817459907848,0.13957972613228112,-0.6854504845021295,-0.018270469829488097
0.001,-0.642500893486567,0.0563868257646772,-0.09488319684799257,0.08750046325762234,-0.6466078955297937,0.007482137816579651
0.001,-0.15643969539801916,0.6271527389967441,0.06656462391524857,-0.6153803622443984,-0.018917306121865873,-0.006629124576561537
0.001,0.6045445919376131,0.23513298657354145,0.0017325934105907757,-0.2952171044966779,0.6295706244379377,0.001693018014047028
0.001,-0.37930112247152725,-0.5288602218479554,0.014201880353270217,0.5626938250265655,-0.32473293761769456,0.04448642801780816
0.001,-0.39251224658243583,-0.5203721506638594,0.30796310539829175,0.584513099033958,-0.2982825690100519,-0.060236005720498295
0.001,0.2929137440030863,0.585080972533411,-0.10133027479776112,-0.6133735456085655,0.27745231358838723,-0.027120859735856755
0.001,-0.6496629034004661,0.10774970774165456,0.021544222518507253,-0.1766478113131328,-0.5828885470668131,0.04349493570114386
0.001,-0.5319439045614015,0.38935084453141183,-0.0394031300589046,-0.36107727506010356,-0.5415845816029832,-0.042632184991789265
0.001,-0.6039322327022741,0.27319194445056455,0.0869449598159274,-0.26650687375930215,-0.7401200745308262,-0.0216148484402372
0.001,0.11030052993401408,-0.6551454244676287,-0.20440415906259268,0.7095643418378276,0.07871569240736218,-0.016685349837660655
0.001,0.6644906613923186,0.021718738802768815,0.037062327707199916,-0.07423026059116992,0.6370695422940944,0.02241350612492132
0.001,0.635138045967846,-0.20226711803560157,-0.15650687154933046,0.21312591891011626,0.7750861535964313,0.045081558112512236
0.001,-0.6212186409626017,0.2436024203514692,-0.018648362583766866,-0.3067616226407191,-0.721497800022612,0.03961628476925867
0.001,-0.6506674791671266,-0.1555661621285894,-0.07628076567465354,0.17476346126672332,-0.713023218143064,-0.0040352493923464525
0.001,-0.4341403860400544,0.5111068675240499,-0.02465400909645174,-0.5005052096588337,-0.27335690293486026,0.012082694750552764
0.001,0.48782684536695436,0.46613209530518174,-0.05648211386871149,-0.45054148188878845,0.47431894568643723,-0.04438048789854964
0.001,0.6834272129805987,0.026259001340479197,0.12330139988486939,-0.04818444008057422,0.6216960813843362,0.0537379425929828
0.001,0.06841457539658415,0.6814029432792239,-0.08211405349686177,-0.6887000951808531,0.07367077550306173,0.022673516613114626
0.001,-0.10608174704372993,-0.6773558031968547,0.06055008891619523,0.690578997699439,-0.18415518115428953,0.00893052526304418
0.001,0.11548651589123934,0.6772621612257679,0.10111291535599193,-0.6873679633104075,0.13956271968566325,0.04160903447909412
0.001,-0.6801908839676161,0.09839941843539222,0.038190079890516676,-0.11408399448637155,-0.71896241724055,-0.048972877808019843
0.001,-0.6698419478202596,-0.15595688223131482,0.11161758585827192,0.1343267933072525,-0.7404272814599743,0.0015448406825618296
0.001,-0.6674067858476495,0.1714247493599532,-0.03483880642882161,-0.1348274310940803,-0.6578165477756778,0.02851827826511347
0.001,0.6009947495225401,-0.34125559196857225,0.027558934305167287,0.39713133679316054,0.643552463334499,-0.03152501778304577
0.001,0.6916719803016176,-0.03833819105268744,0.05799974365622765,-0.07781358485886063,0.6717397242156867,-0.04055701961304027
0.001,-0.6077184078165904,-0.33912318665268093,0.0664704867686106,0.3159426520519596,-0.5780631460437049,-0.06488309693463906
0.001,-0.050919931872146176,-0.6955604693866329,-0.016192171343789506,0.6800045687599338,-0.15142358049783627,-0.025328489904593757
0.001,0.6950192018165526,-0.10723225210502307,0.1376294346757237,0.024928305824924155,0.6739525936385713,0.02225366921642937
0.001,0.6121741703397998,0.35127856572339683,0.02748923120429303,-0.42382151722404315,0.6653531936290303,-0.003331194186918977
0.001,0.18708085058674753,-0.6821935378841189,-0.14600405218136028,0.670191182967286,0.1813149425615868,0.011824010697184284
0.001,0.5092903483050326,-0.4913121133731558,-0.04161579200754978,0.3143381020603751,0.5672816897598414,0.04263926139121905
0.001,0.26631014297090977,-0.6565237381290638,0.09361565938615928,0.7709030795623374,0.26921715367233756,0.027454673003171334
0.001,-0.33993375348138327,0.6235549091155453,-0.023564403215022966,-0.6010450909427882,-0.3634043535017318,-0.0213061304717271
0.001,-0.5480295909291223,-0.455075547424107,0.07026032783949625,0.3960135294110771,-0.5896979101484573,-0.00419439227778048
0.001,-0.6974358201607823,-0.1663835528603136,-0.07365715413429334,0.13353540842749315,-0.6722785197232476,0.06163279038183587
0.001,-0.2303264102733619,-0.6855183514020794,0.029237803062427643,0.4365281029501856,-0.210118938206315,-0.07522429860683821
0.001,-0.5149482551650355,0.5096886573249634,-0.09157223280387056,-0.5846706205102967,-0.6150284346909709,-0.0053277373598696
0.001,0.20410352375773042,0.6966541285399944,0.11726783585853447,-0.725307887299005,0.12143206529654463,-0.046247273220152776
0.001,0.7224583512330905,0.08213173314281104,0.03409736174650413,0.048464167501310815,0.6518991237257138,-0.014851822142650106
0.001,0.049327092226548304,-0.726299822565848,-0.10719042152132113,0.7368469548876404,0.017230252811107735,-0.057553818559562306
0.001,-0.25218961612787544,0.6838473767694037,0.058805782385480745,-0.6908429885790534,-0.30421091087065666,0.021338082599609395
0.001,0.47067712881929324,0.5569501717585691,-0.005445543899462709,-0.4385896736852467,0.41443888397716394,-0.049143181532873136
0.001,-0.6820236063434872,0.26501439228432205,-0.03199553871829387,-0.25452866734916546,-0.5764873421219237,0.004481811473769598
0.001,-0.22917186512435894,0.7007375774594374,-0.04949200602786652,-0.6253553937299237,-0.21850870795984056,-0.006347619691526916
0.001,-0.7263656275135374,-0.13409279563171853,-0.10478119194612377,0.1519692538656396,-0.7438153843705827,0.002034122388596612
0.001,-0.5347706258123991,-0.5110104901699426,0.09474681774393529,0.36951788269024755,-0.4354929542377234,0.04267908320457291
0.001,0.6943977978027328,0.2608246395838639,0.013879408376845216,-0.24267237680622453,0.6749061094011702,-0.045135738701091936
0.001,0.3705335190111837,0.6426191582320316,-0.0033765585812997206,-0.5491685716770842,0.3583299413720821,-0.04215626302212295
0.001,-0.1627232109563854,0.7247187536901883,-0.14259865356578824,-0.568367984484951,-0.14813286147763996,-0.061995579774929616
0.001,-0.6993821848731039,-0.2550569323221018,-0.004062092823037684,0.2640519949657866,-0.6703278154838346,-0.022527635221997393
0.001,-0.7446797337837976,-0.007458618738449016,0.02952168603529976,0.11219604293757268,-0.7553460539220808,0.012303047406806038
0.001,-0.48751002452391434,0.563196489981449,-0.09616657589155125,-0.4875597656143311,-0.3316673741500412,-0.04013213570694545
0.001,0.12561166774771876,0.7343848244198621,0.0010641871415507163,-0.7659327496890508,0.2091134911695727,-0.004301833268993028
0.001,0.7426669756660008,0.06534117375349756,-0.010505367363136417,-0.011682141583389184,0.7329911522330197,0.013023067049350226
0.001,-0.2648770691817168,0.6971715023690264,0.06957529936853032,-0.7949853901321298,-0.23613377821931816,-0.0620593089461495
0.001,0.21078753680127876,0.7191025500628132,0.024373616484957582,-0.6657806494133942,0.14415736464521128,-0.0025695968046906886
0.001,0.34471854608458746,-0.6662807801148506,-0.0018328219191579651,0.6073243454308664,0.3139129192140575,0.011691095646599557
0.001,-0.7314911953507672,0.16911045088586724,-0.050190243581271055,-0.11219731271070084,-0.6954220086150626,-0.06571512025434056
0.001,0.466172983525039,-0.589054002402193,0.04010106603881757,0.574316174172055,0.3850481298353821,-0.006384534725143742
0.001,-0.7003343619386297,-0.2873302766536838,0.07007485102175301,0.34502245646769963,-0.605200844351206,-0.07656329747193255
0.001,0.46256849340475914,0.6086676967505713,0.024345919524777538,-0.4914440196828993,0.4404884830234003,0.04539700667917722
0.001,0.16638824026153717,0.7498509068430467,-0.12818915826233154,-0.7708250944969628,0.08949035677668997,0.04408932593097863
0.001,0.7679883608733418,-0.05811216649264301,0.05601886768040809,-0.011737788784922917,0.7519134345274848,-0.02243376542592046
0.001,0.34836068286795485,-0.6871576144778615,0.015671478303281895,0.4507844178498547,0.32412636745169343,-0.012225203922330728
0.001,0.7460039116623259,-0.1979352712102632,-0.1254926634904134,0.3334169632556325,0.7063100902060704,-0.002048968609037348
0.001,0.021762776156221936,-0.7726751502835073,0.04858136835491755,0.6503398867711392,0.014884240955575442,0.0027613881910621136
0.001,-0.42298556906295864,-0.6499786794018056,0.031373977012574744,0.5556264986700222,-0.39235604610639246,-0.01904749631955588
0.001,-0.7339403030378612,-0.2555434101199684,0.03905142586690994,0.18901391871872406,-0.6058614885360086,0.006749120898106588
0.001,-0.10436340629316433,0.7710636695048105,-0.015562742706632167,-0.645207327897233,-0.040729395982219314,-0.03533773480026075
0.001,0.7400167275001778,0.24519332047316053,0.11059422723124415,-0.25879185715672454,0.712037302595953,0.0424595500511026
0.001,0.4502085001429927,0.6383822798233455,-0.09203425784823223,-0.5381873394878487,0.3052611562504648,-0.00510539487824814
0.001,-0.7594018498952837,-0.1886905123076688,-0.012766813120633517,0.24425484479684745,-0.7995717251986509,-0.009757372037890451
0.001,0.7619045428522053,0.18504345509754067,0.11373307137476965,-0.10579954916005732,0.7555379652329318,0.004807074878956849
0.001,-0.060314684371224225,-0.7849949715301732,0.13483057877744994,0.6962137434538415,-0.07581283247176823,0.0022796508159833645
0.001,-0.01435974590163549,0.7927195134007858,-0.046879721317744094,-0.6392316338553997,-0.05248888512441814,0.0617168682757059
0.001,-0.7778620720982757,0.15633509838724446,-0.1650936007826338,-0.17653873054478544,-0.6449356858773916,0.01684849308889493
0.001,0.062209072607205096,-0.792641615473932,-0.10239058501304493,0.608454662759155,0.17187989563328018,0.04770746496803917
0.001,-0.02312275156943469,0.795394444500427,-0.11632480027139012,-0.7092796101114036,-0.21960952049457075,-0.046245509124669126
0.001,-0.263746188350832,-0.7512516949318161,0.07092812883195408,0.6179531482545934,-0.2075519871406728,0.012716896933696214
0.001,-0.7557649948636945,-0.2517781880179605,-0.03487326708905463,0.2468320518858707,-0.6269297298351684,0.01721809901676367
0.001,0.4890604796696772,-0.6300163373538985,0.039745257703255994,0.4920073420440124,0.3121588345346713,-0.02147927909864538
0.001,0.7522416304686078,-0.27387805891320716,0.08563717837132041,0.2498514008891177,0.7348627062573466,-0.010271875129877333
0.001,-0.40533548037280875,0.6910704294897743,-0.024009482685653956,-0.548860227214298,-0.24993877047042123,-0.02234991110697393
0.001,-0.36864426521223304,0.7114318041613497,-0.12620176421470117,-0.5719166103238247,-0.3170744122373205,0.03766346385475992
0.001,0.3311935496876867,0.7305200921950256,-0.07682973769210684,-0.6953851720413999,0.2838157018000658,0.004097601612360637
0.001,0.7279232660257398,0.33790950626485317,0.2799779699305329,-0.2912748074270958,0.7169883689768555,0.036508988817306555
0.001,0.18051437633480852,-0.7824678357720147,0.08759577286532594,0.6739827304788496,0.27400084182996876,0.021455046248435476
0.001,-0.29627065467099134,0.7470054912181977,0.027107286829538252,-0.6659552639158904,-0.33369546285375834,-0.001610673015207996
0.001,-0.21344870507807523,-0.775152373010743,-0.0012071411750491751,0.6237997689625823,-0.3872934188717365,-0.054779467299308875
0.001,0.6790096642213646,-0.4316221372697888,0.18474971634957382,0.3855798204439094,0.675379691173764,-0.06157199470090192
0.001,-0.5896142298750578,0.5520268960092194,-0.007235992879451238,-0.43554003520738455,-0.5706555992023841,0.018069610936023113
0.001,-0.4826611998276276,-0.6517530549806162,-0.05863071734629265,0.6631988870061368,-0.4305828182991136,0.007971691949188108
0.001,0.8066020122362667,0.09562779519739016,0.021933011669359258,-0.08021830676928102,0.7246599324324723,0.028764049755077844
0.001,0.3486256686862374,-0.7338244254240119,-0.2952266303642379,0.6908790392737907,0.246975310533255,-0.004981919701333544
0.001,-0.5494972442084999,0.6009938158613207,-0.08822866005484213,-0.48991408148145554,-0.47634645003272436,0.015812755884923976
0.001,-0.8151491238946879,0.005450494819797661,0.06521262951284941,-0.09953437906574779,-0.6006069153374956,-0.043854985885403326
0.001,0.028357855494197084,0.8151410739107566,-0.11834933460782547,-0.6962565369624116,0.03535865829388131,0.02463534309631071
0.001,0.1618585602014742,-0.8017831403004708,-0.10349118204296306,0.5714527226757595,0.11812631500369286,-0.029247302075594613
0.001,0.8043380621744215,0.15512225007275393,0.18840067452512785,-0.14804811130148088,0.6012948620073784,-0.04812745614070519
0.001,-0.3196120854691943,0.7587459082469271,-0.03555737327325019,-0.6865183507147186,-0.18570106440346607,0.0030388774701477373
0.001,0.799329227037902,0.2243988090515842,0.024881678986615176,-0.200658562616551,0.6351861673790844,-0.006491934786970623
0.001,-0.1331277191000738,-0.8210849744205997,-0.12989031685231173,0.6889541450988849,-0.10402164647577555,-0.015146660569398913
0.001,0.10636510332781844,-0.8313164718466607,-0.02442088352592306,0.6392717586098557,0.17747103590182634,-0.008044810644902187
0.001,-0.1477464961409691,0.8271607965724348,0.14994207363353793,-0.5058209359650485,-0.06463915514209594,0.0038902688320308467
0.001,-0.7656583638003254,0.3489914358576422,0.06178114753591803,-0.2694044807551005,-0.6728746885066144,0.08117981471403131
0.001,-0.8206233783611682,0.1881613591513474,0.0338833021081418,-0.06527831383838942,-0.6043309922994333,-0.0019615667423008194
0.001,0.0710639519796884,0.8405751826203297,0.0240695462292244,-0.6153675722941664,0.09260851070520351,-0.019376561073437683
0.001,-0.8086059667198964,-0.24712935287692261,-0.010119581081766072,0.19756421421496456,-0.6617627422479961,-0.008133613654924038
0.001,-0.8355636561284043,0.13058225266582352,-0.03642143210210546,-0.17913230007722927,-0.684063452296799,0.048121260988123526
0.001,-0.7825834491146351,0.32420395733142315,-0.13188549155693696,-0.25462949189186446,-0.7591499120250728,-0.009146299340002852
0.001,-0.1225970890870261,-0.8396567386623847,0.06364234021576354,0.7441287831963352,0.023740483309721103,-0.0201639753320679
0.001,-0.6516273925801215,0.5444085884122384,0.04586155009367695,-0.5996165629546008,-0.729729678915993,0.011055807169691345
0.001,-0.4612429380754963,-0.713101197139129,-0.05306459544893574,0.7260587846153025,-0.40843437352102846,-0.03322619599890003
0.001,0.35064907989051325,0.7740371248882352,-0.03242810738312372,-0.5805626233126497,0.25271355820671904,-0.06911004342198919
0.001,0.83087989203439,-0.17949030353762863,-0.1716246283112174,0.2722148733613598,0.6219100704544382,-0.02947575737656954
0.001,-0.09666586281332766,0.8528911093209278,0.14195482530682701,-0.7330458253092282,0.03921211465585918,-0.04358472700427192
0.001,-0.8528885209667103,-0.10046750433944401,0.06629441910857058,0.05205848239782547,-0.7867112273094896,0.048336286640757876
0.001,0.13133233065772817,0.8501994762332984,0.0188932751853988,-0.7807987902794125,-0.03724411117693249,0.0722298322775353
0.001,-0.7298476591190832,0.46056400964249233,-0.06408015762792783,-0.5154474157683681,-0.6243065684133501,0.03397165077931793
0.001,0.8604771173287674,-0.09213566729424727,0.0812887151052954,0.18963574196735222,0.7342276169670857,-0.00408414119057328
0.001,0.45405989731113144,-0.7369057292207721,0.06070959400711554,0.5584446315941768,0.35886501619859706,0.02238688627195711
0.001,-0.7797818881619456,-0.3824582931828664,0.0343791038541142,0.2827263993591653,-0.6088611583634856,-0.023801261115053072
0.001,0.7044274158890942,0.5095305577700651,0.01528384874729867,-0.4083116737104049,0.6360526342476471,-0.030239736245793472
0.001,-0.19776216983599754,-0.8468840259068253,0.060595601188185626,0.7254611104348434,-0.15470510390383485,-0.024099922265149672
0.001,0.8716568216542848,0.0169032856095879,0.03066684647312163,-0.07773123226226562,0.7071656361209439,-0.014812368575101521
0.001,0.5766550172055116,-0.6637490695506335,-0.2376535377344427,0.5948911054563495,0.49769882737090054,-0.02590010530598987
0.001,-0.6018403152930306,0.6453470720582761,-0.09728486297164256,-0.5362622808321412,-0.397677953715277,0.0357543015723641
0.001,0.8763523665929552,0.10987209971542083,-0.007045495388280904,-0.1881583598752639,0.74002849111641,0.011069208965076524
0.001,-0.016158255959541044,0.8848285029525514,0.07314104717391809,-0.810707521541497,0.09624897384352794,0.04720476617995681
0.001,-0.5810710343480002,0.6727239691643758,0.06400954844008964,-0.5850947700369478,-0.41848062882772585,0.0486602467680422
0.001,0.8870217928504912,-0.08002929300278146,-0.054090480715491635,0.14355145044136247,0.8621956522191065,-0.04573829856040671
0.001,0.6002775111607056,0.6584015662596965,-0.057082356741545076,-0.47821262021856686,0.5904506148908458,0.010797979112530373
0.001,0.4228338838763532,-0.7849885754101411,0.01736083479874617,0.641018344505889,0.4223490101739197,-0.03205607406102584
0.001,-0.8872385873910674,-0.08962741604755581,-0.01887664158062571,0.10231421104186322,-0.7405913811750872,0.03892366478705257
0.001,0.30034869343943316,0.8401417804539807,0.013363244083362681,-0.5861914207780003,0.15788042229593208,-0.049750831048487106
0.001,0.835213988742196,-0.31428310986420027,-0.07687257684318212,0.23579589078525454,0.6234489953537505,-0.03916567202683401
0.001,-0.866230667032473,-0.21809844705835038,-0.07255516809610384,0.26608344674610585,-0.8546097867525444,0.04105419466628405
0.001,0.7880616064235144,0.43909644367796213,0.08331277874701808,-0.22375940095421998,0.7817720018878215,-0.07487191126274287
0.001,0.0807633770502431,-0.8986740585229466,0.06329896216943251,0.7380745478808747,0.060336784737337106,0.02449416073776726
0.001,-0.032881216467683994,-0.9039574916833569,0.059961918210574595,0.7282681399561994,-0.010034877716747565,0.01210798356954248
0.001,0.8929394737494777,-0.14731419771459947,-0.11530370087506202,0.06757230367171482,0.6526168227414484,0.11917518814724014
0.001,-0.5109717969791996,0.7496093621627892,0.08812724111661879,-0.48498589106365175,-0.4429140336676813,0.042025213984523226
0.001,0.15261862006714852,-0.8958919310716765,0.20880747772397756,0.8215022664189754,0.04251083527928849,-0.011043880723490336
0.001,0.8945552701917217,-0.16905871354819282,0.03893674339804612,0.16106604918313586,0.7588905543327618,0.037699016556477914
0.001,-0.04995237873364133,-0.9148227502812292,0.0848620199070539,0.766770722871947,-0.12477134354558532,0.016426375919620508
0.001,-0.3560911530326619,0.8458822658733463,0.038118663750406526,-0.6682182839939423,-0.42059460908256324,0.038633123215493476
0.001,0.3434826225544953,0.8546303076403879,-0.02057354879375331,-0.6425310624764977,0.35554125134089165,0.0841157317173963
0.001,0.3792561463785694,-0.8440328015655469,-0.06594245351288983,0.5126187057382091,0.2858988351814148,0.02257946648222504
0.001,-0.7254925711368047,-0.5780728753579709,-0.03182271853080691,0.5370956536350225,-0.5011602359545242,0.0419477590368969
0.001,0.729717022215988,0.5823826609013545,0.018361995444429482,-0.4304259013727472,0.5443400389034669,-0.01195279010374196
0.001,-0.8735454536415552,-0.35473195522945633,0.00521214954300726,0.2347352533266141,-0.6340689203911242,-0.022823628255360193
0.001,0.18868870771758306,-0.9276104993380723,-0.14004457614884455,0.8000128129628592,0.24082746166466765,0.008182971452927025
0.001,-0.7679191852647193,0.5545031005832091,0.07322338703732507,-0.3616657674981184,-0.5555264795522782,0.061958972306200434
0.001,-0.6584774513573854,-0.6843784977679495,-0.13238418533968968,0.5021778379261518,-0.6127845433386095,0.029938078515239736
0.001,-0.5102562237925933,0.8017794702221956,0.04034064328626119,-0.6388815919505837,-0.2770845146967155,-0.014796110964316935
0.001,0.35217636037631095,-0.8873415032301103,-0.010811230166575536,0.5448129861390606,0.29274076241130736,0.018066442172304412
0.001,0.8705441698887197,-0.3920010109472934,-0.14928683139685706,0.2334343228101626,0.647930512852274,-0.026358234292741794
0.001,0.9564929729194065,-0.0077850755492550145,0.0539027640430009,0.11290443928059221,0.78683361226162,-0.04799346817818612
0.001,-0.9493403817808936,0.13405654397261282,0.022213992626196503,-0.04331188802263545,-0.7155317975454853,0.07760837412814588
0.001,0.9579071586759089,-0.07443177814822245,0.0738678078514409,0.05233688757174492,0.732673390345863,0.022178443276443673
0.001,0.8413090045947423,0.46948156826272036,0.06120711636089471,-0.2804864421680861,0.6739079088491668,-0.04057121567935143
0.001,0.9668683250000637,0.02151690683613636,-0.23082958725086156,-0.05290171122814743,0.7782788917010731,-0.04916135148142732
0.001,0.8509419959388196,0.4602319889775102,-0.0010324751481415604,-0.27796942731823243,0.5044911324035244,0.061540216868577025
0.001,-0.9256450407203651,-0.28505075570400373,-0.22268383519875617,0.08935796255337475,-0.7640116662694142,0.04430678754926743
0.001,0.8491922003191079,-0.4696480473618578,-0.06538336279629299,0.3773635872685383,0.776772301537878,0.034435194783267696
0.001,0.66959211366822,0.7124613341263292,0.06572743325056955,-0.511640481914028,0.6185855770580152,-0.07117146396652116
0.001,0.9555859596053894,0.20868252074576474,-0.058551172211425966,-0.17473599350139749,0.8071497739609846,0.04326119789768315
0.001,-0.0796399412382137,-0.9769980241742455,0.09635492545995321,0.5432726082275314,-0.0869131839295337,0.02238074556765684
0.001,0.739005453870814,0.6495475498223514,-0.04135810160463142,-0.5416656623167079,0.6254860660755538,0.003356582448394065
0.001,0.9365381139191893,0.30219607497395323,-0.054359679162272925,-0.20148395061993285,0.6761425536395689,-0.05068551959327852
0.001,0.2933902870530552,-0.9434863278720643,-0.11346054409887096,0.6705376311211775,0.16016004673067724,-0.03897029634372633
0.001,-0.9867037193104639,0.05199360792353108,0.1828130028431023,-0.0832815286195083,-0.655471958291735,0.024065518441912175
0.001,-0.9515594944429068,-0.2916820626201694,0.01501567764770486,0.047352506799393984,-0.6009313957500771,0.0065061018875052605
0.001,-0.6385788484240769,-0.7658609254325438,-0.021187496112460714,0.4477902566352837,-0.4488650686520841,-0.006214966744359793
0.001,0.83901374662209,0.5404077429378771,0.10425070272323954,-0.47403797755485766,0.5476162997612958,0.0311161288003073
0.001,0.7740259653254598,-0.6353563483762609,-0.06573436993559471,0.4258028788976696,0.544996664351976,-0.02245338031815059
0.001,-0.9632614922385485,-0.2788737809091427,0.1377670877913629,0.2725780238195198,-0.8330927386185456,0.005462371446989688
0.001,-0.7736134046506418,0.6398983886170754,-0.0908404334108881,-0.5635924426216523,-0.6472264611418173,0.015283381146136563
0.001,0.040518377208803934,-1.0046655130577058,-0.13864248310407376,0.6888602457257686,0.1131259014939751,0.004506242337169133
0.001,0.5358222101841251,0.8663426040568195,-0.04236484997223339,-0.6887261882248905,0.41453172536687527,-0.04020661925823083
0.001,-0.8325378277802749,0.5901510789912067,0.12286866796572582,-0.32966896431849857,-0.5127165176050372,0.023220006659391664
0.001,-1.0334734662774745,-0.03948350858088448,0.07418843061214445,0.047006164097901856,-0.7684548527975237,-0.013873885457127307
0.001,-0.2859367685573744,-0.9975075546413703,0.004459243296394272,0.5385185683428961,-0.20700613811548124,-0.01566903105863843
0.001,0.3406596569526294,0.980675095817603,-0.15514137378290302,-0.6584314215853116,0.2468040966322101,0.04521936129662455
0.001,0.7023733097841196,0.765297436075938,-0.06624327570475622,-0.44651744599373033,0.4877407417119334,-0.026719336666562656
0.001,-0.04651429739185291,1.0406802730173912,-0.14429676329412366,-0.6705412722984293,0.08040466080314088,-0.003498622563000415
0.001,0.674420832874259,-0.8006448754141575,0.014466190903831161,0.6434458362984878,0.5152407641172212,-0.05489307922927098
0.001,0.8731541177697616,-0.6084334795045672,0.1424935465255984,0.38087168972498103,0.7448362600394922,0.00801544118191421
0.001,-0.8603468249648838,-0.6328062456100084,-0.16145645511894896,0.3988972937988917,-0.4614199112357386,0.013645724769200297
0.001,-0.9996774821153964,-0.4064846302661663,0.04341416157605452,0.22590039674885432,-0.5635278022597808,-0.04612695679205681
0.001,-0.1299646182506866,1.0723245218300337,-0.14433788799053773,-0.7247207386568614,-0.13932600195837647,-0.008037428979882529
0.001,1.0790547878226786,0.05440674375327272,-0.028257575899589438,0.029660802158357327,0.6839551133261017,0.0013987498926582304
0.001,0.957026799350422,0.5095719094820288,-0.19395751771383113,-0.32547063495750167,0.6184400563524838,-0.014122765151582669
0.001,0.8333432199291378,0.696042211792661,0.01667877054644194,-0.35228629312812854,0.5384771044571112,0.006514690830327317
0.001,0.4756538021232657,0.9763929780054384,0.02195954464806555,-0.6612696938171486,0.26970669579737094,-0.029861206736193725
0.001,1.0870768301106164,-0.0328688692031803,0.1382509092208645,0.0450454185730476,0.5545094311196076,-0.006752298877446762
0.001,0.5444679525885011,0.9427198780750532,-0.20470664031277663,-0.669624630298316,0.3527082509744136,0.027141629355812703
0.001,0.7408971553425138,-0.8009931587838169,0.0729931991244674,0.5381970543245583,0.456378386716091,-0.037146665432276633
0.001,1.0703514467231543,-0.215681460785179,0.002979162076777663,0.1204940392634739,0.6907184966529475,-0.02222239504321897
0.001,-0.7938017349269983,0.7593659733721712,-0.0064216595015192425,-0.43626017882025236,-0.5081001121726961,0.019312815005500403
0.001,-1.0756398974604138,0.23363895193666898,-0.18077693701685568,-0.1055338329814538,-0.6651318907154223,-0.0019226060155110394
0.001,0.7212898028979895,-0.8392120493885666,-0.09068464940477165,0.6292101977157574,0.2748040719077123,0.03126147075721416
0.001,0.37491921795519645,-1.0421376872514725,-0.04171075743472736,0.7047809396362692,0.1905988022570404,-0.002154565854815033
0.001,1.0753593285413747,-0.28094910294089964,-0.07522818392914056,0.15318103572825958,0.7859625364642204,0.0066828633571156
0.001,-0.9598870149455176,-0.5640819386840806,-0.05431078790520656,0.6072394007002166,-0.6364085247753711,-0.056543970064767704
0.001,-0.6382964291481367,0.9133040212036767,0.12205741140249478,-0.6199316617828154,-0.3642294860092304,0.0271106105740553
0.001,0.9458518789658134,0.5903790613954287,-0.12791367495104267,-0.37327295768693086,0.5762635166628483,0.06899079109930666
0.001,-0.029527181732724422,1.119189717410651,-0.01743785425361104,-0.7241044117452764,-0.09327122482204389,-0.023802101593855228
0.001,-0.8585945512636718,-0.7191676941312282,-0.01946349319956603,0.44654852777967574,-0.5761375110600098,-0.00044769771345795135
0.001,0.39566355103428474,1.0500148328612606,-0.03537195685723136,-0.6203979497539308,0.23276768569674505,-0.021192761570633743
0.001,0.09437692234733984,-1.1238980874937343,-0.09011104556637008,0.7227883707461826,0.08332569204912241,-0.02128934242421607
0.001,0.4499543022295423,1.0350188081538343,-0.006711695544106919,-0.6912026590291286,0.3827244533374653,0.022806703245278948
0.001,-1.0985344501931016,0.27123763854501065,0.2694086735631782,-0.1962991497077443,-0.6753645856157054,-0.025476540529706243
0.001,0.4256087792570793,1.051606471402508,0.10540463423947202,-0.7170532734388558,0.1885509205459024,-0.008435173044291538
0.001,-0.6182280711643484,0.9570871846211376,0.012943591788916685,-0.658785701227683,-0.21880851235909576,0.041496810026243725
0.001,-0.589253680315364,0.9755442435637232,0.13060332744090644,-0.6070904649842452,-0.40254779565016247,0.0281578805737789
0.001,1.132147158934619,0.13701792342898408,0.010519187511736411,-0.059886319573170116,0.6925893629153177,0.01372361329099407
0.001,1.0027282969791895,-0.5472009043677782,0.08730579887021125,0.32328319064987426,0.6104641884734041,0.023928775302669993
0.001,-0.5812931864877028,0.9857236986952946,0.028400398514522213,-0.7324537500046551,-0.5954452895646487,0.012483385321219129
0.001,-0.24241075547750937,1.119584005542432,0.13527590161821512,-0.6410489521304846,-0.2028873111531579,0.013391663992824168
0.001,-1.049382110505075,-0.46026237955671795,0.11000391719315483,0.34238925126963754,-0.6616643885418236,0.014816028835279773
0.001,-1.075392351211411,-0.3989968725703702,0.1094036739206926,0.13013112711476343,-0.6713061987569386,0.0004427086024451843
0.001,0.8452729482553226,-0.7832003453486147,0.043873554920585284,0.5263739434566151,0.4393597712319947,-0.024947626499181273
0.001,-0.6167960579458529,-0.9757562349037252,-0.0011529861039794715,0.5938283311767397,-0.3308335642919604,-0.049157626365467035
0.001,-0.31234008105546185,-1.1115008964340842,-0.013589605863416,0.6243082585926694,-0.33413963805622693,0.04689807840181524
0.001,-1.1578697233754895,0.004150809752612868,-0.17151039416917263,0.032566878687018457,-0.7399772062349316,-0.04905325110515264
0.001,0.38480037631354136,-1.0966177029925,-0.15207302569961514,0.6937381472893485,0.4412690398502126,-0.010581371297236871
0.001,0.42071954719004095,-1.0906774609468621,0.007485486415627284,0.7050458646839074,0.23751677634310608,0.0013443802859736422
0.001,-0.5195279372564506,-1.0475992276389243,0.07846178060119718,0.6234097343391559,-0.36596683846333006,-0.007541446864928808
0.001,0.719549737611748,-0.9217847089061886,0.10063801471545207,0.4638104298466906,0.4498962004564151,0.0146437897819186
0.001,0.5080660415505882,1.0536078473828432,-0.07741240098091812,-0.6612594527046427,0.47492534957288246,0.014141351398848158
0.001,1.0410739346589557,0.533349074317634,-0.15007144532681582,-0.28006754999128813,0.5895981897019775,-0.024007826451343892
0.001,0.947463049989451,0.6869893129083059,0.16066719732166634,-0.29429341381588014,0.697817677686921,-0.05546736741172786
0.001,-0.9498446714003809,0.6880603641707429,0.04007666159947554,-0.38405775999813624,-0.7037962227500808,0.07756554938183434
0.001,1.0603596435629032,0.50566629699715,0.04417372515271758,-0.348314659990947,0.6036952402846402,-0.008193345347891389
0.001,-0.3728147531012631,-1.1187861922289635,0.04537937019778776,0.6692689364960677,-0.27990366504640374,0.006141977507240486
0.001,-1.1493482940524962,-0.2837913180728838,-0.07820319114246475,0.1383699700880212,-0.6900306846017881,-0.02015861469403088
0.001,1.088379230584011,0.48115545960677697,0.09259580703529467,-0.3818963737998359,0.6229297711237279,0.01398226169550785
0.001,0.5474732321784045,1.0580811368315235,0.004317345031910346,-0.6552347674070828,0.21752236076297887,0.004873477430043376
0.001,-1.0966397378162045,0.4654875556365943,-0.04343351674014678,-0.40337269803363385,-0.72016570683878,-0.029167095673036568
0.001,-1.0206847623209612,-0.6145325861148702,0.08235693955252327,0.4484546178369102,-0.5063419879762976,-0.034035971774941894
0.001,0.17225517453276531,-1.181825926654261,-0.0003275390420565468,0.704986965311721,-0.022597743208049373,-0.06461578281912973
0.001,-0.8802220602613344,-0.8172608612383718,-0.025104359464422833,0.536264902001631,-0.5153360379380896,-0.031536109103204035
0.001,-0.8258474314746438,0.8728766828443334,-0.042939579253095446,-0.5208094715629268,-0.5100995818977287,0.04393639254856304
0.001,0.6912308667161381,0.9831951785352809,0.01597075261612215,-0.6573454761027964,0.5040601439700625,-0.001758422434289288
0.001,-0.6806235547386411,0.9909054234174993,0.02124172125601555,-0.658437510078112,-0.3680155779121779,-0.030525893112148757
0.001,-1.0603548562620466,0.5761800821357196,0.011517177826166587,-0.31261832024858993,-0.6535112203538906,-0.03469892525139618
0.001,-1.206317263925178,0.035255179610219706,0.012540701734598349,-0.0176061529674314,-0.5898865764695334,-0.03584912368111114
0.001,-1.1913716658389195,0.20080977185071827,0.012083902916095676,-0.11138539005228625,-0.8570977322292358,0.0030449078289303804
0.001,-0.8470616020756259,0.8646039712088815,0.039218536401141944,-0.5866479018070878,-0.4084638473071862,-0.03966289072073127
0.001,-0.08395536494069761,-1.2144729171417308,-0.01377500357104408,0.7047301995105861,-0.10661792922800681,0.06036103570526366
0.001,-1.0962633626723854,-0.5359235743910118,0.122217303917181,0.3379649845888525,-0.645230010739435,-0.017345670067910435
0.001,-1.1309638512560238,0.4588942199731202,-0.0625848541292937,-0.31431033977554085,-0.6719784138758902,-0.027394324883993928
0.001,0.7786524916042603,-0.9409187663649363,-0.05584175718586967,0.5026208996743861,0.491473459078555,-0.020777271761415358
0.001,0.6154342318569715,1.0633518981339742,-0.08281554717721497,-0.7498458529053829,0.3627245156372045,0.017326096991458654
0.001,0.6213325400845107,-1.06527808615638,-0.16041496473707065,0.6648839674403833,0.3038388591825788,0.015191123134698739
0.001,0.2506651602410203,1.2077392390701844,0.08526015686558336,-0.6183678464971574,0.10380376290127936,-0.005744965181997591
0.001,1.0533691004638652,0.6452793439003747,-0.05143796701157835,-0.4852964120907698,0.5807312897928416,-0.025307202918425007
0.001,-1.1670654836071184,-0.4127734875467287,-0.051372050448061125,0.2947467954959281,-0.6190115393569204,-0.01727517027279725
0.001,0.5578024726615091,1.1166387470177497,-0.13248949924748177,-0.6363578847539636,0.32023537383046335,-0.02169299976047384
0.001,-0.6910339483295433,-1.0403029066508562,0.05419582055361155,0.5333372367798984,-0.34341156874986634,-0.07676639962149732
0.001,0.07575511880300743,-1.2488772443249918,-0.03190300117392428,0.5842228920645338,0.07756753824004038,-0.008954944044599233
0.001,-0.9636354846376936,-0.7993153249700091,0.09980819831391612,0.5064752388676743,-0.5203332307176542,-0.03664448575126562
0.001,-1.1215496286868765,0.5606257945018551,-0.08971640394917918,-0.34239707922754997,-0.6142218601947702,0.009623849768248649
0.001,-1.2150777082445356,0.3219680866952901,-0.008569468066961695,-0.21231242403021336,-0.7338243336198202,0.0009560503004154192
0.001,1.1002394853176354,-0.6091991962338276,-0.0369409619078877,0.3949888803896791,0.5715348488518421,-0.04795583828705817
0.001,-0.3881930431262132,1.2016618732385114,0.050048633942667925,-0.598998871477232,-0.23845292174694815,-0.02728896011866994
0.001,0.47795463209054423,-1.1708819191053352,-0.12661171008680652,0.6960073231991039,0.2340256177897733,0.011158905833235517
0.001,-1.1617166670105812,0.5024961726195936,-0.21505966373493615,-0.371720381823474,-0.643359289541209,0.06951526814889873
0.001,0.7695711977339083,-1.0113424688552088,0.08523497016427012,0.5617880208651724,0.3749618729445772,-0.02731679963249513
0.001,-0.5352926646461066,1.1561041965551258,-0.06873529911992672,-0.6250766867789317,-0.38297737051858494,-0.0271769483973211
0.001,0.8316692795077724,-0.9679871691243168,-0.007081515160081309,0.6762216449373422,0.39560293818581843,0.009026102598369399
0.001,-1.2173180710323261,-0.38852106554843696,0.055414862172080116,0.24783914232071988,-0.6755007602377846,-0.01262745600564374
0.001,1.2567878734878897,-0.23148231619344545,-0.1546380561239086,0.029889576185358396,0.7456399203639363,0.05133880528955136
0.001,1.2295228508001692,0.34938017969822693,0.12084270611024202,-0.30227027597194056,0.6801779053801498,-0.012189407008828547
0.001,0.8562020991693234,-0.954006651358772,-0.1444037268676986,0.545631675669472,0.4907645649181065,0.016893864022508896
0.001,1.282991230635086,0.07211102304906836,-0.09137089422291061,-0.0021811927219275717,0.6987290799145189,0.04099919093666335
0.001,1.2530249475126254,-0.28592566247596424,-0.052841338326548165,0.13005996817849588,0.7409278081049886,-0.0008739294966417126
0.001,1.2546021605585227,0.28446443723502024,0.01843485500123705,-0.21643849588488023,0.7354154868756484,-0.05068752185285682
0.001,1.2768198778828237,-0.16961647659476964,0.05934633632597454,0.15111646360318615,0.6654205611781651,0.053943629876430886
0.001,-1.2901456579813777,0.049645314852344934,-0.11387655167009199,0.025175229209635826,-0.6930389032681671,-0.02929589972197928
0.001,0.23098471512959157,1.2717599384827087,0.019692731359199002,-0.5747437615986707,0.10493208969709869,-0.04647605386258094
0.001,0.8256624909536541,-1.0006886335168284,-0.11949323831124514,0.4569114753616912,0.33159458377067214,0.014431435344949686
0.001,0.12358173728518822,1.294551517458329,0.01837673452289185,-0.6282191224193101,-0.037067087646816724,0.08530347309224351
0.001,0.16656120264350568,-1.2908769891451715,-0.12003548700976796,0.7400002752085533,0.16359629192584657,-0.019144806946922166
0.001,-1.1452366926115372,0.6259699294032917,0.10543406872160294,-0.3572929094979272,-0.673645522711931,-0.010951155241749782
0.001,-0.5304421317500269,-1.1953540684988193,-0.029240438775780066,0.6938461323080398,-0.3181230308025513,-0.011555551127616229
0.001,-1.1436282202811217,0.65386182050949,0.10514205308532383,-0.390233565702654,-0.5951590485591799,-0.020874241331674325
0.001,-0.3788202916183519,-1.2624119113845684,-0.1419481784967406,0.7212695272926667,-0.2665269385449213,0.03498533198521829
0.001,-1.1732138949375504,0.6088658723880124,0.010115424346841671,-0.3338244050625891,-0.6405775688007782,-0.022443374823620025
0.001,1.2232977622102814,-0.5059426025157346,-0.1709693749131691,0.3488882419957824,0.8272398850003516,0.0008547342627300399
0.001,0.3970821598678125,1.265456648939435,0.0787163505809923,-0.6806879588126088,0.341079237557532,0.11390915687454442
0.001,-0.9732306701067274,-0.9111878788647431,0.02072852588863011,0.4621884109313337,-0.48963012911326215,-0.020657774335733476
0.001,-0.7206455432925396,1.130483744241164,0.06409969552381178,-0.6137599008396182,-0.36449259930483335,-0.04701542918059538
0.001,-0.5536125294517072,1.221843954349939,0.14196688210396277,-0.6827728553724551,-0.32523328960842113,-0.04245145143768501
0.001,0.5661104391940818,-1.2186306791147086,0.10112918325907534,0.44169536633491385,0.3495667570941559,-0.009581530280114553
0.001,-1.333297244358814,0.17054043154117707,0.11092539838725986,-0.07779562639816912,-0.6038548430927543,0.0024827485908927344
0.001,0.38504588601098144,1.2926826820284885,-0.13518444049529785,-0.6270217358011907,0.09850396358306954,-0.004452002670215598
0.001,-0.8494659253145143,-1.053958674544637,-0.0704979952068517,0.5693068591206724,-0.5309298067894689,0.052552199605636264
0.001,-1.0745397370905962,-0.8293460767773599,-0.08108875947734277,0.4614604415122237,-0.5029106703791474,0.04270877388231264
0.001,1.343020662687839,-0.199691999851949,-0.12086854990268359,0.13960622361417485,0.6908252131163294,-0.051013350528074514
0.001,1.1770315169944188,-0.6769377062930368,-0.006010639348424527,0.3399627669294638,0.6959099033238995,-0.08072680194228693
0.001,-1.2684155481593211,0.4846660170934722,-0.13513672194384505,-0.15354628007835713,-0.5760096374612762,0.042911760572602126
0.001,1.2239094948943254,-0.5882419123247185,0.09233375759277161,0.2937203026585052,0.6689328951228288,0.027501385123458486
0.001,-0.4572352630021286,1.281701869394827,-0.20454229006769983,-0.7488106071397926,-0.23474405753581523,0.017930803520178413
0.001,-0.5433100324329363,1.2512280314184985,0.12244696497368589,-0.7528735330917188,-0.23323390279174544,-0.030844982673112985
0.001,-1.0824894640594798,0.8309552472010677,-0.1096359766313245,-0.46667680685368435,-0.52898170662316,-0.025191210691143117
0.001,-1.33955827616276,0.2691130852662673,0.011620209152274982,-0.25938152458278074,-0.7534613775329572,-0.01204161198409445
0.001,1.366419905193699,-0.045930098014705545,-0.08301745718802099,-0.006979123343771661,0.7963641104945718,-0.022149676375208035
0.001,-0.8242361465804359,1.1042149856846568,0.05107114916674879,-0.4395564244237369,-0.5292921584490526,0.008510488772259388
0.001,1.3562733049037503,0.2474674322329702,0.0753982909731893,-0.05166492638032841,0.5836727441201884,-0.04406518746365182
0.001,-0.41979526704455117,-1.31703765751925,0.03131288782339185,0.6291241680492209,-0.19460945030731,0.04244641032715501
0.001,0.9976669125838116,0.9578315103455683,0.033166060674157824,-0.6274021315552099,0.5128616769013403,-0.04638794323529754
0.001,0.27362641449383307,1.3593588989624004,0.02453826607687148,-0.581733633840818,0.011458623787041572,-0.01854310336470887
0.001,1.3809429283772958,0.13399255410202848,0.02910406286924612,-0.051540941830022516,0.7197794520455465,0.028531721345285713
0.001,-0.7450861782600364,-1.1709765637946714,-0.03965748357497521,0.648155319229464,-0.4859463136002183,0.023335920147163264
0.001,1.0135540547438486,0.9517693571591934,0.010126292501778175,-0.4519987554462996,0.46568032235241197,-0.012270276956110276
0.001,-1.3906480904830478,0.05777881797702904,-0.1257861388999668,-0.045912480244706,-0.6973181139502386,-0.003393609285416843
0.001,1.1558686050301548,-0.7789075252652394,0.017736585517588357,0.3542960490232749,0.6057987536164526,0.04570160357370566
0.001,1.3941043342323347,0.12875300903492692,0.09597256995784989,-0.14246353500314246,0.741763735687575,0.05289377230306349
0.001,0.9207179806737152,1.056903554799808,0.018296732056713654,-0.7133187433911472,0.4619035445802062,0.02601991560360469
0.001,-0.7588258038647232,-1.1795417194550546,-0.05973261744721664,0.47133147574933676,-0.410267913186043,0.009881468341618975
0.001,1.254798372372636,0.6309297309214521,0.1283586766428027,-0.3648927979664746,0.7105519826672796,0.03691470066225389
0.001,0.18737945837830772,-1.39428196149547,-0.1903132982731868,0.60814343814108,0.0752135070699732,0.00727487622305504
0.001,-0.8914883443215462,1.0907803607397777,0.11224834542627915,-0.5620987751695914,-0.4776148656919351,0.012760430066659997
0.001,0.15821531640796968,-1.4007065380097186,-0.12910284195555038,0.6566166898051269,0.09689498925431342,-0.0003752686537442141
0.001,-1.2665122980977332,-0.6239681867286547,-0.04120992656643391,0.3767740281479657,-0.6222649768130346,-0.024117199235352656
0.001,-1.0417833712909201,-0.9598231399039205,-0.058105003749692866,0.5453443478655263,-0.4949556371251338,0.005724984506221309
0.001,0.6289614696069049,1.2699403907210534,0.11818979276805149,-0.48850414282099497,0.24872953974485318,0.00011624265468189508
0.001,0.4663593947253743,1.3393407688017616,-0.08518614453636082,-0.7498805535055926,0.18981043141261347,0.05572621439271973
0.001,-1.380394655992456,0.3356305159334735,0.1473147806387851,-0.22601986513765182,-0.6763338036495568,0.021896897119873027
0.001,-1.3957033596890007,-0.278820308105127,0.05863153300478927,0.08593731773653449,-0.7447224055963164,-0.03989214018657494
0.001,-1.2054877322059288,-0.7573004847511076,0.06495744361977689,0.34978169121412084,-0.557598370985998,-0.0220048811836567
0.001,1.0547109431411388,-0.9653219452164654,-0.1937866796011116,0.43484106195357836,0.5636219092732474,-0.02408569663136139
0.001,-0.7838558795370187,1.1964227421738554,0.0010952822079418577,-0.6476448500619945,-0.35775421047274786,-0.023391183598684015
0.001,-0.3979654266473069,1.3789570157894004,0.01770130023646815,-0.7036350044044386,-0.10090314369621776,-0.046155262051675146
0.001,-0.8807115492945252,1.133430129065566,0.13671307724435164,-0.5799284973472807,-0.34455671847386604,0.015316384999716435
0.001,-1.2360736596238064,-0.7305063137509755,0.07582162530274562,0.27821732916842423,-0.6481522516480929,0.0049736727759710124
0.001,0.8710377522174855,1.1457399484048707,-0.03804382342477653,-0.6499098168414968,0.47947409787594547,0.019234727230651148
0.001,-1.1710792690150846,-0.8387899999173138,0.037265601776963524,0.515241828649458,-0.6579392433399486,0.08888037376233612
0.001,0.018631838573142906,1.4408595453467052,-0.05761369650930224,-0.6903998855310447,0.0315066348193632,-0.024133542834567315
0.001,0.8677274507285935,1.151618196704947,-0.08718531011376372,-0.632399802602789,0.45520885478075274,-0.008726701194159164
0.001,-0.2776501679316098,1.4164311334079531,-0.10853998695549552,-0.6533042550524895,-0.06113556049151078,-0.019522748778060706
0.001,0.22761011395359818,1.426576826207139,0.09613658093599811,-0.6827604353598419,0.162048273288461,-0.007969681485619471
0.001,-1.0458284770726276,-0.9998313999952662,-0.17392822039422332,0.5716162464567742,-0.5713741971477755,-0.0639014527153422
0.001,1.4444777916144824,0.09297688183808892,0.1430788361207381,-0.0027839961735238103,0.7081707854252226,-0.0325517355349888
0.001,-1.3848328825770375,-0.4230762512099917,-0.10153225416603312,0.12813178503419967,-0.716476586797771,-0.013461223230289185
0.001,-1.0358503641461587,1.0134839652705927,0.05382124501656837,-0.4392177379425095,-0.42999104942351746,-0.041730243175846705
0.001,-1.3030939126841463,-0.6475188153597191,0.01458973528902158,0.3231311633292743,-0.6343605825308039,-0.038842135806146
0.001,-0.23425747874412595,1.4387954653210224,-0.1949640725042665,-0.7726582706980372,-0.020796069265112335,0.042482199217328695
0.001,-1.1544694843866892,0.8935346284302977,-0.09304859830242339,-0.4479229833513121,-0.7052879905265809,-0.036489972207369215
0.001,1.4548551478975578,-0.1265666634368408,-0.06476313570676644,0.13739825744394102,0.6597409445636524,0.019564466157114675
0.001,-1.4541433525360252,-0.2076240754208396,-0.010724917068374468,0.081403973568928,-0.718198883900879,0.059083520389293466
0.001,-1.0537796636537828,1.024915345867212,0.07140137455121084,-0.5510589213112413,-0.4565779110972635,-0.012988844394767584
0.001,0.7006388423098922,1.2939835857111455,0.19451551472234463,-0.6427082328424016,0.36182876933419833,-0.007740079060535644
0.001,-1.331520564073633,-0.6319508469044971,-0.04339052084589076,0.37706603068230393,-0.5293987251242899,-0.014615563825687431
0.001,0.6254002745791564,1.3370482668403112,-0.03848081042575674,-0.6048619018912557,0.40486433598194954,-0.03158252656880694
0.001,-0.9507255904214356,1.132466684142988,0.032108408733915565,-0.5229677098685676,-0.448249849805623,0.005015103306029165
0.001,1.2255321932609629,0.8276360547579636,-0.08379094168454866,-0.33336419971227865,0.5739241385334771,0.05483620216575504
0.001,-0.9117649878727838,1.166177042780323,-0.1258582900872752,-0.5079429359199543,-0.4063597190343143,0.0221779594076428
0.001,-0.02142460838558049,1.4819890836999172,-0.01521247364074036,-0.6098645101798492,-0.07981739576712488,-0.0555881714473009
0.001,-0.856144341338205,-1.2104495351902638,-0.07807811564941644,0.579109688359008,-0.4669139154958351,0.010162526341275041
0.001,-0.8184507243203201,-1.241115050804185,-0.04028416544824686,0.6007527683967877,-0.4094648441611724,0.03674901907492846
0.001,0.08453895835597935,1.4876656281900407,0.0842021971816269,-0.6657545393815328,0.0002656897969110575,-0.03620402656081947
0.001,-1.3762644841476497,0.5752195870211253,0.02911508899492603,-0.25405517773528136,-0.5667774007096643,0.005881508774157879
0.001,-1.3250326161901511,0.6890827828376154,-0.068458244443865,-0.27994467336087997,-0.7055342218470199,0.0483895802692562
0.001,1.305799852368873,-0.7318837645839201,0.006421680562762273,0.35938236343054003,0.6645597955921532,-0.0031335359781641003
0.001,1.1954090475950438,-0.901217457894929,0.03836594287494873,0.4335769216225515,0.5159323202782484,0.012913064553065096
0.001,1.0927056118680698,-1.0239201521965922,0.1233131326056312,0.5387107035726441,0.6307526776859586,-0.0702377938196843
0.001,-1.0459147543309473,1.075371469631379,-0.22658542814867172,-0.4487606226829384,-0.38139904264327595,-0.026749562282550876
0.001,-1.4052432993552588,0.5317548557187474,0.10551949535467167,-0.2942582640419688,-0.5673709529008658,-0.014688135151550704
0.001,1.3215055499024582,0.7189528268715235,-0.06045562076412295,-0.35790122677645986,0.7389225081738593,0.005737596310657415
0.001,1.2213854996987656,0.8815128261143722,-0.16485466400615295,-0.408709792505913,0.6337420827577729,-0.06201703919852057
0.001,-0.03898591690541612,-1.5061766381167874,0.0662010727365447,0.6306917088936763,0.030099607490703048,-0.0061282425460320485
0.001,-1.2213656441953553,-0.8829325983349995,-0.047908193884948665,0.5165711075975872,-0.5723178992270295,0.04753071624169946
0.001,-0.42281393219122976,1.447561217080636,-0.029848517277261018,-0.7690046213923853,-0.27996968134473166,0.015891032151426964
0.001,-0.7921419752534162,1.2853338918121406,-0.005702672320730037,-0.5716432265018562,-0.45454255557598156,0.04726324936411497
0.001,-0.8565325758361215,-1.2444026109552433,-0.09060389239058782,0.7499007258410181,-0.436925195027936,-0.027326590250968542
0.001,-1.3126710701634845,-0.7487177297429043,-0.1550722901683178,0.417697851156404,-0.7045391178136943,0.0041791658754994155
0.001,-1.2316212742815549,0.8960721808286551,0.02162039157976605,-0.29703829921701697,-0.559695468736168,-0.004704460743242355
0.001,0.2236097481476459,1.5069503235383266,-0.10973355385571307,-0.5816187953245647,0.07237892735396007,0.01098163117464647
0.001,0.48871421517047264,1.4459105175813607,-0.08881233011808803,-0.7566716813899858,0.21148490765095299,0.01880125835485026
0.001,1.0566242089188311,1.1022052738451984,-0.1420456345826497,-0.5604599090018105,0.36442492068109156,0.05520471987725467
0.001,-1.5276660689018737,-0.17592274813434905,-0.19512800077393244,0.011026039683234345,-0.7739036562840822,-0.0635362404310061
0.001,-1.543517769111245,-0.14021793350556433,-0.1828439894353294,-0.010406049377767068,-0.633264084405998,0.02460402340619438
0.001,0.832840762300281,-1.3128765405494933,-0.049452954080960315,0.7563787963223274,0.36322714293548275,0.007640174995543631
0.001,-1.3873065653443946,-0.7110731343370978,-0.0268445744525177,0.3691229605909489,-0.5922224609623358,0.008314400170018402
0.001,1.1501799605379006,-1.057464169814017,0.04475964223647359,0.44007151314682386,0.6755988651670666,-0.05590849546036759
0.001,1.5514950486696195,0.1992582291617875,-0.06830796253822168,0.05359105756395398,0.5820133118932204,-0.03309271805314576
0.001,0.24517729729825094,1.5458346802589182,0.2865866087944375,-0.5430674981404997,0.12445886297277588,-0.009980166592964673
0.001,1.554227404948146,0.1984266373753347,-0.015342451786433828,-0.07730137722076882,0.7652170896523548,0.05035458668966525
0.001,1.455881127301816,-0.5811092074040075,0.11432129829392644,0.22862658506774916,0.5336587389581067,0.0018227028923939125
0.001,1.4598361850267572,0.5768937054664165,0.008641788378014754,-0.35788277862461826,0.6713281406673359,-0.0401166904190743
0.001,1.197216502914764,-1.0171860087448625,0.13545732338932623,0.4660254365834446,0.6854696470179142,-0.025270548452722533
0.001,1.2434904153523139,0.9611304394527953,0.10638031451534975,-0.3581173037275575,0.572998628705199,-0.03519350219530286
0.001,-1.494064056889093,-0.48847860264125836,0.11670216427521551,0.06330314017856575,-0.579367613189296,0.04724450180197163
0.001,1.2935801080387155,-0.8948857704725091,-0.007973354562961337,0.423029619325993,0.6392095696378784,0.05412447020368712
0.001,-1.4849085114872087,-0.524225152032494,-0.076237168427571,0.2877900994872532,-0.7084989801002364,0.01741618681941008
0.001,-0.8287346777981692,-1.3401758196317486,0.0501593256024298,0.5374302991358163,-0.3162836691544335,-0.005676242777548252
0.001,-1.009898138111935,1.2130047146158136,0.15179471073167375,-0.5790423004644731,-0.44645882893789823,-0.0047810750686537494
0.001,0.3824653719396512,-1.532079439747346,0.22060482550118599,0.6046387561746189,0.19008537549922902,-0.01439034952002992
0.001,1.054840570645289,1.1814406301353888,-0.06554581411088821,-0.4056975730649306,0.5078573655645389,0.016051116018498478
0.001,1.37346802266838,0.7934768468273953,0.10077699519514674,-0.2099654814723472,0.7090227669600982,-0.013132171171946956
0.001,-0.81069657496203,1.3649388159480194,-0.10335463061087236,-0.4940334634424018,-0.3742378160088322,-0.05760193032050229
0.001,1.445038474221839,-0.6579150550048855,0.027983906874367567,0.32138577729440687,0.6758232885805721,-0.0038509767117370693
0.001,1.394415227522434,0.7633405515337194,-0.03953400564038892,-0.2729330403486187,0.7027503628278422,0.02136150606737978
0.001,0.07511133579195756,-1.5910416328762707,-0.05281870814647263,0.7723653953459054,0.16298135459574054,0.004165545750737927
0.001,0.8462841976717951,-1.349436980701752,-0.014448728368225545,0.5804117249664067,0.27734951672322194,-0.00281763822692215
0.001,-0.05070822733969598,-1.5935046457744932,-0.08100008900348621,0.6940450833815899,-0.007812609396947114,0.031252877166525625
0.001,-0.7691753793413383,-1.404930738886389,0.14396558033036838,0.5937962976436179,-0.30037592401744884,-0.06601534360899204
0.001,-1.2364813294244954,-1.0181444939741402,-0.022337832798404313,0.3906667869725984,-0.6904819542879255,-0.013324215581269247
0.001,0.015103463867468926,1.609090742827563,0.06442932046962539,-0.7958543839213115,-0.04265417255583881,-0.06641281981186428
0.001,-0.8169534490239406,1.3889350778247047,-0.22145194674565843,-0.5936536183894218,-0.21369903948548455,-0.05762482614511529
0.001,1.2138738386657588,1.060695979217638,0.175380855128921,-0.43148924550196815,0.45064058798376283,0.002512765421916707
0.001,1.0406345628505105,1.2315282506224263,0.0804070858434245,-0.6847732304422703,0.5118406254827512,0.0006340436215176711
0.001,1.3552256747808915,-0.8787556806327023,-0.0496247466706331,0.389813559908801,0.7492725406930416,0.0348487084801157
0.001,-1.508303112271817,0.5794268866706153,-0.014398013845436451,-0.22018983659715438,-0.7861574261373678,0.03630636487252696
0.001,-0.8435218842936258,-1.3794529238505295,-0.06899980380390089,0.708033158602849,-0.3875768122564219,-0.025262951385344755
0.001,1.4815757353775711,0.6776795572133212,0.030581549106939165,-0.2528760524262124,0.6164293900836522,0.057231303775869304
0.001,-0.9068675877223034,-1.3621455886928653,-0.012606620862551246,0.6309345122827089,-0.29369656079179124,0.014584273782546299
0.001,-1.4682189559541006,-0.7228027401047301,0.06146914310525181,0.37040426047266245,-0.5568184546663562,-0.060953278939752734
0.001,-1.5427369475839317,-0.5656665468291634,-0.11048243723091099,0.2437006500326256,-0.6134338564842718,-0.00562194123232298
0.001,0.7637488660037137,1.4563770274939072,-0.13335679929169786,-0.5976683575454758,0.37194975030881944,0.04193117727236107
0.001,0.6694459382978891,-1.5020745960048802,0.08375530695155325,0.6760175613856879,0.2286596772193772,0.05004424503397346
0.001,-1.5904849588216186,-0.42517594245571705,0.0017983927576503023,0.17240635982831573,-0.8415210630789358,0.002986632773584632
0.001,-0.8130283948642217,-1.432026910192694,-0.12226809073418757,0.6744515184480112,-0.370661126160557,0.010565622963627883
0.001,-1.3805663917526203,0.9069964588223499,-0.006658248004954704,-0.5205604202464894,-0.605622578253343,0.01620831172645674
0.001,-1.3029024988249513,-1.0203336151385471,0.13822078041143493,0.4185418278556438,-0.49605397446633476,-0.009103504888212552
0.001,1.1066651754444221,1.2330422167472752,-0.03265756782700535,-0.543162667592317,0.49451940705828484,0.0020380373503032577
0.001,1.2777230886967446,1.0547759023404315,0.16131142516953045,-0.4953966542628944,0.5139676062113417,0.019779934166831936
0.001,1.6595180547579158,0.1470913522660334,-0.026662960366711504,-0.00438763999296133,0.6046662542356297,0.04104524768270106
0.001,-1.2688083642004229,1.0915160462490998,0.011303667394551901,-0.45497043861001135,-0.4870015615967578,0.005990091463139038
0.001,1.6419327938698656,-0.3273799156324611,-0.07858419628608675,0.10026442507378384,0.6467588610174451,-0.011099937672252893
0.001,-0.5731626662913674,1.5751376490545808,-0.0361966346689415,-0.7867002318506117,-0.32480114551526745,-0.008418788532164177
0.001,-0.517491908133068,-1.5949488799160008,0.06808243035082398,0.7248449381376334,-0.18637571760971133,0.02018912715366142
0.001,1.6623680115579522,0.23077678388111708,0.2206468029910582,-0.09368208847915059,0.7789024383879043,-0.008751454043234111
0.001,0.7667101752433813,-1.49432374790367,0.0816010831791914,0.574172477648517,0.24643803051561708,-0.024942704827690676
0.001,-0.03624374086299168,1.6803066875276513,-0.03403737130851333,-0.7263712864233929,-0.05496046932335521,-0.013090425879490705
0.001,-1.5645105856931918,-0.6154040613440582,-0.03724254347751792,0.16124481805983365,-0.6181545971378014,-0.005640871360037098
0.001,1.3701194148464226,0.9862883555689699,0.040389207506394215,-0.6176996533305771,0.5854541807655116,-0.04061802964130651
0.001,-0.42843722146283303,-1.6346894301481494,-0.0576680892397483,0.7313818197729535,-0.1281922046197873,0.05640068826257397
0.001,-1.3911541887839216,0.9816087305036544,0.1302794877902181,-0.42072158840064966,-0.5935581149272171,0.006780299340799711
0.001,-1.4678024118335293,-0.8663708249768272,0.17883604437264353,0.3291033127419219,-0.6722906869673041,0.04411087158227533
0.001,-1.6557167196696905,0.40453393111770014,0.00550363240009358,-0.09662280777509626,-0.6783119063347534,0.013851571688131704
0.001,1.0158151629177425,1.3747309886645063,-0.06389543290225583,-0.631876762594546,0.36338154539378975,-0.024527161077760935
0.001,1.67925373371766,0.3224556706373045,0.01935284856296374,-0.19017249743116332,0.7574122792783173,-0.02358250873173066
0.001,-0.22737456688327956,-1.7026591535030084,0.14734247019925337,0.8031610664294846,0.014667622743727987,0.04547614706687506
0.001,-1.2554934460572296,1.173590370183772,0.056727142219415085,-0.38882703111424516,-0.5486506950157417,0.0025177801493003276
0.001,1.023108363412492,1.3812128408260715,0.011269665244639163,-0.6076631508840544,0.376792342472227,0.027232009576084824
0.001,1.062628457349313,1.3529989160778642,0.1580137803923059,-0.5095599470445674,0.42042957678633325,-0.0163279218112543
0.001,-1.0162696088228689,-1.3885516502556263,-0.09977321074643408,0.5633533685440935,-0.34403739006961936,0.027783584210459834
0.001,-1.5588517253897038,0.7367385622973082,-0.02785013422217758,-0.333887891694912,-0.5988409781614332,-0.04615981178515036
0.001,1.085905315764165,1.3448432030640693,0.009798357358824132,-0.4165950890346668,0.39144475830743214,-0.008064107348315258
0.001,-1.7166528856620502,0.25471407933057505,-0.20227213761008836,-0.07593213099740778,-0.6987848622662006,-0.010827104475736593
0.001,-1.7386658515860474,-0.05999877034981098,-0.021503800283956223,0.01426116052598197,-0.6768175702509133,0.0004219288317674974
0.001,-1.2531618009076746,-1.2119529535828213,0.062465278963130304,0.5271345449029277,-0.6013681560510513,-0.004458443289718796
0.001,-0.74806100257839,-1.576170700924232,-0.04643287821792941,0.6589010755257197,-0.17103916357748897,-0.022764992398709345
0.001,1.6992314435794849,-0.3984824373804315,0.016293720989258492,0.18959644055392483,0.8030864817509857,0.012290512992339696
0.001,0.21318256842901784,1.7332140216156426,-0.2006710673921307,-0.7898474885011891,0.15103592514346528,-0.08309960904495653
0.001,1.559664156936635,0.7866009133633157,-0.02052368420483477,-0.31275730964078274,0.5940907902815782,-0.017229560733782043
0.001,-1.7044782539667687,0.41485386716914524,-0.030913343463704307,-0.3106649761834632,-0.622090835676303,-0.007346117995538937
0.001,-0.4424984821924706,1.7002119112557819,-0.012981150882727749,-0.5987428546370317,-0.28186832838614867,0.0353346297027896
0.001,0.7263414685836275,-1.6006122743177402,-0.030938557385718542,0.7517215628893854,0.32958188873286687,0.029275604637054708
0.001,-1.728507935680079,0.31965567432650255,-0.016742573649833177,-0.01620692256201374,-0.6369312364566206,0.03937698148104048
0.001,-1.3319066392266794,1.148154414768195,-0.033061344577797046,-0.4983883469000708,-0.6431740705799359,0.034130952160284576
0.001,0.9351652109726345,1.4893162310399886,-0.014173378674061172,-0.5709879303779647,0.3019288570766145,0.00992878872100186
0.001,-0.4569959115885191,-1.6984100746182595,0.008348068384468822,0.6240691445141646,-0.18975521047383478,-0.07055042748207983
0.001,-1.3858070842549635,1.0905331021028055,-0.21713005434282265,-0.38031816195487994,-0.624341654506367,0.026794293640277952
0.001,-0.08407640726381925,1.7615268745936676,0.0028440933502120354,-0.7699338582696333,0.17369328424206187,0.035610903274726345
0.001,0.8993156732349186,-1.5203934977191849,-0.010688062393530894,0.7250005699361777,0.40208446547429166,0.010031879671924628
0.001,-0.4182731884689801,1.721041756767618,-0.036471691102067785,-0.6700293113335223,-0.07676742702025859,0.02264836885133523
0.001,-1.1901180263213407,-1.3126713169473037,-0.056678568243584054,0.5284571489841952,-0.4319976944705876,-0.02275980877365728
0.001,-0.40748828121319497,-1.7276227829081419,0.04632425246860339,0.8708537306793028,-0.2610801281936048,-0.0258531678597977
0.001,1.0712590771811168,-1.4191924088721362,0.026869210233381437,0.567656447406113,0.4342740037040722,0.020301938657095557
0.001,-1.7827762670618632,-0.09029593012893672,-0.043511648890635475,-0.07590925269707516,-0.7061135713918878,-0.013110459401028474
0.001,0.3211560348355499,-1.7563104858513507,-0.03672011185119419,0.7476300275324097,-0.002428816890643004,-0.028859979873199083
0.001,1.6991447940589715,-0.5548408521361265,-0.2131514620192325,0.21952302981459954,0.6787966726015039,-0.01128459734477212
0.001,-1.6395835228805251,0.7123349573489602,-0.06252309245063796,-0.3204412173078401,-0.5750400273089811,0.006279955145461505
0.001,-1.1296687238459429,1.3922379925580581,0.2241026435908109,-0.6385168904269859,-0.36903356407731025,-0.02239798778915768
0.001,0.8224138973852687,1.5933737403451287,-0.024892859291078078,-0.7076187356306349,0.3334554103162326,-0.035409920344021746
0.001,-1.7757965166501752,-0.26432316458602656,-0.19980632942208332,0.13234828312505323,-0.7429775858739046,0.03392001540369968
0.001,1.1848462615540278,1.3561829366147997,-0.09909420444464159,-0.5518957922884656,0.48380113414941817,0.019208626489834082
0.001,-0.017767011591021623,1.8039700957934872,0.17560438082443144,-0.6732975448807215,-0.04509564278458165,-0.020170661233275138
0.001,-1.0624446121834215,-1.4714795405994048,-0.033090295142837726,0.5625668508582289,-0.3131149396822329,0.012077424044314526
0.001,1.1220862020768247,-1.4272701709477496,-0.004013628349858893,0.5086047356649294,0.3831136034703348,-0.06288925819924047
0.001,-1.4662621665415185,-1.073482547334837,0.004917126581499553,0.3791937710918563,-0.6024409301902035,-0.007077392473993633
0.001,-0.8768855756651424,-1.5925269826970667,-0.07543553968093576,0.6282621446676099,-0.3237100157879893,0.010479875696700253
0.001,1.7174610314366046,0.6166750248452754,-0.1897011392372014,-0.23987425570086787,0.702792974417006,-0.0031187644738565018
0.001,-1.719026353783118,0.621053059560501,-0.09302910388448456,-0.2891911542769624,-0.7813973970234092,0.03995286278281644
0.001,1.6858804143133304,0.7317437180951444,-0.21145647402071047,-0.16752615611551144,0.6640902844802774,0.022661094740090912
0.001,-1.310813386199543,-1.2939133121087325,-0.007632650755603331,0.5175890126461135,-0.44621288665736264,0.001914972825946438
0.001,-1.1327636466672928,1.455155781781915,-0.03271894559758289,-0.5783425216017869,-0.42786393382531607,0.04945552831583037
0.001,-0.8641807900159427,-1.6307674010005226,0.17960232618242664,0.6447582817572949,-0.3367258005691607,-0.007299045826814878
0.001,1.0690665836267996,-1.5059104510157904,-0.0037814731034457455,0.6148856376448072,0.4075534380676472,0.054636056396331185
0.001,-1.7249791024350065,0.6752729508942112,0.059251913037130025,-0.2226086999179292,-0.740432020828813,0.015058867877708297
0.001,-1.8252803864249973,0.3217121417444678,0.10058996624514445,-0.2001619251849014,-0.6291276371512065,-0.014579954849628013
0.001,0.5028544912151082,-1.7841268206820515,-0.07702399309752023,0.6289328770433295,0.1783713766147722,-0.005959586998093352
0.001,-0.5020217428352818,1.7853092948290303,0.042623803895843755,-0.7629524809576624,-0.05480965182014835,-0.006620889796200168
0.001,-1.8163515848481557,-0.38260190689325324,0.05895966490480629,0.18807709655887678,-0.7678130405447722,-0.009400116189718156
0.001,0.0014057481937049042,-1.8574659694428108,-0.0029150144805736365,0.7405036630040565,-0.0074494109185012205,-0.036111553289966986
0.001,1.2307149414195688,-1.393991200878425,-0.12283881390421135,0.5006802458939721,0.46928635312014205,0.022309733581292256
0.001,-0.34353463727003786,1.8281306789537843,0.05327484263771899,-0.8379257841666438,-0.14830962501723266,0.04996377169306607
0.001,-1.418205865120423,1.2055311905166863,0.20991682302812542,-0.5266977016274476,-0.5532227845415963,-0.044439919987141405
0.001,1.587170458379982,-0.9733213756512443,0.03675920852467972,0.4062508894947753,0.6454358658912043,-0.039334696976932565
0.001,-0.19914191799597197,1.8521442176957164,-0.0750214966790112,-0.706813081897113,-0.16338296474571035,-0.022561982349959306
0.001,0.7366489329308271,1.713186667285129,-0.06511543668889246,-0.6781779989698419,0.3078320332446819,-0.05703521232651128
0.001,1.488835477170409,-1.1231913412692272,0.11857368796315954,0.4163400111381649,0.4570482846072169,-0.04946249059311562
0.001,-1.525594738273421,1.0799834723637425,-0.00962173655769887,-0.4606728005027012,-0.692213201746495,-0.019831796640753747
0.001,1.8698650406015667,-0.04897997579341334,-0.16589843684188732,0.05130264778214894,0.8950198039047488,0.04100805202160823
0.001,0.24358748751990364,-1.858908912926058,0.017071512748273034,0.6694124062968555,0.05196710511687168,-0.0391778701118889
0.001,1.6129176818392503,0.959085479569125,0.1772296666309251,-0.430530647941791,0.6205283581674437,0.032214055242261216
0.001,0.5512955865769711,1.7954356136852125,0.10902845166490865,-0.704172996071455,0.15212325511438,0.01854760219202097
0.001,1.8341612628009514,0.42347072281384807,0.12139376276510937,-0.1317633668112338,0.7777627112263558,0.009870432455093716
0.001,0.06031252131590764,1.8908016385831288,0.12547241599289508,-0.6209745924156475,-0.008603669112469282,0.01947028945907661
0.001,0.11454035642458517,1.8914345792260745,-0.09573483537070582,-0.6685452781600583,-0.016760032048208168,0.032686820188019106
0.001,1.8893844039761216,-0.16062707100933027,0.05918442408463879,-0.03587799763285357,0.7344726947985947,0.03266790747307298
0.001,1.5945783689861563,-1.027433962061045,-0.002374116149305156,0.39915887184966614,0.6196515524565369,-0.12097270475322676
0.001,-0.10371217924077222,1.8943459609972875,0.20772181164808795,-0.5551354115924794,-0.10699869928447203,0.04692543646866651
0.001,-0.45063250284934325,1.846077673782323,-0.009961434449422588,-0.6685536539977756,-0.1935029134048103,-0.0470545799000609
0.001,1.2369502842176883,1.4448243874071394,0.05756526382693712,-0.43671622180854763,0.5234547902728326,-0.0017414426898413075
0.001,0.12050843882919655,1.8987703145706174,0.05730276677860997,-0.6845167463009983,0.029093731853049414,-0.06078113259330868
0.001,1.6342272664228423,0.9937161545238962,-0.048727099758831584,-0.29659132364616225,0.5844972953700207,0.03490595156589114
0.001,1.15183411182554,-1.5280174055351416,-0.03441318653605487,0.5636862062987104,0.4073729317490856,0.03700368305759964
0.001,-0.19247607058310737,-1.9044552686028304,-0.1465964300939603,0.8156364787210915,-0.06546952725197028,-0.020477558529802414
0.001,-1.1831999245765683,1.5053545743341354,0.08966594685371476,-0.555207193734836,-0.41401811372692043,0.017285249832764915
0.001,1.3178565078176334,1.4018529842368668,0.057679697448918946,-0.5797359186850876,0.3663144224224697,-0.02752351335715346
0.001,1.619771423547925,-1.0523401281670537,-0.035134996958396246,0.32280996102072557,0.48564040428155064,-0.1177473164548907
0.001,-0.28239916107555446,1.9119695185647372,0.06032679418526865,-0.6510725564731694,-0.17118115524495442,0.07037516655755349
0.001,1.7222820179706457,-0.8867181284496247,-0.1442502555945465,0.31194015961489047,0.7605014752793836,-0.028038175096905205
0.001,0.831989943026989,-1.7503720643698404,0.04273685281492281,0.6312937804191211,0.3459291051465928,0.0432770281605584
0.001,-0.7159421072829333,-1.8029683684907485,-0.07189595129817565,0.4644022687781305,-0.2924496863164575,-0.03952661818872976
0.001,-0.017765135097389854,-1.9479990250356078,0.07882895838824341,0.6827847749904529,0.13802937941955654,0.04203253229940908
0.001,-0.9089054417954499,1.7238736731830397,0.14481966666747925,-0.6318819826202575,-0.29733315966313667,-0.04571354724339656
0.001,0.4993355997452689,-1.8885176180836765,-0.06442840251944476,0.720982865496371,0.12040324336220763,0.04288715175530316
0.001,1.8094141511263846,0.7646046631034277,-0.08487342604634206,-0.21457939672116244,0.5888233743776958,-0.016154746908778297
0.001,-0.8121030553191424,1.7897637530112427,0.014739786853513688,-0.6093870481409775,-0.3152139508378964,-0.0006997748014255929
0.001,-1.4824672344798098,-1.297491049419097,-0.07395245608441439,0.4890753142936285,-0.5341156144485201,0.007354483748989014
0.001,-1.3670904456612094,-1.420864348469147,0.028046447769151824,0.6424173651031253,-0.5698183103804462,0.009618582746351419
0.001,-1.5827219380309727,1.1767218862747626,-0.08287117248049469,-0.45894902228281864,-0.4727311908756173,-0.034539849360653054
0.001,0.7766267178191087,-1.8137880832294107,0.1161946328912593,0.7724987932008467,0.2263256977477583,0.005704722255231462
0.001,0.41806096794270986,-1.9289628703160462,-0.04505051071285694,0.7129935953891107,0.14346911477510882,-0.04075559417084823
0.001,0.9684215602479114,-1.7207333710005637,0.020204810480021592,0.58344312124135,0.37557762501947234,-0.04823795022058646
0.001,-1.477999782086708,-1.3213879627127285,0.09850156908553082,0.4859468246021236,-0.47791759551575114,-0.003436073810032017
0.001,-1.9774610886990853,0.17004187764695866,0.036240159825365145,-0.10289150975752337,-0.7026845211346783,0.027517460364830867
0.001,1.8908435352941169,-0.615034795272782,0.08526602205385123,0.22008080446099493,0.6745518672494508,0.012772847188767197
0.001,1.593445576045914,1.1894027222335117,0.02798562653751828,-0.39139384893340495,0.5346757844777945,-0.022402758929567834
0.001,-1.8012722556189344,0.8509309687428463,-0.05910325071348638,-0.21628670741204403,-0.635122916473501,0.050092129417842135
0.001,-1.0491409482009808,1.6959457937450857,-0.05897214351998046,-0.5187356072391434,-0.32182719210610045,-0.026565870629298702
0.001,1.8903822376750592,0.640275622006475,-0.07145225342635067,-0.22671788677195054,0.6672969608400181,-0.04749951917381754
0.001,1.964979712270712,0.3588341191294415,0.09373137136204945,-0.23176694403425363,0.7015875574709538,0.04175830140380849
0.001,-1.974489628357432,-0.32626318338620147,0.06362692118813242,0.18923485852485433,-0.780023388093796,-0.02536267616798022
0.001,0.7956568469654489,-1.8390231947880726,-0.18912449524049796,0.6031124212179876,0.3914124081951036,-0.003229655113852748
0.001,-0.7973849903134331,-1.8387785510842471,0.11808814293262633,0.7094826512127279,-0.29923024611301674,0.006222393629637365
0.001,1.5331709712344852,-1.2940801633620456,-0.17621542102092325,0.4099510256244378,0.5978057053712065,-0.024966242473768406
0.001,1.5259360275298375,1.309820898258788,-0.07292967125425069,-0.41919088735973903,0.5439923165409161,0.022280709208742165
0.001,-1.9339416447443163,0.5701663515106569,-0.2149447371641059,-0.1958069485512068,-0.57555654904434,-0.04969900885117886
0.001,-2.0263941141202104,-0.039468734962280365,0.16681001506592907,-0.03579080626270291,-0.6347999352884618,0.020530994603977518
0.001,0.13453461228567037,2.023749376327125,0.009015438923740978,-0.6226274939008922,-0.037895997423511976,-0.021116393916394
0.001,0.7478216619478956,1.8857081327153267,0.11611236012160289,-0.644062598778242,0.3519637033479209,-0.05967920048860191
0.001,-0.4403926392693322,1.9857664584089307,0.07703888975977036,-0.715720508863355,-0.08348478917969758,-0.017349221753823862
0.001,0.1177160034617543,2.0337535199867176,0.11566922197574317,-0.6661746919613005,0.011509292572852842,0.0013073000229548546
0.001,-0.2641242480823019,2.022725738565319,-0.08417897811730672,-0.7039525525830034,-0.04621016646415916,-0.018388710733296686
0.001,0.3175929601034068,-2.015769573303338,0.1564061848970582,0.7020385753163945,0.04502362783522032,-0.014906429432367991
0.001,-1.5589965378839357,-1.3216640505658215,-0.023326156306501176,0.45624087813001446,-0.5321180883474179,-0.05915427505573671
0.001,-0.6723415087266243,-1.9318225595167484,-0.0313551685267019,0.6740291561700326,-0.22340356156119698,-0.008952948409904704
0.001,1.2668671334278243,-1.607211639680197,-0.09133934963486723,0.4429232993066201,0.40492674812185575,0.020522058502667147
0.001,1.3812660515571191,1.5123558205027896,-0.11285053384866611,-0.5697017826274021,0.4648348024595385,0.0067176296607465175
0.001,2.0399171755188172,0.2217969957732517,-0.06082476558289342,0.06905522573518696,0.5881764765169507,0.02206297910826254
0.001,-0.5965169610271532,1.9642909639847026,0.018876683196392324,-0.7101118049612654,-0.20317678819919618,0.008230979737330082
0.001,-0.45316555972777506,2.0111045973424777,-0.05480415343911128,-0.7507702525246481,-0.16390488501164668,0.02061575343473037
0.001,2.041789488485761,-0.29433267273220515,-0.07810150708924196,0.07867767490626511,0.6508272492186976,0.04808659132563706
0.001,-0.27140819971182734,2.0470096774078765,-0.021811595078012416,-0.7725998466264202,-0.19737022563133227,-0.009332562230172647
0.001,2.0579644731829836,-0.24872936589619096,0.008288853989404498,0.09383408723003633,0.798101280513773,0.03574786463198895
0.001,-1.0368254937781067,1.7985584199429712,-0.05828630598931274,-0.5955497198079455,-0.3449511676633106,0.045029364048278814
0.001,0.08917349550878445,2.0753144037952493,-0.09507172365702582,-0.7222119432453331,0.033674035701294736,-0.023315806508890514
0.001,-1.339936629471665,1.5903407882221556,-0.012457378889103228,-0.4526092718919537,-0.5523857622126096,0.043366718096693804
0.001,1.4060894999161921,1.534405553101286,-0.018012600399216937,-0.48042842426134574,0.4435990152547855,0.010970371801526766
0.001,-1.6014722290779082,-1.3303852113664372,-0.007881923350953049,0.3825408273506741,-0.6170774436980669,0.07103595049237482
0.001,-1.9991633772320423,0.6011477615169518,0.03405466483697636,-0.2643610383555806,-0.6952934794745508,-0.029463010394642487
0.001,-1.498836531950665,-1.4550329216898006,-0.05896644225295564,0.5448525061235259,-0.45141356085337336,-0.029011639874360885
0.001,-0.8924360903982371,1.8908660961352879,0.032637565999152955,-0.5162796910029362,-0.41079970069487237,-0.006277184199046581
0.001,-0.37974895696861033,2.060048214932197,0.2151060888843741,-0.6467505120651876,-0.08943876570542228,-0.0518473936988063
0.001,1.6740610698452298,1.260975514254073,0.03078972775033594,-0.31933477140337113,0.49402787521687286,0.015261102083916706
0.001,-0.9606144818175366,1.8665826666027956,0.057694560819828225,-0.5177391034883101,-0.11667657290653871,-0.022135665163528346
0.001,-0.9521402501159185,-1.8714883985758077,-0.14625883334491094,0.6514376207936537,-0.2151054874767226,0.028260321170703526
0.001,-0.08912230205481943,2.0980798165081556,0.007038580502184912,-0.6281437377455172,0.0075380262186927754,0.007874140663271183
0.001,-0.27954082311977607,-2.085471488763408,0.03349884754041899,0.6242287703837693,0.013116187599159432,0.020864458142076856
0.001,0.6177757348345269,-2.014911193900182,-0.21269472855782978,0.705288030534102,0.2565087399379888,0.042491147766486374
0.001,1.404145281452071,1.5755342555838872,0.013576671224063589,-0.4440240076817621,0.41830429738571506,-0.023787287207293888
0.001,0.6190665237358866,-2.0180363832605397,0.048730474442445215,0.699771247890338,0.19582148682094547,-0.0020554782735820974
0.001,0.7771238304533367,1.9654137590815768,-0.22390479812277742,-0.6166083417207258,0.24559240583694003,-0.04027386467641633
0.001,0.7376693300438723,1.9822535847978593,0.026670403128352328,-0.5614803541394872,0.2904404482001919,0.005561546742100806
0.001,-1.7074297059258232,1.2640188859903398,0.0726845507049047,-0.4020007559990534,-0.6213461157565822,-0.01278348861081402
0.001,2.0063825603819456,-0.7016889641486825,-0.05356963004812481,0.25882067907771605,0.6964210948344973,-0.0005498481143581315
0.001,-0.7130966760441732,-2.005870285063193,-0.11519369480291493,0.608397959716816,-0.19091592110140435,0.08722323427827144
0.001,-1.562739832053384,-1.447179011562972,-0.0006813993268816788,0.45180779446799135,-0.475694943368406,-0.006403869738600325
0.001,-1.610392666211362,-1.3980170512889465,-0.07299902152781888,0.4526367825503943,-0.5042000697658341,0.07011731725618478
0.001,2.128856300556233,0.20134836732028058,0.051997972574040596,-0.02568161650909452,0.6143289173655243,-0.029913589888524054
0.001,-1.0212327222852282,1.8855040414117281,-0.1454545744221065,-0.5560492366726819,-0.3355619608546718,-0.013585087171703836
0.001,1.7848908193482163,1.1947305628612717,0.18893105722247908,-0.3265297716049567,0.5572455051581406,-0.060116296652322106
0.001,1.6202292081637402,-1.4105011642151486,-0.08139060412993955,0.5405094000176773,0.4305884797210703,0.0049625292872785155
0.001,-1.2772913362908973,-1.7345819237429845,-0.1651902124965815,0.52834406732749,-0.40356932247337596,0.04651689948726666
0.001,1.8991482822407757,1.033188985733265,-0.0563033005529095,-0.2974751630064909,0.6137173505950649,-0.027150012436678316
0.001,0.5884454890097,2.0839722513130527,0.1229999749732838,-0.687433165255618,0.09210022655085844,0.03353109986913644
0.001,-2.1500310745338678,0.2840032930502576,0.12396170174898896,-0.025332479812521666,-0.6126830411526978,0.004376090956013379
0.001,1.875497418408669,1.0908516757846944,0.11978612268437246,-0.33416438719192987,0.6234554753174734,-0.042521052636448176
0.001,1.212094297196276,-1.8002553649374622,0.16696748697471642,0.6372622446933423,0.5469271336237158,0.014902005433659738
0.001,-1.7408125955120632,-1.303153773699479,0.0271494524228095,0.37401809125027724,-0.4528850433475144,-0.0008245865047732626
0.001,2.1553638647255644,0.29281482110147444,-0.08889223190913244,-0.13712462698281488,0.6541170967588432,-0.018484856728403134
0.001,1.8087464461542333,-1.212677361496446,0.08691025832564447,0.3491930709903157,0.5659671277507629,0.04449783666846088
0.001,2.085112356000779,0.6349856426312711,0.05498055826492403,-0.17644045668897146,0.7947446435368667,-0.03246905922697885
0.001,0.804902510058776,-2.029635486760304,-0.134630127643251,0.7831009082608358,0.23617463893983678,-0.046357902905912546
0.001,2.1693723498393904,-0.2514239805270897,0.08693630992775968,0.13503750455855199,0.6089329878774907,0.018800654289648385
0.001,-1.3872962674038325,1.6940124317478766,-0.16760925894276146,-0.5043829091646004,-0.42467442431464475,-0.03693885655505886
0.001,-0.05642477901435587,-2.197323786763943,0.12612356436290867,0.7101506801052162,0.015824945548393574,0.05137765268444038
0.001,-0.7927236329854128,2.0505660417815097,0.03235380721307341,-0.6390412871495288,-0.1872178613703071,-0.048121084733085455
0.001,-2.1937733482185764,-0.16172587567031235,-0.04986403882644764,0.09774930442778956,-0.7069832288431939,-0.05110570198604455
0.001,-0.8635956906268046,-2.0287938265834984,0.0506372798128557,0.5569988763148374,-0.14391375705612344,-0.01808294826912702
0.001,-0.08164789432885985,2.205745179868836,-0.1830866891246823,-0.6214807510367727,-0.09040495458086725,-0.04123899918499305
0.001,-1.913948169725228,1.100462774404788,-0.2169605789582792,-0.24885111830653728,-0.6354591728278829,0.052169573588532976
0.001,-1.528393802384003,-1.5953577817387778,-0.05947058126124778,0.4855747729251762,-0.565307261967506,0.016307975494526245
0.001,0.6658951066458834,-2.109920773633588,0.05154350876635704,0.6414560672103722,0.24779628055304692,0.004595943403962532
0.001,-1.9582257198379602,1.0453933357795149,-0.02852914443831498,-0.11960517013408747,-0.5666120213177521,0.021917595747348605
0.001,1.17983078640738,1.884285597869602,-0.0748503169042704,-0.5294536673082381,0.3660449283216843,-0.01847010983678782
0.001,1.1236219463775492,1.9209744952048182,-0.039939652822978344,-0.643676825935219,0.29939903881450064,0.02002626970121167
0.001,-0.20089814364262681,2.2176352447745593,0.10837882598950387,-0.5943402119875733,0.012561936578715426,0.015847690392234475
0.001,-1.168299007994147,1.898687382026619,-0.07037753115945117,-0.4688352720304648,-0.464396292018539,0.08747741109178572
0.001,-2.2284651633887096,0.0912914796982755,0.11580086662285104,0.045095485227235554,-0.7255401112412609,0.01338190293145462
0.001,2.135845463563073,-0.6516858337207435,0.05007473226817593,0.20498136326162616,0.7898654473529829,0.021748242031052488
0.001,0.8479336491125385,-2.066929447338299,-0.0075301795149222295,0.7011604784752979,0.2642403366408843,-0.009894666790539334
0.001,1.1503699352753214,1.9152270563439966,-0.04785160774554051,-0.5356861866012386,0.39248272546340685,-0.03273574346114263
0.001,-0.5412123357093583,-2.167628963226177,-0.06816969846089237,0.5551047726582939,-0.1346523939362775,0.024300574948412194
0.001,-0.673580937889436,2.13278545559786,0.11657809741612975,-0.5908208290967842,-0.14611055096083608,0.0014337278385545009
0.001,-0.20334835914183585,2.2276076814598684,-0.09326320427016573,-0.7041387024078221,0.02747984253253724,-0.001516541614994566
0.001,-2.223376548210733,0.2546995567034962,-0.0053290318251934385,-0.08469056065887176,-0.8029020959842674,0.007371513508235094
0.001,-0.9021745895874631,2.0486442879276683,0.04229438389133272,-0.7526886485675441,-0.2116324651259628,-0.00955170369119228
0.001,-0.3752474984369881,2.209665265158575,0.0030999152982691307,-0.7362540782754251,-0.12044662361589244,-0.006790047163987145
0.001,-2.1054577754636066,-0.7693861011072286,-0.08383500448140906,0.26372674103565846,-0.6085147649695146,0.06433696736325786
0.001,0.9433037998832444,2.035591131805673,0.003488114750328042,-0.6591843291789026,0.4087440325954363,0.03960249945126088
0.001,-0.5216888169470643,-2.186140071801283,-0.03895689330185542,0.6492821035083127,-0.24817848272600251,-0.013530364265261817
0.001,0.24120990454308328,2.2366980123386297,0.042634731911021476,-0.5801376850289973,0.07868208655568076,0.003062949847763886
0.001,1.0659011125139837,1.982053822763532,0.06913435035885739,-0.6217760053342123,0.2712358040762683,0.08954448894774533
0.001,1.782634449434311,-1.3742501568182153,-0.013301961885618885,0.4894132741913596,0.5952773125718933,0.023397095305079225
0.001,-0.5139196090547866,-2.1934699885372875,-0.12330940785446128,0.6051365214698962,-0.1867362663835826,-0.015204176048413653
0.001,0.840309963065702,2.0920560489139133,0.08865497417947543,-0.5297578827863152,0.1509905993465691,-0.0010253267718558607
0.001,2.058953105029436,0.9214434990783721,0.032178000600045685,-0.2323049381518204,0.6640785795543289,0.046414422257712064
0.001,-0.6260360821228173,2.179187679592104,0.03793787425289527,-0.6413180438751764,-0.2173848278276427,0.0043620768797043115
0.001,-1.6326874590046043,-1.5763195654372382,-0.15463812065784655,0.5502967193080089,-0.48252650537834174,-0.0024294336902658748
0.001,1.8142602187483892,1.3639356682947368,0.032693142120187424,-0.4042329889036875,0.4950161614527124,0.007640664513470456
0.001,1.639994619061123,1.570593068737442,0.09084096637031797,-0.46199371352503305,0.4836936437623809,-0.0014475179721947287
0.001,-1.4864111575516674,-1.7170654695804564,0.04787243063789087,0.5167829751830464,-0.4816570902612638,-0.05578220432883069
0.001,1.7299770990028318,-1.4747207524012729,0.056087939456935076,0.5207478089300688,0.5445692091082275,0.011687646991814429
0.001,-2.0027428117602484,-1.0766299132170862,-0.10904474519669097,0.42242598880305604,-0.5903143099035737,-0.014298678177260325
0.001,2.13341312661003,-0.7962274043376375,0.11722523350973252,0.3171561293625245,0.600721529238846,0.005255184506140869
0.001,-1.5805476274736479,1.6451913986768518,0.09917498471314534,-0.49479302709132345,-0.4672926560967235,0.05676380078397534
0.001,-1.5863892511616433,-1.6433603313831289,0.14429602682882967,0.5543125380068169,-0.4796072415757808,0.063811430970643
0.001,1.2264124006625665,1.9311070513385225,-0.03936413178829814,-0.626238149550866,0.4756885325746205,0.000979045545204076
0.001,1.1306415339715787,2.0005888910748686,-0.2629629319767466,-0.6446781911266037,0.3701730581952358,0.013193043031965147
0.001,-0.12376846847541619,-2.2961831768358354,0.005245639260548411,0.6908578288330772,-0.014271252413157458,0.030301171956668614
0.001,1.576181924102494,1.6771798351954905,0.1597040288184821,-0.4682748484494869,0.5000531298896289,-0.059610754542640865
0.001,1.23637857322491,1.9460707655182121,0.014848438694631061,-0.4489604838552256,0.3228734655229621,-0.06867833100606996
0.001,2.300565039253427,-0.15532629299742276,-0.015137669121946227,0.036616574375815725,0.6666044721589124,-0.0003627828808087031
0.001,2.299816014123454,0.21888389411366352,0.2743019116479329,0.006993579860967408,0.7082111780158021,0.033733056850390034
0.001,-1.073998899679929,-2.045895970225786,-0.05474617745167622,0.6089730552888546,-0.2827717440971284,0.02598411062513039
0.001,-1.9846754499452697,-1.1846430165625983,0.10297581600608544,0.4098225494666957,-0.509799191591445,0.029572425524055118
0.001,-1.2652946974485044,1.9386595537366953,0.11920363212000601,-0.6113778357821699,-0.33632172102211266,0.003291100479058219
0.001,-2.233314413289561,-0.6163399693087814,-0.051893255655655224,0.0773939331387225,-0.6122078895422374,-0.0878502913949498
0.001,-1.6497334076941506,-1.6319020326237486,0.11818947313417144,0.5305579136129919,-0.5310004670391791,0.007311599785760161
0.001,-2.3129116734506856,-0.25467155109476936,-0.02668538340429822,-0.02114958941514626,-0.5194327109569197,-0.017589995828498985
0.001,-2.2593488390972674,0.5620063183298555,0.024457964354243248,-0.06924063494273515,-0.5812196857504861,0.049103154980684884
0.001,2.2459808422241347,0.6355865780926128,-0.11756724758300136,-0.28344793882098296,0.6393685633316357,-0.045059446291362146
0.001,-1.4860896150766187,-1.802578024801409,0.04281788997034808,0.5077105680551995,-0.4974679234733253,-0.015201049445370105
0.001,1.2958994551864764,1.9498113466432436,0.04364849824393311,-0.5505112484155765,0.3598653050763575,0.003558713849062415
0.001,1.2493623759262915,-1.9847625824902768,0.031167016606367975,0.5682183676445456,0.42712001148383655,0.004947887545024868
0.001,1.0792471063354725,2.1013672298364225,0.045019895798441144,-0.6683754509846825,0.3669166207418243,0.007245084852539394
0.001,2.170831023535571,-0.9383864542263327,-0.02281578797555565,0.19708835713351788,0.7339861851029202,0.015618519808694708
0.001,0.6332678195411297,-2.2800621558313163,-0.14055014893613457,0.6991813570057787,0.22130507935230642,0.039474027345487536
0.001,-0.1977847752123141,2.3653505989938615,0.20506901690290752,-0.6018771791364299,-0.08382567991841663,0.06440540863844675
0.001,-1.1594914985292528,2.0730772110985765,0.015138087027239556,-0.6216949400764069,-0.3596973668177369,0.009546405056402274
0.001,2.1719454922597623,0.9695777001892176,0.1888381495586553,-0.3555682412328346,0.5922688061989276,0.03272962424811027
0.001,1.9595861979190663,1.3512309759954104,-0.012741891665335753,-0.34332125488346893,0.5135858285471108,-0.010819854007688456
0.001,2.1420917915105337,1.0397280290564237,-0.13369666526549923,-0.5128078810680475,0.6142193657601235,0.010256794388870658
0.001,1.4195115274318102,1.9119316141187335,0.04618479654245768,-0.5317704237591352,0.4010191400748039,-0.025854332747256077
0.001,2.370422231491768,0.23162475226645127,0.02487878470990343,-0.25248738429134865,0.7125507524482274,-0.04588195269526556
0.001,-1.221062493396665,-2.0491941646444096,0.2809613153700144,0.5473370205322798,-0.24223183416713467,-0.012431065264681941
0.001,-0.7208662300290383,-2.27554164268824,-0.06739005033030325,0.6941461015451915,-0.2106947275781622,-0.038839043989775654
0.001,-0.3255484713311975,-2.3695153310483743,0.11628487959145446,0.6094717216827241,-0.17227068717832372,-0.055894015808252
0.001,-0.6636285632421155,2.30095870980267,0.08955750603300418,-0.5079069626446062,-0.11517586237788965,-0.004355101674535725
0.001,-1.4462568439309225,-1.909171677150302,-0.09557130087152303,0.5196974517751857,-0.4738636728707232,0.04110083612271979
0.001,-1.9528199063256633,1.3873392874358588,-0.06685023347909136,-0.37677565953761105,-0.5484454539161947,0.04707814434991716
0.001,-0.8124298189781514,2.2547074501353928,0.1619437479974309,-0.7197089224491251,-0.29595704431287584,0.02408483134687611
0.001,-0.9578329068717019,-2.2017648281575344,0.068880453403715,0.5972867411351622,-0.24453280685535536,0.03155530198867363
0.001,-0.8846393596356712,2.2358679774268317,-0.01996418854788915,-0.6093275586412259,-0.27360627972448104,0.06295991387151925
0.001,1.990410799952996,1.350861898013267,0.08351937349061657,-0.5111780482479874,0.58185138164776,0.05481227377589996
0.001,-1.676147133955418,1.7291187302356406,0.04770170165204207,-0.4182685134015004,-0.5308082478741589,-0.01298135163954339
0.001,1.8002466712561467,-1.600638124730529,-0.05789320216996388,0.6013694288130195,0.5237185551099388,0.021140808773392996
0.001,0.383090570832468,-2.37980587963854,-0.09304556880590582,0.6943947958624674,0.05566993721040803,0.05517194433571
0.001,-2.410170979192328,-0.08106579954024772,-0.11987042048476207,0.008964137911124303,-0.752397789301524,0.07990349027099863
0.001,-1.3487795088647898,2.0068846008076098,-0.15163714110122856,-0.5158621161405029,-0.3472457373917667,0.05239773918007874
0.001,2.415428806923428,0.14130337195051143,0.011484021135821951,-0.02494053448233214,0.7127202716506285,0.02098147823935632
0.001,1.9116226091315567,1.4850849727404358,0.27855100578065967,-0.3883972580372214,0.4685681341775516,-0.009005726451203162
0.001,-2.3838045713300957,0.4364381634089574,0.035550553291782416,-0.1378332813099754,-0.7216777062761236,0.021355075332678716
0.001,-2.406366479465501,-0.33362961383981793,-0.04289322425459462,-0.005001076430214954,-0.5904929050121284,-0.008641221313069207
0.001,-2.2806795037414496,0.8423483533405974,0.04098970712435093,-0.14715411568268194,-0.6630285398018679,0.035505946873900934
0.001,1.6258702932038873,1.8079418847317685,0.117736529645122,-0.560826255218915,0.4442561693026118,0.007741103601731288
0.001,-2.0623615154224293,-1.2884896061907254,-0.17547722279910868,0.26883222299386744,-0.7020497262250103,-0.008503657724363225
0.001,1.5070330238774334,1.9085352707651966,-0.045527800596128265,-0.5118352586316831,0.5882628645050731,-0.027664047345751456
0.001,-2.391465753470099,-0.4489427296651256,-0.08859510911414198,0.10845436499006414,-0.6558484449182818,0.04786078788497212
0.001,-0.33184089883530415,-2.4119258789699667,-0.04872408003061943,0.7611457820522828,-0.1266387800031936,-0.006166471915177006
0.001,-2.3150390525925335,-0.7731199206519025,0.05946102745459422,0.19809523740427265,-0.5992188025390779,-0.05799669146296838
0.001,2.2046325825460467,1.055309254110268,0.03188168662624823,-0.2626653539322356,0.5874661124820977,0.012140581210188718
0.001,0.04413063433188538,2.4462102746131604,0.07146270020362502,-0.7349327613978108,0.05051431282003741,0.014298133121329847
0.001,-2.408649061767158,0.4732622166278823,0.06408806308045581,-0.18649165301852144,-0.6327917900804306,-0.016245598827530516
0.001,-0.33707096928936947,-2.433865244245338,-0.0658095220475514,0.7572732862300631,-0.13937983585575292,-0.032563449757729526
0.001,-2.317001589839121,-0.8184736084875684,0.1368373380598152,0.30438659628012155,-0.7096701614931449,0.029145141134030796
0.001,1.5779583502392855,-1.8841242315990872,0.08946429026021997,0.4828993945514838,0.3942936132190711,-0.03652471601934858
0.001,0.3634604661989447,-2.4353590897956514,0.11710917286879936,0.6245360818664671,0.051906830188929325,0.05523272510196214
0.001,2.3392880016317275,0.7765306842033192,-0.056623540157490077,-0.148641783626224,0.6630505096271121,-0.011370575099286627
0.001,0.23167459608940852,-2.4586515513052283,0.008546652597837726,0.7119473975969329,0.13859661707419899,0.024383494425860894
0.001,-0.01920540561092239,-2.470447454661003,0.08254737164912501,0.5716685993005374,0.05532355634246287,-0.009120537998453833
0.001,-1.1540920425554557,-2.1862541450192507,-0.11537519365189958,0.5242615901968964,-0.4377410093420252,-0.06100687146678834
0.001,-2.417965767032222,0.5346955434226414,-0.08519192616527786,-0.11926530346585822,-0.5994805333575012,-0.02226567737245358
0.001,1.7523205140976055,-1.7670483766363179,0.10946710661808123,0.4150667956904576,0.5190917601986491,0.014124826783396103
0.001,2.3431731905840545,-0.8383937799703126,0.21354797353351684,0.1675074296580884,0.7198699985946333,-0.04242941524983153
0.001,1.698981166324965,1.821336584589435,0.12201449983440181,-0.5735269316476276,0.33794142451933734,-0.06386079428765642
0.001,1.224455007570221,-2.169542018543506,-0.020289638751585494,0.5670231337171593,0.29628390402002114,0.051452764035263304
0.001,-2.451203182064273,-0.46235881481003616,-0.02294698312685059,0.17675887743370372,-0.6290004949291076,0.050573967749322095
0.001,1.2033932237459024,2.189039395106409,0.19362673491383325,-0.5466985146690436,0.2687461476584528,0.030355674173586082
0.001,-0.17225693769811531,2.4929434332104496,-0.039365611061210115,-0.6524456275687265,0.11849150785384457,-0.08143193992890337
0.001,1.4167390957216015,2.0746937501923104,-0.08278698978686824,-0.49231337967203526,0.4188468919051266,-0.02188754272793517
0.001,-2.019868876561603,1.4943792576295252,0.16661656887958456,-0.4389570542523491,-0.5393519023696529,-0.009326568835507476
0.001,-0.5421988443382622,2.45453061565035,0.07231431079249272,-0.6514174472394935,-0.11339572374236771,-0.017522559264472267
0.001,2.476410427104704,0.4748509664757882,0.1529998930603454,-0.05194084485289807,0.74868677481941,0.020201945014831583
0.001,0.010695036932623936,2.522993068801144,0.0402951141345212,-0.6494078957334819,0.08811198730136564,0.009501190095373781
0.001,2.5086415272517946,-0.31004365455269084,-0.07808780823248959,0.06217137415076865,0.5390394096241897,0.03046503534132635
0.001,-2.0928843918462987,1.4212094220663882,-0.04459187486591868,-0.4528845151685985,-0.5307901835350913,-0.010623021518890585
0.001,0.47344707792183527,2.4858804847129172,-0.002534964237764665,-0.5448434994597572,0.09190848035518945,0.027521808137818113
0.001,2.4697188732842936,-0.5727640631862893,0.1429245041658613,0.12502044477492555,0.5773928240714803,-0.08128811710644952
0.001,2.157773210800596,-1.3402364630649963,0.061978613909879625,0.48241903416886256,0.5629388546811614,-0.0502827880491106
0.001,1.4483092246992153,-2.0892045839001834,-0.03934885970031932,0.4932511101360627,0.5284687649708679,0.0013966246492167652
0.001,2.2825071682565627,1.1232159976460274,-0.18277130370090622,-0.3753667290233533,0.6109990068983359,-0.04234869850900726
0.001,1.6391105491725295,-1.9455939940156035,-0.031894650629782036,0.4723850259281922,0.500719509004564,0.013562280212308361
0.001,-2.091915755411225,-1.4495103878881312,0.12300759155784587,0.4732902419631773,-0.5308958435835861,6.647204648028193e-05
0.001,-2.508996552840936,-0.4544692566623251,0.14577604256429808,0.0459523407986067,-0.5771618877032529,0.0044418357473677405
0.001,0.7226466715325824,2.4512197904197564,-0.005990001175410813,-0.6025393816572763,0.24071253343327903,-0.0075983042378723895
0.001,0.9027836752605158,-2.390985042997479,-0.05685732251572352,0.6394609856792007,0.25833225606213017,0.008257268051269449
0.001,-1.3705086890452303,2.1624690527143615,-0.021987827281272375,-0.5304973439656109,-0.3640629160298682,-0.09135773122901918
0.001,-2.2250616737711,-1.2685088908063669,-0.06645711219799849,0.3251933260999041,-0.46220362244308033,0.010525868467553158
0.001,-2.1092816088741806,1.463560603989911,-0.14465615684326405,-0.40551532526877454,-0.6332788367760762,-0.005118539152675895
0.001,-2.5329394894031165,-0.4216691159080529,0.06451534445711958,0.1820384281021949,-0.5125102856108665,0.015561168147676479
0.001,2.4367037030651817,0.8188223035062541,-0.1959657620105929,-0.21943764895137136,0.6029382354621983,0.005081300092019603
0.001,1.5488823635977849,2.0533421008926784,-0.0029802182345426485,-0.5782631394243911,0.3769034439154909,-0.018687077028336007
0.001,-1.614510703003684,2.0113901501811338,0.08946678194404989,-0.5444184296857739,-0.3837885056387581,0.021133715003892852
0.001,2.083816328400221,1.5225969357735214,0.041739313555827925,-0.4185646601018977,0.5869372685664284,-0.05407237504479438
0.001,-0.1726376065476633,2.5833648107796763,-0.08014784881496347,-0.6504665347126168,0.10928148049564965,-0.04505206433859638
0.001,-1.7944642402509585,-1.8681308187576304,-0.01214606841949636,0.5659091453310126,-0.47994003180900047,-0.027345341082477357
0.001,-0.03975659300538588,2.5937999893028123,-0.010734527045963109,-0.6364936718397071,-0.07513275057770478,0.05650297002529831
0.001,-2.2095502065664427,1.368911437518755,-0.20773420305592924,-0.3024369042314454,-0.6183504653604197,-0.01807223466627851
0.001,1.8285036306051508,1.8477926392045614,0.0483392656526563,-0.5266119127791865,0.606428355235544,0.023292079245380095
0.001,-0.9689840422707299,-2.4212200929302274,0.023672485796725724,0.5876196080548284,-0.28094660160037804,0.05202339335633167
0.001,2.4871108557207253,0.8115792796374134,-0.008981769834676911,-0.22193944672112237,0.6694489234772639,0.012959900032166674
0.001,2.592258561239698,0.369353043853728,0.05625626496029232,-0.15181321702042294,0.6900768804784867,-0.024320615348847142
0.001,-0.5993558190472285,2.5501713861259185,0.2041793774990747,-0.6921447810015835,-0.269788090070756,-0.035210933384892014
0.001,0.5484085210856572,2.5638009784633335,0.07292400918743301,-0.7000655112253088,0.19418584506535913,-0.022717390460177716
0.001,-2.4905625086009078,-0.825098490475451,0.07395428248743478,0.24206069278964273,-0.7160271628587173,0.0052501306962661086
0.001,1.4969226877864874,-2.1587255714376345,0.05182134311876029,0.5147093328304251,0.34849715720181607,-0.013371896970954023
0.001,-1.296183346932096,2.286356391461215,0.025900006854037774,-0.5004704320277339,-0.3037804376775054,-0.021226360357778112
0.001,-1.3720958815735582,-2.2445296547119433,0.05188523488035736,0.7258133213486858,-0.4037823982584568,-0.03647139224616136
0.001,2.5323805415916167,0.7139963488243761,0.08394220483924288,-0.2417487349729759,0.5650068756425471,-0.03594713908273237
0.001,-2.4170247979608686,1.0500123964895332,-0.19282922077273087,-0.310224076872689,-0.6476038509596448,-0.00763740383767089
0.001,2.6050111552974573,-0.4259912460586919,0.03373608484367578,0.01676584293560192,0.6554602372924149,0.06017968424333538
0.001,2.302857895285599,1.2911307085352082,0.06294068999774735,-0.38273756252665625,0.566358734407494,-0.013338044389308698
0.001,1.2309677008063507,-2.34218447832607,0.07513841153663507,0.5859568030705712,0.2764351263169765,0.0026092272267067376
0.001,-2.641371245779025,0.15615640516220541,0.16444742096253948,0.004145875675792894,-0.6297838030135022,-0.030703369402933434
0.001,0.5015365833386457,2.601280200527485,-0.0549210138161923,-0.8484841962857174,0.11660874755467093,0.004577974126095802
0.001,-1.4997753798007218,2.189188617343017,0.1523090110883184,-0.5932259548380929,-0.40588960589247425,0.06794258147370084
0.001,1.9952058759147242,-1.7513460931056246,-0.041874668536363784,0.5033485963141245,0.5585854823606062,-0.022848869498635533
0.001,-2.589592823029793,-0.5914822539357124,0.12230393101170432,0.25637309131666197,-0.6914864999387783,-0.05371359668008072
0.001,-2.658834156985992,-0.09953901559018354,-0.12888346215649668,0.01042616574287897,-0.6986983642771379,0.033089414603166334
0.001,2.6606364576714374,0.18879641934391167,0.04210412349024688,0.0036579620837019836,0.7778922581264227,0.03880324051316079
0.001,-2.274645813753592,1.395799777483224,-0.09915883611770954,-0.38683173627118683,-0.5877465290283325,0.028064319884188116
0.001,-2.011002568429522,-1.7612191472357377,0.2190318852427181,0.37489215425892425,-0.49495756369220384,-0.0312919379697425
0.001,-1.2862152979870933,-2.3468031608307225,0.1994921862341117,0.5865336971909035,-0.16867470921640768,-0.021809784864747054
0.001,-2.126254382123992,-1.628474708739693,0.06363615229910195,0.3562112676271898,-0.3990470859583425,-0.020919961976712073
0.001,0.9573321005099833,-2.5025069887764193,0.14391244499975012,0.5190860328667732,0.32710717417134283,-0.044182595683571926
0.001,-2.6805514177346836,0.046345389090357736,0.11078689696618096,0.018505691717450652,-0.6066750479702214,0.03042693464652694
0.001,0.18535333816430166,-2.6752318834906896,0.006703974785279761,0.7078419581648414,-0.12180120741418113,-0.004727117928018457
0.001,-1.555599326371716,-2.1873201398603177,-0.08445669606876244,0.5165866269799418,-0.3857837519435155,-0.02580562916260363
0.001,2.051131136970714,1.7315072698089802,-0.16710944398240232,-0.5294815988799327,0.5531015677133106,0.0033898203898353736
0.001,1.9601646695450126,-1.8491950927866159,0.10224886020708679,0.4112761550399243,0.4768325160253128,0.01773711518898994
0.001,-0.4468651123319783,2.6581861209785966,-0.15096307673553153,-0.6259745083772127,-0.1418796595262611,0.005445567486914602
0.001,-2.221116851584662,1.5342531026117252,0.28351155295978736,-0.5104324895469521,-0.5974107529273378,-0.007344658455413251
0.001,-0.8363477372531969,2.569506609245504,0.016018387840120142,-0.7049131983658622,-0.19320594784866826,-0.028624757009086933
0.001,2.6723294841690466,-0.41708160635928143,0.11150097211056649,0.13724907752154022,0.6977713680716898,0.01787166806630011
0.001,-0.32284468582040443,-2.689874163283209,-0.10458917253134761,0.6595881142698723,-0.14339341798864347,-0.04382034185623697
0.001,2.590956289387596,0.8038492153665366,0.15995186072943188,-0.1621081568503705,0.677562325530173,-0.029426516670508832
0.001,-0.12418372570505637,2.7140934492970987,0.036386268979524725,-0.6370937289888432,-0.1637706759002384,-0.027509903970010144
0.001,-2.660148798705639,-0.5602820892206426,-0.07264759624151929,0.14878671945422942,-0.5838184188495498,-0.04772158688062598
0.001,2.705784354265993,0.26699508193104793,-0.015554612065821684,-0.15040485071598886,0.7766575569070908,0.019932516360124077
0.001,-1.8644936559479088,-1.9796200025083865,-0.04517053507375695,0.5373655820281508,-0.45599004289660644,-0.029124680422164862
0.001,2.3414637325708783,-1.3832253167323965,-0.13925668191222756,0.2977890982051732,0.5361393317187951,0.002607819073294008
0.001,-1.755725632412697,-2.0855346227946803,0.01877835613992627,0.5277134164982422,-0.4199650768805647,-0.07936249306509703
0.001,1.916454311271935,1.945234887095528,0.01106885115634788,-0.4468052461798492,0.4905745159580285,0.006917330486063168
0.001,-2.5169445564418385,1.062455126764818,-0.058834429547330626,-0.2788048583806211,-0.6109316293476441,-0.009798709903832163
0.001,2.4905028921805976,-1.1299654950948657,0.10731719069117394,0.35929760417741724,0.691752414379542,0.004825957189617524
0.001,-2.6725716351315256,-0.6151098571555155,-0.048306029639248384,0.08636491431146479,-0.6853337077357633,-0.04062435386243116
0.001,-0.7923021055315899,2.6391398781011692,0.019660956188797624,-0.6073214652491569,-0.09414723587679238,0.0011684309762263298
0.001,-1.6762294736266241,2.1926279144982526,-0.1462189896141557,-0.5097305580464518,-0.4065342515303926,0.021600878366268048
0.001,1.4611750530857164,2.343082857031202,0.18260235992099727,-0.6345684532984281,0.3512276421590794,-0.057775912644057716
0.001,2.74937635170232,-0.2614189147304365,0.0860562589381178,-0.11900095866788449,0.6083615487384926,-0.030646738969160252
0.001,-1.3569106459115405,2.4080041043174454,-0.04143458787423654,-0.4858912668182473,-0.26230580498901335,-0.013006352358290254
0.001,-1.2015765359386976,-2.49732207105228,0.057340777889410735,0.6165070549798642,-0.32637945473707214,-0.03709142862248794
0.001,-1.9412959592548409,-1.9829365233558396,-0.020360527661392604,0.5540021856382454,-0.4750400790926556,-0.00731157089366992
0.001,-2.774453833575189,-0.13524373298564932,-0.09010595175836955,0.019022625473917445,-0.6666624922199942,0.004869597581286449
0.001,-2.6958123430353886,0.6744004796089252,-0.16864157301853278,-0.09915652047824083,-0.6638042773500873,-0.005303732970857545
0.001,2.767650554620771,0.2755228517519168,0.08330263663937182,-0.09617206441206479,0.7772703189196324,-0.003195058173989374
0.001,1.6541201523186853,2.2367825863669255,0.042806633964086675,-0.5285198024739807,0.5208571437589329,0.012122100280817191
0.001,-2.776461076233734,-0.257433784385648,-0.16145898116924362,0.05839958658208779,-0.7201058275210639,0.02754382517737524
0.001,-0.10054149752908173,-2.7900604394075468,0.17089070067737278,0.7175198673721696,0.08910828146940455,-0.10755814484849206
0.001,-2.7457801769690033,0.5422393576437544,0.16560298094177014,-0.06819131545987034,-0.7266762096981303,-0.003467578621690868
0.001,2.493126560448947,-1.2810814965353348,0.059175271239101004,0.21704513931425706,0.5912555176221896,-0.04301162861807087
0.001,0.7439105209776146,2.7137127741231133,0.057282155057033206,-0.6242547759467592,0.11009069007277246,0.016637334179781305
0.001,-2.8080767760924195,-0.2351968528671789,0.033432044783986,-0.10924217639795833,-0.6290608708603916,-0.08029373695128691
0.001,-1.511971522777284,-2.378855173484987,0.04170042411997463,0.5835206528400744,-0.43662925212973785,0.03886413609366699
0.001,2.0791091628984577,-1.9059975188095484,0.09814580886319058,0.5103404941765328,0.48116144481543893,-0.013846476024992636
0.001,-1.2650712792137624,-2.526860157848887,-0.007544825592715372,0.6329254348114567,-0.23657525487140368,-0.002511916194734126
0.001,-1.2950874570131403,-2.5138158560906265,0.06504478665438583,0.6659187461489278,-0.38732467628586226,0.05400299999076423
0.001,2.053258816139832,-1.9699360086467936,0.04629492021699552,0.5040230224621569,0.5886858942405998,0.015880605919673205
0.001,0.3036530572047556,-2.8326349019452985,-0.025048002948975176,0.755330461527779,0.07768787400081786,0.0402185592938812
0.001,2.6788206177721836,0.9726149154902198,0.012825149944702217,-0.21026851866392268,0.5744767420492876,-0.026717096819365366
0.001,2.8048332111280123,-0.5298739140122315,-0.23217970306558372,0.11709120632228061,0.687430356242193,0.009770275277664284
0.001,-2.5262353439351752,-1.340548605754598,-0.03430826457619248,0.21470446541327426,-0.5010051718263246,0.053917539795730544
0.001,0.34359484597130024,2.840399354067857,-0.05352180344539708,-0.7688085275708215,0.2558227680198052,-0.019554222596639793
0.001,2.806747020136414,0.5623153870915126,-0.07111920780812277,-0.05777164623128722,0.697220251601013,0.022083153262223394
0.001,-0.9314855938359263,2.7139564253677704,-0.009984504106364868,-0.5885760239325145,-0.26790119167980153,0.013900910085859875
0.001,-1.7326762240405962,2.2903045239832496,-0.16742083737569846,-0.5118018120062006,-0.413806759401301,-0.05735187226295449
0.001,-1.3569521409648295,2.5354355830504662,-0.03227862009348497,-0.6165158908400685,-0.3867303580425682,0.02550601001145266
0.001,0.5354629278276339,-2.8296527854529434,-0.051808478644783475,0.5948145327363065,0.05217885532926045,0.08763205816169964
0.001,1.1915632113508303,2.6275958977411356,0.043365810958820424,-0.7638038451711827,0.31805349633998786,0.005052227165278849
0.001,0.2784637966172005,-2.8717450646817566,-0.11851754321269947,0.674070888272353,-0.0497238680655734,-0.05491989864683002
0.001,-0.3867153667709453,-2.862057214508583,0.022807863965601697,0.5284475607819015,-0.09720762197844764,-0.02269414568208245
0.001,-1.272396763815338,-2.5927492221321473,0.034759358034884315,0.6111776826308837,-0.34450542526299627,-0.0009183719676539417
0.001,-2.7702415592768954,0.8256517596081637,-0.13212026811241398,-0.21493331966636703,-0.626080302098095,0.008312072402077776
0.001,2.8638438630263368,0.39414715217558227,0.07739845545322821,-0.1112857228761188,0.6736157741720725,0.0027488330423659215
0.001,1.237721635837668,-2.6138642261623075,-0.08296941391250948,0.6123554080719608,0.26738520217542405,-0.009265415923470853
0.001,-2.884538425953781,0.3179392556987571,0.06963143845536389,-0.17766019732909577,-0.604181741924697,0.009388308809317946
0.001,2.8547895306133926,-0.5219900840743714,0.049714611474657305,0.21776884832961674,0.5869161062095974,-0.07789512687115814
0.001,-0.8191969161786006,2.7860665118448273,-0.02787641201416287,-0.6468262576519055,-0.1985242036518855,0.02736186404242571
0.001,2.655880849391015,-1.1831079112554395,-0.08895134335059263,0.3517125102000457,0.6140661381901569,0.005754961223106996
0.001,-0.07146747881278716,-2.9075698735726343,-0.06463904974701028,0.6791772575724465,-0.05786052270967236,-0.02122487613010607
0.001,-0.33085776202857986,-2.900332127559981,0.05060495845438676,0.7668352443045168,-0.08851358089642417,0.07097297805122328
0.001,0.8033179894220596,2.806664507680092,0.21660769036170646,-0.696897203886724,0.12808908572192226,-0.05623867982348753
0.001,-2.4677304881341064,-1.565997400689831,-0.038195083252652695,0.2982922792644067,-0.5711389770423615,-0.04005875351607321
0.001,2.5385635737480565,-1.4532150956166268,-0.026105845356534103,0.3257640617491517,0.6166628352837672,0.032945657072244665
0.001,-2.823686420092671,-0.7670543895452793,0.10924647771846013,0.19254071800239486,-0.6065042113128704,-0.009002899228311087
0.001,0.0388626183851273,-2.926053240560819,-0.21118233486356322,0.6805036271499202,0.012578242732496435,-0.027812099390335163
0.001,2.915334110645058,0.253496380243572,-0.02262343280006011,-0.06588375338562222,0.7125396445179963,-0.02425219723315171
0.001,-2.1296000214904374,2.0080840090079324,-0.16969405663617113,-0.520356233699772,-0.6060628226535103,-0.031592755823045646
0.001,-2.602825114888003,-1.3494133097997456,0.059644224934362916,0.306062820865324,-0.5793651778396604,-0.027360317320492867
0.001,-2.6683226114894514,-1.2172339931190093,0.1041276127844622,0.3093558519703739,-0.4896505006988492,0.0018974358482295368
0.001,-2.163843741498965,1.9803764420113126,0.06293647084918319,-0.512741932209645,-0.5177162928853637,0.03518809067839466
0.001,-0.645699140887882,2.8637506162917865,-0.15123327606976417,-0.6323031081182351,-0.12173500985046659,0.0034426312650200725
0.001,0.38350353790458425,-2.9112006545791127,-0.023034684449313808,0.6670787303470563,0.06464085364625388,0.04703084602908832
0.001,-2.5364234279877746,1.4864789715769307,-0.04624728796337256,-0.29643755025301555,-0.5402500794411755,-0.05529763302923979
0.001,2.458831014769994,-1.614323769481822,-0.004652045104898801,0.37795884984420636,0.5387753465576891,-0.02035459635861234
0.001,-0.9685699714180039,2.77835343948967,-0.16209821095507757,-0.7234594150312309,-0.2988933460641153,0.049575631154637256
0.001,2.9445761238660966,-0.13802064093662963,0.036345444535474884,0.03851826410634339,0.7349871130193402,-0.012620738608439633
0.001,2.89912215258441,0.5429701684766596,0.0906858862135766,-0.09470308739540004,0.7084946818168871,0.10556238752564966
0.001,2.595574239119933,1.4028600397924544,-0.10639173343242092,-0.4779977850026394,0.6430465402696958,0.03488149977972103
0.001,2.318750328646976,1.828010261711989,-0.01831486005378072,-0.3750294092972725,0.669704163751141,0.00639639161623288
0.001,2.6798710063715436,1.249314376677867,-0.09911963146636195,-0.3294362632602005,0.6285901208775833,-0.0037912845489370553
0.001,2.7458511188357884,-1.1323295011153656,0.10813320188697295,0.25445871683320914,0.7368826077408623,-0.017800096308386058
0.001,-0.18228028787179373,-2.9659941009310673,0.03890999513030982,0.7573803517542002,-0.07740516578941528,-0.04239929959602662
0.001,-0.427208463582975,-2.944390371950205,-0.15334291768395597,0.5470735788821808,-0.023663892190045152,-0.0066124426093415595
0.001,-2.5814688264104393,1.4852659140576732,0.07789863105847625,-0.4056551831239099,-0.543100581444976,-0.006105480567269551
0.001,-1.7057984096252212,-2.4455519956318876,0.13355532650149765,0.4891057543518743,-0.47227291152148043,0.03126271520821717
0.001,2.9850956748954536,0.019691430888865012,0.1083273976010552,0.10843235992502724,0.6678818240656519,0.01954141590893174
0.001,2.9874839157567186,0.11173454097999302,-0.11772376096623022,-0.012274081416545849,0.7696654058795649,0.00831909203724202
0.001,-1.3663030379069776,2.6604356510160887,-0.11734660825045805,-0.515779749376585,-0.3471765397712449,0.021175347409437786
0.001,-2.547247666463592,1.5765146295826862,-0.0516259020445694,-0.30791547136571135,-0.5550106715673119,-0.04984337910342931
0.001,-1.9592993485118686,-2.2665587240510954,-0.07892368853823759,0.5750003640282603,-0.38623662416788196,0.02537895000887163
0.001,1.9972615737344863,2.233750191163732,0.021661287825884876,-0.4210324927863907,0.36968128612293627,-0.011487188638719654
0.001,-2.615501736515697,-1.4648628153295922,0.14056104394504557,0.2737142151372883,-0.6134255640996523,-0.019618762011649128
0.001,0.19897540214308002,-2.9939106740914827,-0.09904190506237864,0.577123756038228,0.04996377652883955,-0.021215453200823055
0.001,1.6753832604941299,-2.4898945747537122,0.07114223325104299,0.5019693672772821,0.4156386230083245,-0.004222245757650292
0.001,-2.987427454549808,-0.2889286468947378,-0.016057958383535558,0.041228255308616374,-0.5730701950798941,0.046869198646920754
0.001,1.990294358874024,2.25080294490406,0.04750766192752913,-0.3759875560677416,0.31371272833926256,-0.005157380657052389
0.001,2.876635039494147,-0.8714582025375017,-0.015594269901007436,0.1981227802813106,0.5306297284730499,-0.008053640377791898
0.001,-1.8118506422389333,-2.4034869196117525,-0.18616324092808348,0.4626254164683079,-0.47202562012505855,-0.06976804264519797
0.001,1.0520181066387397,-2.820478902754477,-0.053948716147432074,0.631653680080777,0.3089733096891085,0.07063921485516624
0.001,-3.01369265631696,-0.12646227184734404,-0.04021044559280579,-0.0449678695936908,-0.7447085626211596,-0.01684844606336815
0.001,-2.045031599663335,-2.217679214433024,-0.058932409581126916,0.48520359527612683,-0.4324713141055619,0.04897138614605963
0.001,2.4071646669938014,1.8195549846574375,0.039894439547121185,-0.3726308036098897,0.6398901869291298,-0.027329695464297216
0.001,-2.8931515023002228,0.8609414079599386,-0.1910109034411138,-0.16168920066240083,-0.5430269931668548,-0.011255249776205166
0.001,-2.2441131802450403,-2.0238730216599197,-0.10706811064959426,0.5227916531572672,-0.4862775017771185,0.011172499423271136
0.001,1.6468680047919564,-2.5347926368254146,-0.20943879253914024,0.5932432180601658,0.40974615467317627,0.03438937102657793
0.001,2.9307904348206573,0.7435442442102607,-0.013490298779547612,-0.06242426260464069,0.5630161844576905,-0.01869181174869142
0.001,-0.9839342996030079,-2.8625104151940555,0.14626184660496536,0.7190749429631988,-0.1731223471040203,-0.0005214919296297522
0.001,2.8603521489791945,1.0063067084599389,0.017940359490194534,-0.20497166970775893,0.5337475208829823,-0.06207394546108533
0.001,-2.554361708229929,-1.636006543254442,0.01507708424990647,0.31128319680053707,-0.5765433864886228,0.05600301178218837
0.001,-3.0163059930923657,-0.3364053694622132,-0.19085802765204438,0.05188232849824867,-0.6493652712751412,0.04902565550339046
0.001,-1.1066776692683307,-2.829190137805531,-0.15400037848482284,0.5797214710800387,-0.26254755848126293,-0.02137426223397679
0.001,2.7500842879787823,-1.3005924758428369,-0.14619787666794332,0.4381172241897204,0.5255395091396445,-0.03491452800950698
0.001,-1.6999682135777003,-2.522906369059826,-0.11181155103417027,0.6007794714834422,-0.34432291104210144,0.03284923909901157
0.001,-2.0880288907948943,-2.215505806356376,-0.056083793593954684,0.45407270742344324,-0.4965216378871577,-0.023508857392999554
0.001,1.5509277069854666,-2.6299928247806217,-0.011194656731435,0.5944047009516719,0.3071386091155305,0.033017098447468717
0.001,-2.0472797242365126,-2.2664498999175207,-0.09786171922399234,0.4619075707931081,-0.47858363204556087,-0.00016483131066782618
0.001,-2.375115478085456,1.9212607342736259,-0.04384249664168737,-0.5180651406498761,-0.46885553829672194,-0.05635431388987252
0.001,0.5969337998309039,2.9970795421603356,0.29111087661409635,-0.592732290170957,0.17123179708415254,-0.021583535416475657
0.001,2.9509583851003365,0.8224479220115547,-0.1042670742712779,-0.15546073556931767,0.6763322503110902,0.0432080811468859
0.001,1.8515064090851365,2.449785723496337,0.026760114118127645,-0.5164656564163999,0.41807077468938764,-0.008925618081172778
0.001,-2.760701305507323,1.3550405552734295,-0.07988888334237301,-0.3503091999306442,-0.6647624654240305,0.035606599653948544
0.001,0.11297330397399025,-3.076272447266823,0.12480351043507616,0.7358590619192892,-0.022160073421983256,0.005363861168704024
0.001,3.023178014356678,-0.5813085176978983,0.14759500821259272,0.28361504881665767,0.5813395895453102,-0.0876925297200702
0.001,-1.1916863141028338,-2.839074794716277,0.08830582938440283,0.7244242094811626,-0.340284224764254,0.009810131399082394
0.001,-1.9505848634522192,-2.38780495946304,0.13544268470522344,0.6107840638928898,-0.4878993997270681,-0.047179369812500004
0.001,-2.8328577056617807,-1.2366306266650513,0.1893832639283234,0.32477582475101485,-0.6748751721589499,0.01009306637036607
0.001,-2.854776553335955,1.1856870451412314,0.21961047839455003,-0.392264805131706,-0.6770874847169482,0.012039814437497628
0.001,0.41734741615284787,3.0663355680182884,0.10706633663507613,-0.5987241918333633,0.1469719197594628,0.022412760844340542
0.001,-2.965370532068258,0.889342392023904,-0.02849046883404401,-0.1870609046610679,-0.5859745932371908,0.03404558239249162
0.001,1.0766067066373903,-2.9033713161879593,-0.005753784903719154,0.6964873156608555,0.16444395235583542,0.004693017213850578
0.001,1.8630379678152391,-2.474084173745004,-0.03221245508919508,0.4872555542415448,0.31213435245397586,-0.014550436485058622
0.001,-2.563783199842293,1.7403449477664483,0.051365832067272243,-0.48698980895623295,-0.5313497983672772,-0.02316180281800032
0.001,-1.7879886877019038,2.5370608019883987,-0.09316008030718866,-0.5838252846441615,-0.3100639039238615,0.010123646436470688
0.001,-2.413097275250436,-1.9522119228533876,-0.041158449888812065,0.4668653973539022,-0.5291857835686481,0.03140944784667844
0.001,-3.068085796392842,-0.47397788382314293,0.03727695205524912,0.016704545415968844,-0.6358847597990636,0.05056486567569933
0.001,1.7657152337253217,2.559222986375773,-0.008331735658578603,-0.5022151724696419,0.2701569586578434,-0.0789400920738845
0.001,-2.0253506641866585,-2.35982885635308,-0.1974415363059124,0.4596197764639445,-0.48648589185252555,-0.025583334390909995
0.001,-1.2814860752503614,-2.836055080967815,0.07895593947883633,0.5652500468721112,-0.2634968653409912,-0.051157826845102096
0.001,-2.8807096884283463,-1.179785967793949,-0.09919886080457992,0.22301317529026865,-0.5093161629938766,-0.0008677577745583453
0.001,3.094019152906155,0.35043191125662054,0.1265983054534876,-0.07188953415538547,0.6216109442518241,0.012161974567095113
0.001,-0.19171002977193338,3.1087611749827744,-0.07454954711741595,-0.5671834064120261,-0.08466611861731659,0.03327834171683894
0.001,1.340875698291065,2.826241825177697,-0.06459574538165729,-0.45236127605029486,0.3343848396406509,-0.015072143715367086
0.001,0.6644612808644612,3.0659759301183755,0.17460652015382958,-0.6722122823764772,0.05274019354999994,0.04266156330085524
0.001,1.1057228952861173,-2.937214500373144,-0.037541828043899106,0.5599108560843961,0.21450684045476645,-0.03752571728418887
0.001,2.243686100572212,2.2032117751776026,0.1305473597811814,-0.4946592265937397,0.49572930185396236,0.0074339788819106556
0.001,3.1483673352852364,0.2155399951629204,0.004645486660423111,-0.015403670525663694,0.6854677314731255,-0.0503452678698594
0.001,3.0232303947341244,0.9073124826208203,-0.052003962894149075,-0.14077158975233334,0.694512763254406,-0.019979646317089626
0.001,-0.7185631655753957,-3.0747341733146007,0.030734960812610485,0.5179421180497406,-0.07981797208497074,-0.011284608582157003
0.001,-0.9089514728410448,-3.0251591857403803,-0.03951737992134194,0.5291066198424933,-0.3098994002307968,-0.051966375850706875
0.001,-0.9929580909292242,-3.001130749971778,0.0014126709533482582,0.6417546745066096,-0.2867502129612599,-0.019480533580363512
0.001,-2.7460397057632124,1.570665980635295,-0.15287518207542486,-0.3491822825913557,-0.5828604454955851,0.04739442492885712
0.001,1.1340413862137926,2.959546606608741,-0.13378588539016198,-0.6135517293342667,0.24149120639817392,0.02245862869857268
0.001,-1.0067296407022703,-3.014772416938588,0.09759638606458636,0.5775870643442618,-0.20319084767539985,0.01408413653884822
0.001,0.14855127980571944,-3.1803592491667207,-0.17400814191995814,0.6101461151481059,0.060409078354231226,-0.023636675341948542
0.001,2.8861161803827855,1.3531483307360184,0.0883894615221803,-0.1546322566162751,0.5740649940732556,-0.014592200847788048
0.001,1.5594226049302895,-2.788409622220793,0.011179025052783047,0.5323541192713973,0.4222731175457607,-0.01533694708362843
0.001,-0.9943516740772816,3.037715404492505,-0.22319255828489895,-0.5867633521049931,-0.18803800224153733,0.019960214610252984
0.001,0.6088816688451152,-3.1418503574266663,-0.0030232724598157207,0.6721801430229298,0.06034465743728701,-0.029529083519002988
0.001,0.35629749196723765,3.186471225664604,0.08511708966815286,-0.7031111214547899,0.06337399510674213,0.03233922234235137
0.001,-2.6697284302384303,1.775739063826159,0.03638323963474684,-0.35522315389401177,-0.5973125755313268,-0.03448487719458872
0.001,1.4817790863437255,2.843844056776769,0.10036461784619553,-0.6949599683602729,0.38738822003403983,0.0014597399916649947
0.001,-2.7142578880784525,1.7091849985651908,-0.1760056231210989,-0.32124287937814605,-0.5595934850699357,-0.008619529675433911
0.001,-2.7835966944131574,-1.5945090443151644,-0.022705916510086497,0.4609030939085935,-0.6029388643850087,0.017485298278323017
0.001,-2.6885986415484955,-1.7526830849797643,0.014567356307664295,0.35884915548508994,-0.5759920730687941,0.04007080752830727
0.001,3.1988830450156778,-0.31613103985915636,0.10864310129851346,0.24151053532075112,0.7052036474388318,0.02681213166790252
0.001,3.207092016574281,-0.27135942163358684,0.00156851438140585,0.1668117798002966,0.6179451986652669,0.0038414441501098996
0.001,-0.39155521991483255,3.195280352056552,0.22311738632548794,-0.608142403520145,-0.13999658225001227,-0.013636278870489616
0.001,-1.020462353850509,-3.0542329861421895,-0.00896540815473796,0.5559659751123347,-0.284543138508594,0.00957724462939806
0.001,-2.054376308569092,2.480314509256807,-0.07703625491779277,-0.535132749496282,-0.45093518563609564,-0.03267943888521322
0.001,-2.011036346824524,-2.530115480271267,-0.06297790688062686,0.5924936253950431,-0.4436739385503017,0.025852641102109386
0.001,-0.19949690196350167,3.2258841121597905,-0.11738679988247945,-0.7224691205249311,-0.051745466427783826,0.02265874200644609
0.001,0.16466380143309667,-3.228484640430424,-0.03767450325062421,0.696306409601933,0.0019600344759444707,0.06106646469583814
0.001,-2.131287880984199,2.4322083370002785,-0.054712634566325795,-0.5508712125970403,-0.37459376562583,0.02679006922896451
0.001,2.3477491097366134,2.2310338302128936,0.0745980674662662,-0.3575760011744204,0.5135812918197054,0.0014801142417208946
0.001,2.3334675542904155,2.2461903723927765,0.14465038053228432,-0.373944011813865,0.4025474636237102,0.010952671819026044
0.001,3.2096660734081786,0.5054978510860327,0.06507904326052344,-0.07668783787725682,0.6845835289614862,-0.03945837589414317
0.001,1.3246499731642847,-2.9739247353703524,0.04067890827594084,0.715053599854173,0.2260915676950242,-0.0034912548954150247
0.001,2.141059518457295,-2.4577417963825887,-0.08495075207321667,0.531754843795204,0.41798493682681476,0.009264733333231202
0.001,3.252180395200042,0.26369214696932824,0.08399961272987909,-0.10709377877317455,0.6310255143657666,-0.03207846592202225
0.001,-2.7614318555797066,-1.7474660415191228,0.14125515882063167,0.2670013717062983,-0.616524456499443,-0.016611322669196654
0.001,-3.100108571884188,1.0384007701045037,0.2627964677631345,-0.2378346521938856,-0.5773063148997274,-0.02649314410229063
0.001,0.9335164891894263,-3.1413843245962134,0.02484565800981925,0.6645527411419041,0.0845637954306905,0.02142441631298213
0.001,-2.984733215843222,1.358049047565779,-0.003883146727571684,-0.2960701186010003,-0.6757694020212506,0.0014998773273088683
0.001,-3.2176716774141916,-0.6519645454461933,0.014927524923464233,0.07204030961579044,-0.7000842979889412,-0.006988554839241866
0.001,3.2181796240577913,-0.6610418962428095,0.13220165297639222,0.11842968829395356,0.6896257577508258,0.016015390288790874
0.001,3.0135316700474837,-1.3110696847373595,-0.16013101101628954,0.3676626546566516,0.5501791730106601,-0.0016832936289244878
0.001,3.02467162683637,1.2882484513408041,0.06639967676292188,-0.18301868412372063,0.6223561834709281,-0.06332698178005408
0.001,3.263262159433139,0.43508375669191846,-0.11710706097843455,-0.08520402511560017,0.6318799616441624,0.0011616871601087698
0.001,-1.5635408651068001,-2.9037715984574866,-0.06301234874085006,0.5624757131361596,-0.30163347315539146,-0.005790814952618427
0.001,-2.076783653413007,-2.562097594805596,-0.02383771878648332,0.5237516335965708,-0.4012823165233793,0.0035587636524653165
0.001,1.6287230595287667,2.873461077903216,0.11704754532529871,-0.6237781991368432,0.43351657780256614,0.020657793512399512
0.001,-1.6489250898191772,2.862682397510622,-0.04826812469994729,-0.645393908073694,-0.32580658895204945,0.006783012482507937
0.001,-1.1447240467450144,-3.099499657795258,-0.02374588682019478,0.5709910003678151,-0.36079229838906923,0.002976264614074939
0.001,-1.1417057072793202,-3.106741187176473,0.049291670646588265,0.566628606060346,-0.21570767787919828,-0.029602358133729384
0.001,0.8304111612042856,-3.206844288130355,0.07254987669130818,0.6755146555949153,0.14316740224978425,-0.013884682668440897
0.001,-3.1280392867514464,-1.0986207462111774,0.07013286434204923,0.3007753475319995,-0.6361658285186806,0.03912227207036395
0.001,0.9717070419346654,3.174124685607283,0.09454803065278859,-0.5890939688395063,0.21497868896847458,0.0038835389424608925
0.001,2.63845505555369,2.016382254621979,0.14024679454525016,-0.44783526999421036,0.5535893201318984,-0.04493601666738211
0.001,-1.7240221908095885,-2.840854257662493,0.0806539370328701,0.5620924607526024,-0.40823259768161113,-0.03189665555822532
0.001,-3.3232133334329785,-0.08733712904195484,-0.1093936981366547,0.03948033362635359,-0.6430537799036108,-0.04337565330378124
0.001,-2.6005918187219494,2.0785769163943373,-0.11981042820106942,-0.28335454667657123,-0.5505644981200077,-0.0514654593387183
0.001,-2.109100495915758,2.5762542963377997,0.07914105981638149,-0.6082862295920703,-0.4792465460058541,0.006143806252975719
0.001,-1.4284064879285783,3.0114784366376752,0.012183492909626099,-0.645194513017754,-0.35967560567933576,0.03670068926689766
0.001,2.982881091054808,-1.4928026345149763,-0.010548813452808552,0.2640152874986544,0.6127861527709798,-0.013230971633323091
0.001,-2.0230661095987146,2.6542882748554755,-0.10944158198044476,-0.5155033083518563,-0.38722461405865555,-0.010033770883055553
0.001,1.413146949201088,3.027231726234827,-0.05648361629993697,-0.4043302767281409,0.25065691780214794,-0.04525791779123777
0.001,3.1238656871514823,1.1892745105204752,-0.0333573045983453,-0.15393289599660748,0.6058971071700032,-0.06108540250327518
0.001,-3.3371527555963096,-0.2323172500783829,-0.08873803374161805,-0.009619721402241224,-0.8483335258811647,-0.011623275994999878
0.001,1.9085656209250679,2.7581561690075507,-0.06099308604219911,-0.5007437372740167,0.32983137802614554,-0.04592831782151558
0.001,0.9249060455251216,-3.225359594027733,-0.07041045217472856,0.5646217317284977,0.17047781858338307,-0.00041958749917751233
0.001,-1.75334562572854,-2.8611479047342234,0.01919476765835422,0.6012865622342249,-0.4938324837876735,0.005970540237536313
0.001,1.484254418379,-3.0102564587045717,0.12336491628098883,0.6419629967663305,0.2680244924979858,-0.041423517522067084
0.001,3.3542940035581905,-0.24949252242027276,0.2190506966248257,-0.03406189843482592,0.7236876931022557,-0.013337342792515694
0.001,0.0882966245996066,-3.3635856292532194,-0.13052812793793298,0.5698419564585815,0.05709475765691044,0.03344386705042709
0.001,2.6217633945131515,-2.1164016443322065,-0.03378514605618612,0.35703105219717796,0.5111867806942728,-0.0012673839697858328
0.001,2.5411336933251647,-2.2144157201411128,0.04624932033543866,0.33664432831856467,0.487029332514203,0.0011208280273015037
0.001,-2.429361136431119,-2.339317680153062,-0.027442781275888613,0.5047765928512007,-0.4480811654860237,-0.027924090451294837
0.001,-3.3621802034342245,0.35902311861194464,0.08947781902490144,-0.042345815691388074,-0.6297724856760245,-0.07804435159737075
0.001,-3.3439448027799665,-0.5059826394937984,0.05044490845386401,-0.027491435623711674,-0.5146711874135164,0.03681759064644818
0.001,-3.3138827336214383,-0.7199659599607959,-0.0863024384080136,0.08938801694698154,-0.637184062542799,-0.025483052243635663
0.001,-1.1010268651704245,-3.2091725852297843,-0.12080429144308727,0.5836582969143147,-0.20416840205252204,0.005640767654671775
0.001,-2.7152553606558163,-2.054908717201358,0.09426584902021624,0.47446803437234847,-0.5628228703022122,-0.0035856565136061385
0.001,3.3574798259592376,0.601327975362526,-0.013918711737612059,-0.14606689469155656,0.7748148569210886,0.03206784964640547
0.001,1.3595974445282928,3.1335323458263646,0.1920170026606688,-0.5526634587746272,0.27331984827460964,-0.013024119125391082
0.001,1.7847799717816097,-2.9170611978977523,-0.11434976173966985,0.628553414769395,0.3036985168433985,-0.029628093236798637
0.001,-1.4445023366482552,3.1008807480868503,0.06192748741678253,-0.5543731621411018,-0.2681103337750811,-0.019911261470095445
0.001,0.0807186268641901,-3.423300840173434,-0.16391739583024612,0.6622737374921055,0.03220248015991986,0.0285555667742255
0.001,0.5886738721519932,3.3733535668044126,0.07549787560987907,-0.6759547029322975,0.10337786674312478,0.04559247729192661
0.001,-3.152379262767102,-1.3395907664188191,0.13151279407579483,0.2520882168941051,-0.5983275557631051,0.015113979907072073
0.001,-0.2187296232729754,-3.4182577447269265,-0.09728747176227738,0.6207900306809911,-0.03776211183933212,0.0005016761748096813
0.001,-1.6415496800247154,-3.0099339499512165,-0.04128780082220257,0.4674489336019307,-0.36793628962361496,-0.029515231448828276
0.001,0.6460132872977212,-3.3698568799834168,0.08738585004857027,0.6102058919790685,0.06252382447493451,-0.03146350702212638
0.001,1.9301672336658464,-2.8383753130641156,0.0660457984600494,0.6479416506245994,0.37321831891878826,-0.01923114046423351
0.001,-2.6422001128783696,-2.196321159116739,0.11028226619655229,0.34880882597391444,-0.3549183151992511,-0.009788783989683728
0.001,-1.6057763245350165,3.0463994794735685,0.05246067480012299,-0.5089142874929866,-0.17771625796468166,0.06960134495025155
0.001,2.204407294399332,2.6472225211661025,-0.06428196590554906,-0.3644571768418038,0.501653090202052,-0.023382484104277425
0.001,3.411342868315343,-0.5162912132715277,-0.010661590171370052,0.1256050502508674,0.7145885507250705,-0.020428706639764822
0.001,1.1626971115332625,3.2543880503736426,-0.15633073116624752,-0.7164698308913248,0.22314184709397913,-0.006061671092783141
0.001,-0.6005959073681242,3.410618788121311,0.07709246324783624,-0.5914777795099797,-0.1537327560471765,0.0553424518822446
0.001,2.2099665988333954,-2.67116308252251,-0.07640515761507399,0.5060467706445521,0.42961505622305907,0.02976986302830436
0.001,-3.4365663261991295,0.5117044061342125,-0.08616152169899685,-0.08144772333777399,-0.7145553856163719,-0.010199898326895345
0.001,3.4701632349768796,-0.30553437531435107,-0.024335360715860337,0.019127176700119063,0.6952980224979078,-0.0034663880323937244
0.001,3.3774285119366403,-0.8722148525607526,-0.010142169691969493,0.2330148952185426,0.680180218369211,0.0011339411302985194
0.001,-0.39940697210119774,-3.480200047602274,-0.00879263282138247,0.734251939457159,-0.13122343917067672,0.007202967013336085
0.001,-2.5676143616719918,-2.383104866797471,0.06344493395473774,0.4318860154731705,-0.5407845519684548,-0.0019837095165607652
0.001,3.2738447988530672,1.2627324556498285,-0.053600139329028365,-0.30749154668263634,0.4960862956057541,0.004144263248804146
0.001,-2.002065947099202,-2.8937176914964224,-0.058073448333562164,0.543752585873519,-0.4419724663978163,0.05300349647230612
0.001,-2.9951005661979333,-1.8505698875266838,-0.139422622930332,0.35868278353811245,-0.5594713586577036,-0.010050197728228294
0.001,2.6045999942258358,-2.369250637500778,0.006912493415453445,0.2660561019717492,0.4740064592987021,-0.04925754609966186
0.001,3.128348762601538,-1.6358054207385517,0.04784394944503842,0.2934322982944807,0.5871655788690272,0.018128499610441707
0.001,0.22208708465760707,-3.5242014646379047,0.04043043239900554,0.7221813130676261,-0.018497880471138074,-0.018216516508693544
0.001,-0.18444455521360922,3.5288919412355164,-0.010289758594017295,-0.6116507865561258,-0.05658517594356288,0.0354341238611742
0.001,1.0826500243009514,-3.3733016143780383,-0.11974972226808517,0.7393093612285412,0.17742174669762611,0.007347877742739218
0.001,2.3170112433821446,2.68333246973971,0.061129170929226095,-0.4927622701134233,0.34829202439876783,-0.010367921753275795
0.001,-2.037750093268053,-2.90598020844596,0.02317068105611412,0.5144576870304567,-0.4386488623314652,-0.012727357942287005
0.001,-0.3458519372937849,3.5365958904086003,-0.04173535923758681,-0.5497256117210065,-0.03770338900944556,-0.001438842018808531
0.001,-3.2931397968470186,-1.3463566171441592,0.012572144239899477,0.1953851520365941,-0.5905164645461497,0.037424966401367575
0.001,-0.24888517052837425,3.557631318518797,0.20926647961718814,-0.7543134071215492,0.023263472505442667,0.029371389459949014
0.001,-2.8698508954018114,2.119732443900927,0.20366043887236007,-0.38715002675545207,-0.4960358901508567,-0.02172371455393282
0.001,0.20030754431555658,3.563679694513776,-0.1224529489250698,-0.6623279804890494,0.14021836193279175,-0.029578574351668118
0.001,-3.481842742162757,-0.8534555233324325,-0.19922823100189913,0.2580606709792709,-0.7437136613014299,-0.02420031541129312
0.001,-3.3419056151804547,1.2996271725754764,-0.16579948895497798,-0.2614363283266523,-0.6012552498426393,-0.012713134878181173
0.001,-2.059785918669796,2.9361303608824074,-0.26545283522799085,-0.5494522814786479,-0.34553841807860897,0.01730833942070401
0.001,1.7799209939028209,-3.1167816703031157,0.03799642169461632,0.6272361182884755,0.2389144516263591,0.03054164657178082
0.001,1.967074555916809,-3.0030957706691526,-0.024149865382049843,0.4747611903886987,0.4122065305809244,-0.025161042047526488
0.001,2.4054601941264946,2.6838482424413197,-0.04327010756744895,-0.4445090771895538,0.30333828921058525,0.009707783146027885
0.001,-3.268610115585442,-1.5241751126571692,0.0327601150494523,0.29474013927634424,-0.6048751282120592,-0.0048007885940804925
0.001,-0.8325419507072053,-3.5209171145224967,-0.06702679613086077,0.6517819090143063,-0.16119242860101252,-0.022780454294050113
0.001,3.580568582254064,-0.5498828874684719,-0.08677119851013643,0.10438658599486618,0.6414641009325696,-0.028481734774595254
0.001,0.24328496406074676,-3.617832101706931,-0.05215358703177417,0.6171746138285011,-0.04265137563515361,-0.01833789980565797
0.001,0.45369912619482894,3.598494587314442,-0.01289316052318486,-0.6536468273030205,-0.03389939773409752,-0.0066504713703299636
0.001,3.6301009395189383,0.08955494027767776,0.0928965254149205,0.0448897869667895,0.5572539706888734,-0.02137946244181121
0.001,2.469200219208327,2.6631519773721832,0.0017800464149107253,-0.47359956525529234,0.4480051178554585,-0.045062793769098226
0.001,-1.652340251821465,3.235979529167873,0.06200166840044509,-0.6282289900356711,-0.30016364970924847,-0.01943416925706467
0.001,-3.085097783740613,-1.9236242613192724,-0.2261954898967348,0.25200948555817687,-0.664794834078706,-0.04566755806584483
0.001,-3.546880356686057,-0.8064149189042368,0.001116293145351836,0.1094754065466892,-0.6107246189458937,0.023018776874197407
0.001,-2.0186687901649933,-3.0296725049608972,-0.0421376257587153,0.5342032621439761,-0.35861551399138725,-0.007382072184851688
0.001,3.0601543521937247,1.9722826694312172,-0.03109400401946559,-0.23354560106998168,0.6445452396824389,-0.06158897634954426
0.001,0.8302513070289067,-3.546498492862959,-0.0452013238510968,0.7350219975526073,0.11241181261182268,0.030661181801201316
0.001,3.4929599928457753,1.0371030465561424,0.06302432974363954,-0.3506717188748432,0.5926035141062101,0.017123927471985618
0.001,-1.2932050953104233,3.408061412801453,0.08981304925313639,-0.5946005450374835,-0.18056326721994426,0.049759550629206534
0.001,2.434419413007976,2.717002329623989,-0.07847650402676627,-0.5263943174402403,0.37172358597286975,0.02600558647569614
0.001,-1.8009939216105524,-3.1742611814285357,-0.009934867046966403,0.6719600728966537,-0.2774595270981688,0.05635594701207304
0.001,0.47896799494388137,-3.620858323469155,-0.0178067939782109,0.5630153023964812,0.15308199141124557,0.029285304029512724
0.001,1.1296808408633574,3.4837327309468202,-0.09775277481048446,-0.5588863072556431,0.32947111837360066,0.023734318654210104
0.001,0.5760817767755633,3.6173160746407516,-0.01184071492730284,-0.6117072617833722,0.09871727722996346,-0.013284165598847876
0.001,-3.655091970572968,-0.2567804856583633,0.11775276976738898,0.10871636941696888,-0.7453165188401977,0.022440538458785866
0.001,-3.647259005099603,-0.38551994104394677,0.033737279275026615,0.030550155800485188,-0.5785045272370636,0.03718220132283117
0.001,1.435168076287541,3.3821027310833705,0.03123223788295314,-0.6110021739085864,0.20840974479794916,-0.0029849655674910745
0.001,-1.9498687862166186,3.123026120102626,-0.022741464815258357,-0.590721265864411,-0.27360927191256706,-0.0202988374595829
0.001,3.284815823158142,1.6635517232587957,-0.3092154771234612,-0.31293563790570655,0.5080867984317803,0.024010269152431492
0.001,1.6260433446764433,-3.3065055396094576,0.026190326286483673,0.5767092105759913,0.1900848016999669,-0.01634039024215388
0.001,3.565526293966085,0.9762886165174894,0.003975244679584985,-0.32699110240289236,0.6463664317394504,0.004082180699303221
0.001,-3.051794865136753,2.087681790099543,0.0602578007343462,-0.2710812742569549,-0.5309534536568046,0.0596010356457421
0.001,-3.656318420760954,0.568084999619725,0.13850545478119985,-0.12416814927753078,-0.660605938748532,-0.012607208791647492
0.001,-3.3962410484910315,1.4698309462820751,0.004909806945243165,-0.22832646719817065,-0.5622389824784909,-0.029905014425347178
0.001,1.0270627286346794,3.560137191035191,-0.04495452709480256,-0.6628065102310583,0.09873285276151243,-0.04155691688868939
0.001,-3.709755103397153,-0.007395720528402918,0.2418926072943871,0.18807200808788826,-0.7115626696380849,-0.02363696180920666
0.001,-2.9736862277927854,2.218755565282987,-0.15234930918717288,-0.4719663461356009,-0.5461521772544308,0.007697838153960489
0.001,-2.903477226800084,-2.3102816194535745,-0.03654889255562676,0.4817907063603396,-0.5215222017145446,-0.0006051654290521003
0.001,-0.6322503043524267,-3.6562913345709833,-0.16072725883834474,0.6102300595679434,-0.2672758819115455,0.032154083753602236
0.001,3.0918014179203053,2.0536484958896777,-0.06925975964681072,-0.39601437421803365,0.5198486804834195,-0.034172887506717015
0.001,-0.1035274793457174,3.7108880355937557,0.17877813611914767,-0.6301263161062995,-0.058831608839291505,-0.01859149468713383
0.001,-1.8431969119476082,-3.231592990995933,-0.019798525299177153,0.6324497076025134,-0.31654937422840607,-0.036637562723057064
0.001,1.919095292412258,3.1874462285249847,-0.31795390011017954,-0.5841616059710751,0.22146978358796515,0.007511060392310281
0.001,-2.957476345838964,-2.2610888975687606,0.09182982787024624,0.3962609155399122,-0.4415371255570157,-0.010464844321589062
0.001,-3.7008049009261503,0.5491718841723526,0.024160733451071986,-0.0787045713758284,-0.6236571093578487,0.03494979919947344
0.001,0.08114005306000169,3.7420783682635026,0.16314795455990957,-0.6417897070926005,0.07481336616771425,0.002794539849481961
0.001,1.19705695792407,3.5470709084754173,0.07136375529194448,-0.748046775855062,0.23429828379404033,0.027165841047895618
0.001,-1.134948061328226,-3.5697120721406246,0.012118221212006838,0.5284916030171035,-0.17322645260757655,0.006558645581740098
0.001,1.5543519107342527,-3.418394222392889,0.045474661396730565,0.6508457858014706,0.324154706909141,-0.021649927390409586
0.001,-1.6359716624744347,3.3971453907509708,-0.1489618235187534,-0.5313477814694217,-0.1711388503389775,-0.04952084878038708
0.001,-2.9243121793124596,2.394070652725393,-0.030762754952599298,-0.41906038776260573,-0.41228402779373896,-0.016320456250785053
0.001,-3.774003990795302,-0.2876073569367222,-0.09268890608502606,0.09677133211133077,-0.5590686234332581,0.013815109173681053
0.001,-3.5726234569989384,1.2599928879792672,-0.15389737344713872,-0.2541316196418719,-0.6213756571818843,0.04241184331334309
0.001,-1.431650813971511,3.507981051172115,-0.022841292327491207,-0.6681602886000024,-0.3034209945027776,-0.00610085984630612
0.001,3.694902860716277,0.8479697828732673,0.13921475665324293,-0.19317383024329354,0.6909012816401752,-0.010559270247325342
0.001,-3.419815395211922,-1.6520831933129472,-0.13499344800749763,0.4208587638029792,-0.597390472757433,-0.07107383245223545
0.001,-3.614011349426633,-1.170967244593262,0.04038265819331849,0.17249821070107862,-0.6468553326726517,0.029233712981814312
0.001,1.1650022643243603,-3.6275499311071884,0.05760620043323265,0.5686991749467256,0.25707562543294155,0.053540332788577026
0.001,-2.3117518381107773,3.0320424076463968,0.1426766366560965,-0.5545245511311435,-0.33144500205548555,-0.009353011735098626
0.001,-2.5092786408211807,2.8729518535289724,0.1457253430083526,-0.5931133911617739,-0.45973959018991795,-0.016305649083963956
0.001,3.7450902444928835,-0.7968467456073766,0.116433649127406,0.12295443535074443,0.6455542260971633,0.016666763435825026
0.001,-0.19035492672435003,-3.830477950506211,0.027439752894049915,0.6598700495802876,-0.035451040947151256,0.008809365989317834
0.001,3.2131613585102987,-2.1023007259309083,0.14327137377310387,0.3339181218151818,0.5721529150878778,-0.04570136147238282
0.001,-3.827302537641379,-0.3138027106301891,-0.03180462262653968,0.03644348164523438,-0.6762553900607076,-0.0005893784071821843
0.001,3.811829883206099,0.49538144227968306,-0.22956278110123188,-0.0743225157860645,0.6960052865109596,0.009733014463558926
0.001,-0.4335391398334957,-3.8234076950667193,-0.08295352152539828,0.6787200798156712,-0.13591911906335097,-0.017915030818029684
0.001,-1.6263424122123222,-3.495944510259681,0.11343310671594471,0.5119659218583399,-0.2504729889576417,-0.01468445299480247
0.001,0.4174079825479247,-3.8420570236433726,0.08170434312898407,0.6293345274123072,0.08483649939274425,-0.02158811943409786
0.001,1.691982756731569,-3.475290687006904,-0.1605125216732195,0.6568999558549311,0.2284842310377474,0.0009021601849124724
0.001,0.3991037261285169,3.8562680659926674,0.07336307680100042,-0.5808615629601656,0.06447958951973841,-0.07389125006097823
0.001,-3.4477830823116458,-1.779432479328656,-0.06537942804694037,0.22499406493056662,-0.5665347003192008,0.009034798873670313
0.001,3.147267585840775,2.2824233401330765,0.14766983447403823,-0.4060741140752083,0.5575937960427981,-0.02082849069613531
0.001,2.4686870245113046,-3.0047931657236395,0.07196670457017151,0.41511137206743376,0.3524457550095784,0.010337405575785207
0.001,3.8507257092020866,0.5922824908678931,0.07263211753128616,-0.08617116747788017,0.6221588301227619,-0.006838172652432216
0.001,-3.725132060639039,-1.1589415081990566,0.0740852937266418,0.12512957050336226,-0.7347455698212368,-0.04492717006926231
0.001,3.6650336887693507,1.3499459130843796,0.036168522429532696,-0.18571469996913548,0.6647307874698942,-0.03818194697621341
0.001,3.886873622428162,-0.39427551780588976,-0.07733283465350246,-0.008355881598855683,0.5894189759213048,-0.04542332839938199
0.001,3.472081021112037,-1.7912277314903664,-0.037832081008621,0.29656797117533185,0.6777844379937215,0.005967761542635739
0.001,3.00809613946693,-2.4934870558306117,-0.047312857897322,0.44677849619225574,0.42560181483810433,0.04584241853330811
0.001,-3.5608751663774405,-1.6164947491430923,0.12458498704819845,0.19221083972090638,-0.6490054688727019,-0.01187375341309606
0.001,3.8337088466697167,-0.8262036838601299,0.00595694408486382,0.16132440889986305,0.5905890731067325,-0.0065234563093567975
0.001,3.802494039858135,0.9604363834302011,0.016790070609820188,-0.17113427367906048,0.6236905578178024,-0.038061814681829446
0.001,-1.6649480782752728,3.554757346574739,-0.08049070311743275,-0.6239874423677534,-0.32051268512852193,0.024132245545698604
0.001,1.9447724852055701,3.415398178973788,0.1219998863342215,-0.6045850066820146,0.34953712010198235,0.01412337909861757
0.001,-3.5815277764639037,1.631683395550657,0.09999862875740007,-0.21665330797055193,-0.6562126744485934,0.06667560773091213
0.001,-2.996620326216134,2.552311673124549,0.09776420381877517,-0.41700877343316495,-0.5092363501556129,-0.06651085182857917
0.001,3.5135151982355883,-1.8105429518142724,-0.08485221872613452,0.40382721343716066,0.6469682751012761,0.029641720579787333
0.001,3.8000151185027184,-1.116154314355384,0.244846852616874,0.10053376390334332,0.6528017178831252,0.0002219356701768006
0.001,-3.893685991778448,0.7355148086753929,0.004083207996156464,-0.1265612198964513,-0.6093401319656778,-0.04104848417813491
0.001,-0.3287102412494733,-3.9499445410071012,-0.08460595953469935,0.6360025615244129,-0.038610325375909325,0.01014443103431902
0.001,-3.9661271188207072,-0.24821120748427528,0.10071117905123071,0.10756947968301395,-0.6168603103593561,-0.02094890836783833
0.001,3.750630813066119,-1.3407082793423353,-0.0711511074190105,0.15675029704936969,0.6064331676037049,-0.014866782652649792
0.001,3.894014290368107,0.8489365963062495,0.002562306032058522,-0.13015015249181214,0.602615357224087,-0.0011216705133061796
0.001,0.35982090911085607,3.9733658691575053,0.13032667531734365,-0.7014988421703713,0.11161898533373109,-0.02881480479983148
0.001,-1.8129471614962243,3.5546597967155815,0.06803038231237239,-0.562740241330999,-0.2650820935825311,0.0024881316511339586
0.001,3.4300836289513468,-2.039962645235315,-0.17700345506051665,0.34680491598644214,0.5797630134019583,-0.05236133914670441
0.001,-3.995402099834676,0.1291646144522616,0.010543786762403168,0.03127387053833694,-0.5323084326097138,0.07213331639002099
0.001,3.2392811054419868,-2.346429920398612,0.04238058119197318,0.35740883718767036,0.6236917961633303,0.048645630906573756
0.001,-3.991768066727862,0.28470467850780407,0.11502685186032868,-0.012612714648418587,-0.5430528878111764,-0.002412355345404166
0.001,3.95660442221316,0.6137005074836483,0.06107027480545577,-0.07273445667140446,0.6107202643983846,-0.004025630654487152
0.001,-0.9942378450601803,3.886137461816343,-0.04388359750818499,-0.6811165052605435,-0.09952104753872137,-0.0420037019715792
0.001,-2.494549199659196,-3.1443273987352525,0.05471827144308025,0.5113655155234736,-0.3879630528540256,0.03596869895225432
0.001,3.941802713227823,0.7647917021009579,-0.005371041466851691,-0.25469715721779324,0.6419145221624328,-0.015801998888067114
0.001,-0.3714920321198496,-4.000743588107362,0.09744742054187373,0.6248051634732074,0.0026190141148783666,0.03884579140954449
0.001,-2.6887195941208564,-2.9954291386145453,0.03911975964946394,0.557652009668543,-0.4705326776669662,0.027082692967088696
0.001,1.2657503901620895,-3.821978590916462,-0.09200215609668555,0.6186543590676273,0.3084464736875714,0.0240664327836084
0.001,1.0899139032819332,-3.883428846615888,0.159741136226817,0.5231165286584566,0.09990207789944335,-0.024421027339745317
0.001,2.0970241039601647,3.448264652203486,0.06779498750191558,-0.5826073912221356,0.3595675985646175,0.013490986574602605
0.001,2.3614305821891355,3.278276692978947,-0.03284170527720783,-0.5899504752214002,0.33379560023788496,0.02541069741479976
0.001,-0.16043857337998207,-4.037598216631948,-0.06861691110842415,0.6544946884751491,-0.027953442818057665,0.009082548545009016
0.001,1.0149187144659229,-3.9126975955771335,0.06470370402689367,0.5963181309963065,0.19809230468578776,-0.06715266749045896
0.001,-2.2963225648577206,-3.326964520096106,-0.024620603725502153,0.5666512559458521,-0.3227145513601432,-0.037023106866428346
0.001,-1.0194908682607553,-3.9158344124918,-0.05851303713991484,0.6005299037836751,-0.11507601384200135,-0.0026967919663612276
0.001,4.000449477199429,0.6263514890299166,-0.0838724452770197,-0.10031642601057669,0.6520360666047526,0.0077288073168308045
0.001,4.061549888453297,-0.06336167551193418,-0.04560640217551758,-0.05563170606572842,0.7300174187321679,0.004987849868118072
0.001,-0.7593293788953647,-3.997416739396959,0.12749214222988003,0.6204109685282919,0.013835893746371578,-0.04326790778030004
0.001,-0.6775227869396714,-4.012174631095973,-0.08012754409210923,0.6796134861065435,-0.0784674092963604,-0.03841948003202531
0.001,0.9366446822366202,-3.967793766365822,-0.06490874479399089,0.6568907011605988,0.07852181413213336,0.041223179286555216
0.001,-2.584458731617817,-3.1572971387139788,0.1779482358512074,0.5249564336813959,-0.3744418038227279,-0.027896605446705365
0.001,-4.06718864168025,0.3905136761313671,-0.01661070761646869,-0.11774778510202578,-0.6621319748318336,-0.03838180376688455
0.001,3.973630906230572,0.9869634003375177,0.1422773248435086,-0.15700759070679107,0.5712541952959315,0.0028088960702635714
0.001,-3.9390989121935824,1.1268191344485858,0.13581319647831855,-0.13613534661284304,-0.5997753605452932,0.008621554326928764
0.001,-0.5274279909103202,4.074499341129812,0.04393845815229633,-0.6059503109956328,-0.15963087196922793,-0.04142921959676214
0.001,-4.023254816460885,0.8447219585352278,-0.017466068120970554,-0.13232574466925254,-0.5800632347318284,0.008161308698423908
0.001,-0.8372082642761162,4.028932758314431,-0.019994858112623918,-0.5817210961901901,-0.08955978270844665,-0.0025156929278086835
0.001,0.9336001742828479,4.012483028681006,-0.08871222455501887,-0.671775065841293,0.17537408473398244,0.02947299890392512
0.001,-3.307118025734425,2.471538971047181,0.17592849260051224,-0.40701659060542944,-0.5276452280093971,0.011412665278946094
0.001,-2.5019311500588906,-3.2875626672486726,0.0627364672716355,0.451782407995147,-0.4187910274366252,0.01608458736595206
0.001,1.1542976949079298,-3.9681832024507204,0.025856066759348387,0.5361569992773746,0.17653978942561624,-0.0418458128761784
0.001,-3.802800374029131,-1.6465443153023296,0.04515831227684409,0.2933554864914311,-0.5052432412581418,0.04491971653877325
0.001,-1.9519581878086503,3.6569079903226247,0.07475679312339678,-0.6747730718989833,-0.29476544066102955,-0.022362821986121
0.001,-2.332005959172334,-3.4386625453802657,-0.1233516240775655,0.4753063207684756,-0.3137099831555058,-0.00030653820638707255
0.001,-3.1275948859772504,2.7355293747005818,0.04518497898949484,-0.555099694781215,-0.38752603851094763,0.0229869412436765
0.001,-4.10245922241377,-0.7133342421139363,-0.14610721193505713,0.17892068166614547,-0.5810728368265524,-0.013878868073857199
0.001,4.099549282396469,0.7347213126572323,-0.08244934235482368,-0.1564301952574032,0.7669835417472898,-0.010866983763848407
0.001,3.4094887200088526,2.3938015288137353,0.19716029729176507,-0.32932295025485825,0.5757185186486584,-0.0007433397789066282
0.001,1.1318980412084767,-4.0115830454504025,0.06862686438272436,0.6705983136108875,0.16994822729721534,0.004338216077414
0.001,3.060236397112116,2.834523074780889,0.038722228217893166,-0.5636889396128713,0.3899510589172675,-0.029658965911213486
0.001,0.7387568523100019,-4.105594136313778,-0.04847597330556932,0.5718994576324874,0.2051869079935802,0.009886712870821717
0.001,2.2247677495826528,3.530035986651519,-0.07017166617025822,-0.5089808810163926,0.31959024887212,0.03700266355208081
0.001,-4.129747327684025,0.6591687987365007,0.1645696796287933,-0.05728463885297371,-0.6806344393596646,0.00998749464520833
0.001,-2.8777825996056805,3.0372145966789965,0.14501665782219347,-0.49538386644433535,-0.412320705397961,-0.020054515585291217
0.001,3.171198872761646,-2.7311375854966133,-0.07218620485460496,0.42900156473935575,0.5290764571371234,-0.0013621909568086535
0.001,3.6986418821251217,-1.9587827523579755,-0.03969302356265175,0.2822748387726458,0.5317145808409217,-0.00592377858458335
0.001,-3.727125889871153,1.9080109690364238,0.1369317181075148,-0.21766779748424123,-0.4838656370315399,-0.0010508880685875567
0.001,1.588612310183718,3.875005353890488,0.149540667556165,-0.6219368260884758,0.180555656729063,0.048416609465716735
0.001,-2.1847262002887393,3.5734612846230664,-0.016858692260428954,-0.6302778898498439,-0.3915086339726229,0.023875699855210538
0.001,-3.0612796447554373,-2.863057302269418,0.07291658809745903,0.4154212877348785,-0.5795156003589559,-0.04186902589811072
0.001,3.058298756108475,-2.870365060440175,0.043718264102145875,0.2461057217474255,0.36605080233549087,0.012137514545581403
0.001,1.054754142317016,-4.0595279298944416,0.08459746048013263,0.6829893488506271,0.2109151738466349,-0.03062652148146282
0.001,-2.8230628775618563,3.108710946888882,-0.21636625473193039,-0.6827119742054535,-0.4391804396747557,-0.014760029070417867
0.001,-3.6802808965048057,2.022943608380544,-0.13056146477594424,-0.2899725965398891,-0.5615723181965702,0.0023366036362037703
0.001,-4.094100811853594,-0.9365349030266854,-0.016304410793439174,0.11878966428606297,-0.5868661896133786,-0.04059212544680395
0.001,-4.109622108895461,0.8821433949474558,0.18966274312211473,-0.2012476130129111,-0.6208853176715223,-0.012365337223743524
0.001,0.6119729275146896,-4.1591389012493325,0.05029438261615615,0.6088717803255381,0.11314187356628416,0.019217238091412913
0.001,1.8421146549798555,-3.785903413677443,-0.11543556084868561,0.5877648049955144,0.3673894210947716,0.005962249130311865
0.001,-2.212573267503268,3.5829159241613664,0.19557488572308945,-0.5108196945924596,-0.3504827889698357,0.0458998357254857
0.001,-0.1356493308639822,4.2093199865993185,0.00029231736441507537,-0.653013644653355,-0.034736929907499534,-0.06369548347026041
0.001,-3.240984653770213,2.6930829521057613,0.04426678928607685,-0.49336724082545846,-0.5964315990596043,-0.06545965658533462
0.001,1.9830666530793177,3.7263475025975943,-0.017415476320783434,-0.547009892945243,0.2104807444203614,-0.029265345439481238
0.001,0.7176396066766483,-4.163860833921356,-0.11355096444455964,0.6509816104022976,0.04826863085981791,0.005095407578787711
0.001,-2.128957550542994,3.6547108354886486,0.09774654599900671,-0.3919517043803141,-0.19991261503459934,0.012053626913313693
0.001,-1.835634765765086,-3.8335123491112175,-0.04524379134535095,0.5440275458564606,-0.27760417419622646,0.028446172613259095
0.001,-4.24169937690741,-0.31102421533096547,-0.03720981020771984,0.05959192000870325,-0.5640405679608693,-0.03680823286459283
0.001,3.200937926830778,2.8085011565993723,0.11617452263455624,-0.3211356105763925,0.5396738581791483,-0.006657677106845491
0.001,4.212900939041337,-0.6846422858126509,-0.21379999043189582,0.1253968597931783,0.7222417685093542,0.026383816422998
0.001,-0.013989220925251365,-4.271325612826557,0.0028150743760226578,0.7463418669751074,-0.02496576365343451,-0.0386115023904035
0.001,-1.5509143849149514,3.980483094076579,-0.15445815642654878,-0.5888605519333656,-0.259149182773311,0.04466710674176609
0.001,2.383148262222042,-3.548310377632738,-0.07597707139397582,0.5230925977793358,0.35977555654064103,-0.023028822946987118
0.001,-2.4028830417702514,-3.5412006949524097,0.03544461706349611,0.5428440757082822,-0.2967656055833574,0.014808075144242813
0.001,-4.041783066821864,1.4075362069494157,-0.007732399687873247,-0.24409289275964746,-0.5990267403984292,0.026123351476040564
0.001,4.279198809427797,0.11746210088511558,-0.0018882475576523713,0.005721809570531065,0.6895637101532489,-0.008376764981527935
0.001,0.3576921989665289,4.2703800754192205,0.14699296976236617,-0.593619851878591,0.15149793319289423,-0.0247857581099171
0.001,4.2786263919699135,0.2610507513458062,-0.0440465608399242,-0.011628337264494634,0.6611343810467907,0.02775215052921694
0.001,2.687968096719579,-3.3489882107371582,0.21543735524264118,0.5517939266186127,0.3796452673967266,0.017292310835315072
0.001,-0.02186238651579954,-4.29627992936598,0.13410872129183976,0.7251947946112726,-0.0006684597533538504,-0.000491644342816843
0.001,-4.272635596629731,-0.45979961618647774,-0.09406990769178154,0.07604751420923969,-0.5085477304552096,0.01805604889447334
0.001,-2.0285988564985686,3.793271345550661,-0.07879595959125274,-0.504483159967876,-0.35998079572561514,-0.0013970306580205697
0.001,3.3235793500727184,2.733371337444842,-0.014000815196353801,-0.381659311804169,0.4227344767346163,0.0020458756831526256
0.001,-4.032876850914333,1.5023327801361481,-0.011257271682848409,-0.19730454514586898,-0.5663369799481309,-0.023281232508537152
0.001,3.9284399187629355,-1.7653418355976784,0.0013275731199289698,0.23769045932909222,0.7124271637643068,0.034662687710744
0.001,-4.247012194290435,-0.7649731428737747,0.10940377251284482,0.12706467032912128,-0.6028005429877502,-0.037121820806816246
0.001,3.8835628670130182,-1.9151754946497104,0.10849644524824216,0.3504922697589553,0.7022654861315364,-0.02934406506158576
0.001,2.085839492446096,3.79543156457329,0.07576378362142826,-0.555734953417137,0.3349253752944253,-0.04466903312358134
0.001,1.650294689957995,4.004747191171342,0.007249939453244429,-0.4750960755394341,0.2519190487380241,-0.007210326395666703
0.001,0.3991405467619749,4.313721305917002,0.2062109264372119,-0.6766474653291794,0.029379784073757985,0.037013643067944905
0.001,3.944764915894859,-1.8019746962690213,0.07674035468818594,0.33606398913365515,0.4995371178947797,0.034976442116090904
0.001,-3.4912959934073386,-2.576384239972241,-0.13625957393419688,0.40127849829869355,-0.6501347691565647,-0.0072562983967600315
0.001,-3.773414779660525,2.1463091229316986,0.048981771069424966,-0.1963418675699753,-0.5544824946991995,-0.004926698131181065
0.001,4.336299853883083,0.2573373638794591,-0.01664262449257586,-0.07929765203496167,0.6344631892741607,-0.017691989786834603
0.001,3.5980992469900697,2.444474985768328,0.12550542902144854,-0.3908713765059202,0.5233749302177626,-0.03607343922419822
0.001,4.298946955488164,-0.6694497611275552,-0.03779750218564959,0.1105417314562625,0.5301377216967587,0.03858149114712006
0.001,-2.9884101840091106,3.1727201866763064,0.01757090405526806,-0.3754082875679509,-0.3271650504270475,-0.028727978281703266
0.001,0.2861803340198795,-4.350844567426301,0.005539799545016325,0.7152339635963042,0.034652850095231294,0.0028587520551603828
0.001,-1.491076427326888,-4.108667517536718,0.02425770459678748,0.5787976228479893,-0.2860819945202046,-0.024954321216331985
0.001,-1.7321536262573525,4.014657763026366,-0.1649829685290775,-0.6376979707396881,-0.2490885935913725,0.007370576763922707
0.001,-2.26143825416953,3.7437112152000784,0.2407240860442534,-0.48073159450609226,-0.3416992778721682,0.018091914243054258
0.001,-4.359441995722059,0.38824113754933376,0.08215041591684265,-0.04673548881854891,-0.6189875880211106,-0.03169186030078989
0.001,-0.7524993659560638,4.31907926864589,0.22077544165796922,-0.5710860020954837,-0.13755203120389434,0.01341054448398505
0.001,-2.756040342241282,3.412624715352765,0.16270099822504713,-0.4700034993689626,-0.3464151405762513,0.044151222709785616
0.001,-3.040862476607877,-3.164097951914661,-0.12388636341294007,0.45413850548140117,-0.4756910139236593,0.019390868359118994
0.001,-4.021025953633538,-1.758133892507592,-0.008628523918851027,0.24346201003091988,-0.6066523433422946,0.011151886943341812
0.001,2.0848663598388786,3.8622519014842185,-0.0742692840271843,-0.5105984323691941,0.28044408293039147,0.001667227920656416
0.001,-1.7875893743062905,-4.00979309800334,-0.08068623929014346,0.6592917319280803,-0.27687053236384235,-0.027690163794150183
0.001,3.495116387719725,-2.660226947294198,0.09681972217358524,0.4144240472732621,0.5030595762614596,-0.021008651411671804
0.001,-3.027961989575933,3.1869009119458958,0.08010140587235177,-0.4578844086952527,-0.37316931144655713,-0.02263476269525752
0.001,2.1772160016640387,-3.8200222800771244,-0.07275148047642419,0.5643802617843665,0.3527479354374188,0.03133354609157581
0.001,-0.20452632246972682,-4.392162686411154,-0.035624530488152555,0.7133183311392806,-0.14613512384478677,0.005960359277601049
0.001,4.218768407560045,-1.2424594183238875,0.04700841731620742,0.22007128575444673,0.5417855894390982,0.012947375292947854
0.001,-4.396457859507621,-0.28693625666764155,-0.18660467948389053,-0.04625993821670982,-0.7024588867265843,0.008368789947465967
0.001,-0.21731983976375085,-4.409414941546761,-0.05747485249246307,0.638453684687648,0.04662897457773564,-0.03256801755995387
0.001,-1.3381953223831793,4.211399729760476,0.09250777942693801,-0.5281091394510814,-0.2935128632006239,0.03236610316181147
0.001,3.156691831889002,-3.09256927381849,0.0062884123141767724,0.5476920157983721,0.3316128087165001,-0.009156677701329243
0.001,-4.071781951869192,1.7410985260978165,0.08559625162121821,-0.21896548299591473,-0.5908376678738909,-0.003782110091465914
0.001,4.203172569039166,1.3957446881191713,0.04854430378643079,-0.29291907314027643,0.4277149541214411,0.017845183677707085
0.001,-3.9681898389121857,-2.021344540278792,-0.024638608355662978,0.26515888436309987,-0.5370737505591133,0.05269144593859729
0.001,-2.310097236202897,3.8124331158813285,-0.011284939824942096,-0.4705412417571163,-0.287785307632353,-0.05525162333222064
0.001,-2.120029590740136,3.923261121035777,-0.12495517378150255,-0.40114951076480637,-0.2240599877112364,-0.02155622644725924
0.001,-4.440235411693348,0.4493990636091479,0.04525227451421929,0.007007830282626845,-0.5819580860266076,0.029311240487061463
0.001,1.3888639071172848,4.241989656085758,-0.09678361256190349,-0.5788599170945625,0.2679476105241159,0.037618791237224634
0.001,-3.544687850637691,-2.7127084460655775,-0.16164479239742605,0.4218740849733748,-0.42408904789501234,0.038706502695305
0.001,-0.17447441856700338,-4.460513379593534,-0.0032240392852486716,0.5367821549128253,-0.017297524913088263,0.0074758811164403706
0.001,4.030523642968699,1.9378389357964643,0.11003030760034849,-0.30568208717666373,0.5757648966671127,-0.017078785845047406
0.001,4.3467715157064974,-1.0651163608421086,-0.04567008780095919,0.17068955501999306,0.6566158585890214,0.05174977987203625
0.001,4.474417107978181,-0.13261272883563438,-0.01789057506304916,0.00884970857173225,0.6367392462634144,0.023743942957088465
0.001,3.1851601299091996,-3.14800721366513,-0.06432904749422062,0.49478540191693904,0.4806144015918688,-0.013828923377586443
0.001,4.151569308247575,1.686340259148435,0.03813657633897797,-0.35015485165953636,0.6256515617531898,0.02039133813989403
0.001,-4.138945973949542,-1.7274324712425682,-0.034695164804603815,0.27028929990993655,-0.5832988564728323,-0.011407176127631813
0.001,-4.484430742825998,0.10675393944651479,-0.02499622226983371,-0.016581889018640664,-0.5586929775759609,0.10306465531682615
0.001,-2.893683351782603,3.428712621344175,-0.09853340708382154,-0.46530962765864253,-0.4294011661551394,0.04291962636206329
0.001,0.706279751576625,4.433511164014175,0.056735401045740874,-0.6411446779978595,0.1310853031758365,-0.03185534036368842
0.001,-2.740731375786424,3.5595397034372227,-0.04842073659637162,-0.4757020569515339,-0.30812057366433915,-0.034157116907508785
0.001,0.4392551251258098,4.471837216589113,-0.06765276097663322,-0.6891629057021698,0.15016444114254263,-0.028222962689176696
0.001,4.09402731110234,-1.8522471766313588,-0.017861804808512134,0.28349134558753025,0.5256231905889842,0.01989630044300022
0.001,4.488459105201488,-0.33111725315109647,-0.043325878191176254,-0.02155588309319313,0.6860926500924761,-0.009025030768886532
0.001,-3.369074006698232,2.985545036967078,0.13804454731700608,-0.32246858361413777,-0.5269938008519353,0.005179952170968807
0.001,-2.8586568532932133,-3.4824414952816167,-0.19661351184120646,0.37369792089089116,-0.36040533125498264,0.04430873775082198
0.001,2.6766808863519493,3.635313871046111,-0.12366734386449706,-0.4344156354303178,0.2729543734078623,-0.00939663786712496
0.001,-4.099480138132343,-1.9016948376357385,-0.03728265759404168,0.29325528224397984,-0.6464493632265387,0.037543828713013656
0.001,3.5600479225308526,-2.785543681596236,-0.02765929313900621,0.3199215911106943,0.5260165748918451,0.003534378557443217
0.001,3.407913729796074,-2.971736373329054,0.006902455248640429,0.40132673936598834,0.28229690518748357,-0.04918145924473816
0.001,1.3473020456505864,-4.319030865077821,-0.0035644405006302034,0.6308302206488254,0.2215276192017206,0.007686547480400695
0.001,1.1058940033933125,-4.38785437244515,0.045439504685893584,0.6177775227519444,0.11727209760850368,-0.00315413533512674
0.001,2.531430277826418,3.7564536679652836,-0.09237128928700666,-0.6374658726213992,0.2819837764588243,-0.0016111537030950248
0.001,0.36664932733061795,-4.52199628075997,-0.03722716598341987,0.5943865650647872,0.12977129757637101,0.018526061330156614
0.001,-4.1596415057100575,1.8314026134521368,-0.05299069203085523,-0.20925388244449067,-0.5489662616360443,-0.02025493290331393
0.001,4.547783164341411,-0.17834499622711186,0.1009280379187228,0.09844586775358186,0.6579025202740766,5.1711454089455585e-05
0.001,2.303838584478588,3.929038445891607,-0.2815574643625253,-0.5502889764847112,0.33537463837268183,0.007058537123693342
0.001,4.358547215686373,-1.3234626626720374,0.055241231458095334,0.19563841867496293,0.6391008189428736,-0.08634250322592951
0.001,-3.3178746898616924,3.1230309247884636,-0.0998174003879237,-0.39468854275314436,-0.4221424580358563,-0.0002819828657614019
0.001,4.312488315528017,1.5055264246223958,-0.05637848312127321,-0.13242524958383195,0.6640184518538012,0.03658564468409004
0.001,0.04998050028061868,4.587418879040344,-0.12739200351288357,-0.5450172408729043,0.018279210690589673,-0.0386397847163833
0.001,2.5812698760583745,3.7940666564349312,-0.13399638159430072,-0.4339143515953334,0.5017165910900616,-0.013648766564214439
0.001,-1.7806707448882,-4.232258062890451,0.044335480094099544,0.5748943314595785,-0.20593481756116838,0.0028577497407207275
0.001,0.9004568412555425,4.50541626814972,0.0340809378445086,-0.42600546702604747,0.1734551990140572,-0.0497320084212498
0.001,2.4411681685088262,-3.8927920263882854,0.0956540948654166,0.49512870966716077,0.37495585130160763,-0.06324191070610646
0.001,2.0513164469198695,-4.112536537491354,0.20205457347060732,0.5951892672276955,0.21819169179571576,-0.016312031908961244
0.001,3.5141854998491087,-2.9733808158791084,-0.030726619632296344,0.5038584103413258,0.4878410775566516,-0.041663487499544884
0.001,4.608472539803493,0.12429017459982407,0.20128206796564935,-0.04760767573948006,0.6355291542451769,-0.026073391862764184
0.001,4.558166504590816,0.7218466397967583,0.10139286402011385,-0.14837791979700235,0.6225270317160365,0.00783653473559792
0.001,3.010582396497796,3.501662680510983,-0.19647649654734056,-0.45415608030817406,0.4044394249812361,0.011600433854827544
0.001,-3.103881823214595,-3.419774691502763,0.12129726981667213,0.5261687341189187,-0.4542714353179158,-0.03692233463803327
0.001,2.9417744355776367,3.565002665138766,0.06889369888191099,-0.4900779682603765,0.40836556978081573,0.0023589852439095038
0.001,-4.221175596094598,1.8935928220602467,-0.03960867903894992,-0.2840967014787061,-0.6278753890205175,-0.015803511933100336
0.001,4.480223114161572,-1.1578688182289967,-0.0561384424336677,0.20674853388589454,0.598356225930162,-0.017328279903113135
0.001,-4.525539280796286,-0.9964107191213053,-0.1820495328049183,0.057589781945166965,-0.587604342639681,0.0027426454779592795
0.001,-1.600627650256714,4.354004323980608,-0.033135478235290866,-0.6437379037518335,-0.19616848037083737,0.044152603403161815
0.001,-4.3257609299843125,-1.699462136815791,0.025744517245751355,0.36809387442108465,-0.6182986384751237,0.004268388591181344
0.001,4.47447479993932,1.3059895586322385,0.01922491859330956,-0.31331024506380023,0.6391762111169076,0.0416004227634033
0.001,0.2923115596358071,4.652894000225527,0.11344696254666314,-0.6356559029327928,0.1326888673506949,0.06065856074819355
0.001,1.411088274973015,-4.446596966085549,0.2181767719596766,0.63123903481107,0.14561758627130553,-0.018406947607719017
0.001,-1.387316764046693,4.454276217598231,-0.0008179050104782674,-0.599283563813885,-0.25489657975841673,0.0051232245293314944
0.001,4.656232855313557,0.3328593297229579,-0.06778036468039186,-0.046326136661249136,0.5686473417390043,0.010135287225800345
0.001,-2.4401914493144106,-3.982908138059956,0.20157364606119021,0.5604682931870472,-0.30891840477076965,0.004991380598835928
0.001,4.523401419726394,1.1785525945204716,-0.025266876895798186,-0.17518787228175292,0.592650077588933,-0.017323875147790477
0.001,-4.552600140974541,1.0635749461730342,0.014394345810123164,-0.1709539986024184,-0.6650398639348758,-0.056976970314417175
0.001,-4.563320915869128,1.023772254417304,-0.01693930871960127,-0.18333754090866428,-0.5483975433182546,-0.030959624198815455
0.001,-4.064942611758778,2.3162499200658018,0.1781801852739071,-0.3024768227614517,-0.5685187504313282,-0.010725844305410185
0.001,4.569320476385,-1.048050860939331,0.02983015660930933,0.11875955649753454,0.67035904397684,0.017958941662218605
0.001,2.2292260894360507,-4.126175446977131,-0.22120213890686188,0.4914223455388335,0.33057425192893236,-0.029116891443913502
0.001,3.7700076930356072,2.795367046755084,-0.02031848947679226,-0.3921897861362897,0.543680645428227,-0.032609603216156836
0.001,-4.268912536572218,1.9519139910282475,0.23208178073385308,-0.3463537675128815,-0.5910778456860344,-0.02448124258060362
0.001,3.560337249480407,3.0607716418791093,-0.07654685066165567,-0.3779240632277584,0.4834674228240129,-0.024355447443378263
0.001,-3.657829320944866,-2.951289506077707,-0.039732683054737504,0.425247389563475,-0.48267076069477943,0.008624307095723618
0.001,-3.8464659384450712,-2.7008910929551395,-0.21680381154367,0.3356281803652346,-0.6251214123259892,0.043661417623187475
0.001,3.9292267632794977,2.582637923412923,-0.02171632753868198,-0.37451609278531706,0.4905594896227742,0.014794930032851983
0.001,-4.056879044758009,-2.394003948028523,0.07976725693898645,0.2936013801322465,-0.5316822605915721,0.022936499510030652
0.001,3.674742343097548,2.9544150254135633,-0.10657983107256946,-0.4627201189771305,0.5776348659149805,0.025910566135661065
0.001,1.825782267119985,-4.354616468078695,-0.08951729381156674,0.5387209170379326,0.25320864057011355,0.0033973580350509045
0.001,-1.8364479008642287,-4.350364416264421,0.07654136538604536,0.5730450757231524,-0.2893904086474057,0.028039221908401493
0.001,4.288330094812369,1.9838727001718384,-0.013466193220008747,-0.28577864947343257,0.5772089570888852,-0.009946012147332543
0.001,-4.688167993321058,0.6191316346424279,0.25038430055362565,0.034106487150140974,-0.7875965466674422,0.07343049357539276
0.001,-4.55024544258293,-1.2895528385478672,-0.07362481851284546,0.14246177042399588,-0.4161731791006924,0.037103317435115295
0.001,-2.493047591964572,4.029442599887111,-0.14343403436418098,-0.4959264835469319,-0.3327796496413421,-0.016101683636588333
0.001,-4.625253686416133,-1.036968916395317,-0.0527812242959806,0.10510195478972292,-0.6013650265419037,0.028834196677856437
0.001,-4.691312071873229,0.7133892501839624,-0.01055686086569261,-0.04330294403023116,-0.5532453283714416,0.0390585952869305
0.001,4.511597711006516,1.4870978366063803,0.0919591921910684,-0.19672898200615765,0.6603111906001703,-0.017858180567689994
0.001,0.3707999911053452,4.736086780377969,0.11916542563534914,-0.5343359347568545,0.05847941742779329,-0.04866158282808841
0.001,2.479517052304218,4.054019681030101,0.0810188706296775,-0.7246029585614234,0.2354733172476689,0.0005602999116617409
0.001,4.771689807681617,0.14966012961663339,0.16595856881266371,-0.002748593008677507,0.6239501202605019,-0.023761667239043435
0.001,-4.763240204701723,0.3557477413890061,-0.1586874290787615,-0.057764551749593954,-0.49958528166955707,-0.017308588144215018
0.001,0.7573169918820903,4.717361091587768,-0.023976849888827978,-0.5655866162394976,0.14037904178473243,-0.023145475413468716
0.001,-4.583662413384304,-1.3495390550346222,0.06466663533251125,0.11359419223070363,-0.6959432605662025,0.010096658817091143
0.001,-4.6576105025605665,1.069392221729975,0.11370700077388324,-0.0677379895440127,-0.5598060317474726,-0.00020256694858692686
0.001,-3.065687868403976,3.6662772983190948,0.10819006736806497,-0.4743287298105739,-0.4035188442627325,0.007410812963754451
0.001,4.785149467838455,-0.22514400684753771,-0.08403437075164844,0.010234466574232715,0.6771224325437324,0.015135512274093193
0.001,4.599778912830039,1.3505545129257357,0.15804275584651545,-0.13819723046291515,0.6293061492372742,0.02160663874616284
0.001,-3.355005072493912,3.4392901610100526,-0.014915474314889564,-0.3301098671588939,-0.4250491702173161,-0.03062959978398972
0.001,4.674432012901284,-1.114578248528811,-0.058541262265623145,0.21122163725230275,0.5409835776627284,0.024998494228264504
0.001,0.8101265531926635,-4.742737072823652,-0.2405668772111,0.5556038279458217,0.12399332044290294,-0.025304750757946356
0.001,-0.07416203220163617,4.813057295336945,0.06359817417829837,-0.5832325283933955,0.03428445126007326,0.005559193295242542
0.001,-2.70110957449828,-3.9882213877557207,-0.07259537490010882,0.4519201261483959,-0.34935049012575337,0.002910886752710742
0.001,3.4071152059516514,3.408220668379636,-0.08560196490625904,-0.42710001710955836,0.506887794410106,0.021468328441996514
0.001,2.4882851188103405,4.129582950081859,-0.031615429960636314,-0.5179884843902145,0.19113819928260425,0.03902737309320708
0.001,-3.3791547165532947,3.4447714529608042,-0.04531656576380748,-0.5264085826783071,-0.4788673783987847,0.06893971952281024
0.001,0.434699213278109,4.808450191965451,0.2114508413246076,-0.6637331213745634,0.02830687447196087,-0.007917185449260209
0.001,-3.6586145910404535,3.153037718996401,0.1756695469100294,-0.3339886813517282,-0.4651504477923051,-0.016582518076757223
0.001,2.938355550835714,3.8352758664935753,-0.0440331072416956,-0.41405130161297377,0.4224003082171958,0.02626196340619478
0.001,-4.296530394710396,-2.209788312256406,0.0902933080027651,0.3255582420767156,-0.5755819297873965,-0.032948996212497986
0.001,2.3163510034837826,-4.240032329682064,-0.10092262156730575,0.40291895397116384,0.26047770447842017,-0.06283964032100359
0.001,4.260252348730102,-2.283979074079852,0.01478943844749873,0.37280179806753366,0.48905570647021196,0.02168583727216071
0.001,4.723861668940758,1.0296711459900347,0.07529074097486432,-0.09411225985160446,0.6309860379683377,0.032196296192275146
0.001,3.6607987728187514,3.1905728844867665,-0.09132229082964545,-0.4479126101678997,0.4890229687595021,-0.05583448171861791
0.001,-4.817039511578623,-0.6273640817765953,-0.05306543879820196,0.08707913965734199,-0.6219561426930561,-0.009415270121277158
0.001,2.123500497554182,-4.37441748676456,0.07710457768970588,0.5070812744495572,0.1822297866969363,0.012532617394118928
0.001,3.9178867880644344,-2.88239422264879,0.00178502501337532,0.4111874464436306,0.577176906182074,0.01832286301517391
0.001,3.337811501128506,3.53828740356053,0.19281569008226226,-0.5011596876260418,0.3948772211281297,-0.03629567727315093
0.001,4.23676293124005,2.39773070833552,0.004282621001729463,-0.3006104004902392,0.44623478155639584,0.08247947112032929
0.001,4.681353293690438,1.3370240000852258,0.02696489025416085,-0.2556847712518623,0.5419913575634852,0.05094869407518224
0.001,-2.7337478775781032,-4.032419296403982,-0.06516409972958197,0.5092673709654542,-0.31644237433388894,-0.0400370828853865
0.001,4.217846255834602,2.452551708524452,0.12697907329421468,-0.4034590617653319,0.5233734231545489,-0.001080175055378742
0.001,-3.907198067156564,2.935004773537661,-0.00035606315352408884,-0.47468892372411964,-0.5298077720874735,-0.003611166129335784
0.001,2.3974307357749933,4.258319595311699,-0.0045843555000533815,-0.5695298391950331,0.26339310297765745,-0.052428044456055777
0.001,3.978172397018742,-2.852140466957059,-0.15305757975616036,0.3741277358326713,0.47640290208976416,0.02622872279568114
0.001,4.499851056285166,1.9332409811525177,-0.01862855950328978,-0.28396227011528874,0.5746455100758544,0.02749257335263536
0.001,-3.524848302977907,3.4212717633224803,-0.045387017568970796,-0.4634515597482249,-0.45428747127865937,0.006314696323929082
0.001,4.902525801795685,0.34772188281710253,-0.09454376245198591,-0.05338618572368228,0.5636066525823843,-0.02134694902066218
0.001,-1.2679343419668163,-4.751391903707229,0.12861676958572268,0.5474098441075086,-0.1768565190789428,-0.013779570391523562
0.001,3.7186461287546524,3.242563961416203,-0.14526595128182715,-0.4137296289539695,0.49415157021076733,-0.06026117376133068
0.001,2.6208428901325296,-4.185956374556233,0.053391595660201886,0.6030301124572452,0.4324643555594487,-0.013874114963394251
0.001,0.618891513314264,-4.905611526147497,-0.10724355786935712,0.5810944811160265,0.024349366717332836,-0.018251561429065515
0.001,-4.559616451461633,1.9145566653954764,0.06087900152242381,-0.2687402095415966,-0.5760205463077445,-0.011175774921175653
0.001,-3.1719991099487013,3.7953685936566908,-0.10490988479063663,-0.36502109916664305,-0.41276080050711,-0.045667421111903486
0.001,-4.238717774427212,2.552221594954509,0.021086789681484006,-0.35762959748943773,-0.5927756536123643,0.04965738155975555
0.001,-3.8530857750096685,-3.1109237082577126,0.038148667516756864,0.45855273156866927,-0.5118541522638514,-0.018590844777481123
0.001,-4.790296263263626,-1.2638340112566315,-0.056810296414403376,0.1451152934153844,-0.654812046608917,0.0521102255867729
0.001,4.6414102622275015,1.7372121796917224,0.06772829182132926,-0.34501761096619016,0.49404519078276166,-0.03779757125616974
0.001,-3.204628886218777,3.782844726508537,0.07324430169406841,-0.4166871964519401,-0.31193570644264196,0.031281406703601765
0.001,3.1092507036678247,3.8649355795499214,-0.06575718257240713,-0.36774901847272196,0.3677297701249336,0.05116267973012863
0.001,-1.0791563849392045,4.843854599895037,-0.06013933221874155,-0.4817648748810821,-0.18720080288049645,0.028406924207390348
0.001,4.811237471844791,-1.2233199267178052,0.004598671060810045,0.1628272823550022,0.528823095881943,-0.027160758614931352
0.001,1.8982120145920682,-4.592748689289222,-0.003993617159138232,0.49386497505518245,0.2375901273934462,-0.034892866965799636
0.001,-4.041987372042288,-2.897092060569417,-0.01205900295490721,0.3638921375898998,-0.5739951804363251,-0.03200171231422935
0.001,2.7298891262205043,-4.16175388752427,0.15352069186874115,0.5176909146465907,0.3212895109517413,0.01578172466457438
0.001,4.088617620691347,2.8426252396614973,0.09768152454008586,-0.36178139064913856,0.43049230170894015,-0.03536238099145075
0.001,3.0657713411844822,3.927932109930695,0.022896957518467,-0.40388368639243666,0.4081320668682575,-0.003281466968077801
0.001,1.6915385676615906,4.691859076942714,-0.09120650021162197,-0.6000896508505669,0.17955166016368465,0.0012117772701918845
0.001,3.0447304740742616,-3.955779725983073,0.12611230265367174,0.522424264458273,0.2656789879081096,0.0768176632785068
0.001,3.422613746802395,-3.6384250191444445,0.04073814671828398,0.434474119394497,0.4262944283919205,0.014812238303888049
0.001,-4.9760789500800335,-0.48570417856972625,0.03606849609976228,0.032770938807280006,-0.5876415807578523,-0.027195474033626422
0.001,4.110721493897778,-2.8667874637749606,-0.05170692887870837,0.2553116308385968,0.44459318824433913,0.015150856141803191
0.001,-0.9540191198712741,-4.928836136502494,-0.11537080217976226,0.5916614680120595,-0.1687380643368817,-0.029787391880054213
0.001,-2.263425640310665,4.481675027773697,-0.031787850853216386,-0.590701812626152,-0.21748184093277695,0.013802160262275646
0.001,-2.803618387400659,4.186820333154597,-0.040070874879507196,-0.6217617561945253,-0.34158361521848796,0.033040961130727006
0.001,4.2357956450792775,2.7293582437071064,0.019530347102779913,-0.3700585534261182,0.5175670939259536,0.01789873572863531
0.001,5.024322069978625,0.40963179460185395,0.01205536088162442,-0.14116140936053376,0.6692329986927196,-0.06102910572604708
0.001,-2.0237664732048963,-4.619397862102015,-0.05685018416306386,0.4421530235269296,-0.193538436612431,0.0022387292971420654
0.001,-4.136946355987615,2.884901163372054,-0.15306428558893279,-0.41346619830048614,-0.5989249605080689,-0.07137879638741959
0.001,-0.1462789340401906,-5.0601687374818685,-0.1315472469811796,0.6276169877978575,-0.056963653543574494,-0.019223690286940192
0.001,3.5007454082587977,-3.661977540146548,-0.026999105676212998,0.4352939488591501,0.45880847253081,0.011956120123106755
0.001,1.4172951360930175,4.865299840611374,-0.08996240704506636,-0.5886969728358484,0.18409044172925468,-0.004833613811987857
0.001,2.2023273878840075,-4.571516172152592,0.0210098210796314,0.489720152333573,0.38868423015935183,0.0020793370642177436
0.001,-3.1880306244043295,3.952030901952564,-0.07898625128224232,-0.5306152262444491,-0.35580293120775225,0.024127700465218303
0.001,2.6322074549916956,-4.345461897602612,0.07260789283469402,0.6144454707815886,0.3022530202630358,0.014837825422494571
0.001,-5.049758221319409,-0.573954437293739,0.11414377446961468,0.035123222379154946,-0.6005626510004305,-0.004871429082892674
0.001,-3.7468890186303323,-3.4436251196790337,0.03412449615918356,0.3818230127789382,-0.4910585120129764,-0.02227275043218523
0.001,-5.085233794072191,-0.2021641982230235,0.033310029970194624,0.016082293831661362,-0.5285591269000274,0.0308467949824391
0.001,0.5941675434520141,-5.06818681495521,0.124039043811207,0.6809255157015136,0.07363607635628965,-0.035259265106106476
0.001,-2.3606623295255997,-4.527635968593325,-0.013875968959712583,0.4942157792192133,-0.2763775959637988,-0.044842740656998746
0.001,5.034724785179194,0.8563936239815946,-0.006300588269431089,-0.03362140329942073,0.6092810367731009,0.04520025055714251
0.001,-4.69200420619308,2.043471522581793,0.005039417670892573,-0.15755502060415894,-0.544629674310665,0.040275568727977384
0.001,-1.056634389753517,-5.010837615606048,0.07510085919388543,0.6566672450783073,-0.16544358317332084,-0.04592696627829435
0.001,-0.7356840266074407,5.068201633998723,0.13323596482069133,-0.5804550623569867,-0.06488748010162318,0.01927427972418091
0.001,-5.0859605679139905,0.6231409088072037,0.012814450461541133,-0.0685293977255309,-0.5438641913829798,-0.029829911245386528
0.001,1.7416339578963913,-4.81956236738007,-0.009423380359190842,0.5749331017278109,0.21173685813670964,0.0003506666713611437
0.001,2.2671980111905743,4.59693504508941,0.11303095115003695,-0.43365228719298476,0.33275017903619136,0.06285816282778643
0.001,1.7469075891689936,4.820644046942982,-0.09810086519764784,-0.6352776352773218,0.198281815021444,0.023091264355176964
0.001,4.3534388091381935,-2.7111828680756234,0.060691988508817234,0.22794111229192107,0.5798285631102836,-0.01871550977369893
0.001,-4.815063573720712,-1.7881418775405638,0.04612441079668602,0.12327804119009107,-0.4387248326116694,-0.04057676622700343
0.001,4.475857780519523,2.5225406663027004,-0.12316239256841928,-0.3610672454208473,0.6215189212198309,-0.007315702675192911
0.001,-1.791381751077374,-4.82142033137796,0.08612052133897885,0.5264799964306583,-0.18276980631708367,-0.01911970984318181
0.001,4.900978607733701,1.6086144040437829,-0.058202936225017765,-0.09344450618779222,0.5799937910078349,0.022723549606624014
0.001,4.05791046020505,-3.1852272070301866,0.02451534038587437,0.2877998822320044,0.5279520345945976,0.043925464872380623
0.001,5.008303374296662,1.2421024495060422,0.028285589447499926,-0.2473381427819622,0.6107756536917908,-0.0061648847595131276
0.001,-3.949160824812422,3.325358655180723,0.10490329655535191,-0.48331347748147413,-0.43221726726249626,0.01768093470013709
0.001,-4.793922683383639,1.9211146085871442,-0.08879934354502467,-0.20807198373232247,-0.6272907078170794,0.010185619341744926
0.001,-1.4279102013366347,-4.968620197141366,0.17367040008354406,0.5967947756451577,-0.22460134845751048,0.013426792680647006
0.001,4.8856039754324625,-1.695191407947811,-0.10493910755963054,0.22476031878130973,0.5982097480157086,-0.01126770085750677
0.001,-3.291439148583059,3.992238602768078,-0.019540376301513257,-0.3712930778947136,-0.49149128683655635,0.02688029955629543
0.001,4.495134402678156,2.5633419330149563,-0.16679578280266708,-0.344857827816083,0.513868342657814,0.02842138729907543
0.001,-5.174211391184697,0.07442941024922041,0.13846018247491218,0.007058681933323641,-0.7055958947564436,0.0016693042046164576
0.001,0.37318249933776576,5.162602357389665,0.28837446097603237,-0.6249624321627293,0.03172793753435518,0.06815576816162958
0.001,2.554556187011399,-4.502434490663558,-0.12674427816624598,0.5376102418199518,0.27815158900881803,0.021700105382237645
0.001,3.6848786648819876,-3.643563230567579,0.24536741929981334,0.5138329992083912,0.45854256099116025,0.06248786423421959
0.001,-5.058648958039196,1.1347712042114333,0.12856822003280816,-0.19032745725049677,-0.4150101109992723,-0.05421254332837363
0.001,-0.8646952177229268,-5.1243362545715545,-0.09816850081761268,0.606351199018262,-0.08325314067633231,-0.005952491518552989
0.001,3.328077549982731,-3.994483098907593,0.16927905930046577,0.4049984450602159,0.43196873962560933,0.019387775620673776
0.001,2.675362153000005,4.459871413321323,-0.09150266531330137,-0.47399808457283854,0.27187647476986315,-0.06982959895622015
0.001,-4.648831267006383,2.333103247099426,0.029081784918237475,-0.3414689490517232,-0.6434933743734554,0.03821167528039983
0.001,4.921277345932797,1.7000849516251262,-0.0781326783056042,-0.05232910236127336,0.568704331299924,0.013837976682831763
0.001,5.205013625985729,-0.22322854946372775,-0.08204421879036716,0.08430204737297217,0.5571576077147677,0.04494556429322774
0.001,0.8042346433137594,-5.150696142768937,0.07080512494916093,0.6029596571021464,0.061170488866368236,-0.03185209342407903
0.001,-0.12714831200164076,5.222466150043776,0.02853610798142931,-0.6826505667949037,-0.13739978335197697,0.04068913166586509
0.001,-3.4114810121562242,-3.956366515753499,-0.029914101601398038,0.4661530936408717,-0.4009165418234706,0.011761177427046554
0.001,-4.010263750740758,3.348717506977603,0.00399917879299038,-0.35860678735417256,-0.4256739363638508,-0.025937066633336003
0.001,-2.426986848480599,-4.629921550058068,0.022550875762859666,0.5645409408519528,-0.22390912849024708,0.003217199140759297
0.001,-4.677023220573079,2.3364200962278754,0.1408202829256949,-0.2672365165416303,-0.4575215275305493,-0.034816289921875604
0.001,0.004884232521779295,5.232999258649181,-0.0267195808374965,-0.5949165523519394,0.059788576690627794,-0.0024628493671405
0.001,-2.3819442505348163,4.666516056576366,-0.09175503650949315,-0.5857231242856152,-0.30320589878512394,0.004779645439873306
0.001,1.5259173592961985,5.012488988334382,0.13024800265823827,-0.6755401063836087,0.06536748911846486,0.010144277299782501
0.001,3.2324404080160383,-4.124584546823351,-0.11522256069265742,0.5179714483515432,0.4101428525557425,0.045805186778162275
0.001,-2.6851436578767176,-4.506160054932793,0.05682193170045089,0.5908710851700375,-0.2612022794711445,-0.04783993283202095
0.001,0.3314683937235166,5.235236864936168,0.09642873698848757,-0.43695862106978856,0.1139828289210118,0.020756389420546147
0.001,5.159148200439237,0.9597168749850615,-0.0435535631093198,-0.09864319444056593,0.6654129824977446,0.06403698721723763
0.001,3.1253469093032917,4.216089658986643,0.04324907074099961,-0.5304449390487439,0.33687152578810753,-0.0072888470465743765
0.001,4.469468380538498,-2.7511904105585483,-0.220652918699105,0.26247043474718623,0.4015509193753502,-0.017376430283954216
0.001,2.092113766850623,-4.813718000895768,-0.09560385545561292,0.5505566940371837,0.20474857731392637,-0.03401949163418182
0.001,-4.984129087661553,1.6518161612024709,-0.006004739086796147,-0.09809793245458781,-0.6403887359423279,0.050493978571851866
0.001,-2.7747914548854715,4.457778639681953,0.08012427557063066,-0.570997696480387,-0.40772640699807094,0.0040319912047630775
0.001,-5.267733610584969,-0.13616873538966828,0.2725384242201358,0.11674313881453682,-0.5018664628336532,-0.05243849555031931
0.001,-4.329529242005564,3.0042930005586324,-0.03312838732235953,-0.4311368146274222,-0.5417096086090819,0.02324364023724409
0.001,-1.2501812937756998,5.123733514914653,-0.05780753487061605,-0.627586830941265,-0.20674111832981656,0.037615044723901175
0.001,-5.123287012745599,-1.2790797100219289,-0.011380920330606767,0.1213307447280428,-0.4492751312449016,0.002046114510608057
0.001,-0.4994796809969485,5.256871560620904,-0.047781183596307,-0.48529776337331876,-0.016389512543648746,-0.029973979479430445
0.001,4.982051969348462,1.7531570418052755,0.05800522067054201,-0.2126661792800482,0.4757979178391888,-0.010604212362830455
0.001,-2.758575917609193,-4.5066921727421,0.00439987321293446,0.4715944602780189,-0.2455862948192759,0.028454485288924043
0.001,0.3283131694751518,-5.275281156897724,-0.08714732858332846,0.5279959225571904,0.014274393298141352,0.012392189834565593
0.001,5.020917607766246,1.6647993184296952,0.04053632035571868,-0.17818029999951884,0.6134251395705406,0.037141707315943545
0.001,-1.9547161368124366,4.916350310189206,0.31676810182573373,-0.5496485375343138,-0.19389009199776738,-0.03234119669110402
0.001,-5.197242318769281,1.024265355571956,-0.11428706125907845,-0.31805616844052426,-0.662144692242598,0.023713124380459225
0.001,-4.371695069503304,2.9994744266546185,0.06214020638566843,-0.3161470463695408,-0.5504082151971765,0.004016391090943627
0.001,4.59468491528966,2.65297008921905,-0.07478486871221306,-0.176004382093987,0.5216621686772003,-0.01829613308549945
0.001,5.298755717503231,-0.3255735168291537,-0.10205852456029606,0.029620978033508126,0.5900850234864902,-0.014649298175168543
0.001,2.710584187948693,-4.573581654047093,-0.12036715512310239,0.4759256698301834,0.36282522417133795,0.004693562727695639
0.001,5.274050660785054,0.6766630472488689,-0.11169755543084454,-0.005041085472494863,0.6252585893828008,-0.009575542892219716
0.001,1.1239226819349875,-5.211929154581545,-0.10276059173102159,0.6183702197175838,0.20368199399898498,-0.025395563244100323
0.001,-4.3866532725348515,-3.032819146148079,-0.14991699991708063,0.3046765590159759,-0.504083324085337,0.04812480883658345
0.001,-3.711987571485423,3.832084197780493,-0.041714295744231016,-0.37013417076611643,-0.36840784537395843,0.04848698340682623
0.001,5.289919766735887,0.7097646661814164,0.008254456791362282,-0.15003677666196205,0.6458823606492323,-0.022444843479087533
0.001,1.7598049657801171,-5.039761535937705,0.0077175014477891745,0.6199725588673619,0.15280440501922674,0.009233236279634722
0.001,-5.265329144982994,-0.932458198933588,0.10126345200204312,0.09060980978012266,-0.5432888646626985,0.0062196657258504215
0.001,3.283228650678217,-4.220694537023291,0.11528521519892686,0.4820772913000139,0.2761201014088865,0.020409068810435246
0.001,-3.56307049085064,3.991519881529773,-0.09170790834144273,-0.3862622718261722,-0.3058140453128614,-0.040619376310777854
0.001,5.262773950045546,-0.9770639849723373,-0.007376595378123938,0.10998197693130275,0.7048600461538364,-0.001093109570800788
0.001,4.079004037815288,-3.4777058914643546,-0.036233838962861996,0.5218970577442869,0.47364309852070463,0.008816343108622029
0.001,1.6384857102742119,5.1039285508055405,-0.0713877012497615,-0.5077823346354086,0.17242937359469312,0.0512180922743541
0.001,0.5661136640430029,-5.33268963255093,-0.132297812492669,0.6626455417868891,0.06754550664466197,-0.07761013388675721
0.001,5.325420196852029,0.6404791245886567,-0.027455026752110798,-0.08318311065198855,0.6179083047004127,-0.02629042178478381
0.001,4.743978728485953,-2.506765630039391,-0.03295670549871753,0.3244950172817898,0.5998919847995701,0.03006277831711962
0.001,-4.49878927681374,-2.9271656325715765,-0.016525001919152165,0.2437105929807704,-0.4955971187266248,-0.02003748091147421
0.001,-4.971380551569562,2.0255216162383185,-0.06509854139059362,-0.3390820839484851,-0.5329181556413837,0.0312292465540293
0.001,-0.0009367417676013988,-5.373928735344398,-0.07093038453710936,0.6812061263988053,-0.052360810628926474,0.026736624836830123
0.001,-1.602572963482043,-5.133668251758352,-0.02397733993757249,0.6619497809170057,-0.14947739486063033,-0.0720072268503274
0.001,0.4574419187260483,5.359004219419385,-0.12387651652095538,-0.5568003460529718,-0.011497702469379659,0.04424352598318617
0.001,5.252939470078146,-1.190310340671793,-0.05060795497728252,0.0920417689523107,0.5481045786372978,-0.0453416797120198
0.001,-4.934643075455245,2.1691698783867963,0.2399061081842211,-0.25255524472415913,-0.5558286021745759,-0.021445321324666387
0.001,1.6428102779056528,-5.135304753059134,0.02063063610842361,0.5764275261066251,0.10093134085087012,0.029362226823861554
0.001,2.4320263017287758,4.816900458979394,-0.19498789354956075,-0.600940218462136,0.123618324350876,0.04564678803024215
0.001,1.9489843288368436,-5.038153527579051,0.05976368306238975,0.6133650056965549,0.14423609054853526,0.033686146816972795
0.001,1.950859648284178,-5.038849108838729,0.07784258409003453,0.6237869742676477,0.271470274567233,0.058721671883856526
0.001,5.409475178965657,0.024134485317304475,0.054875844028492896,-0.09687970138544114,0.4821378637799282,0.0334000815178354
0.001,-2.6752552663818556,-4.705701263159837,-0.0684767203023895,0.5407240211685589,-0.1454907227283348,0.040232406814977355
0.001,1.0365961284054683,-5.3175498476261644,-0.09193182480917483,0.5892393655362256,0.07176243092088005,0.02858792448429119
0.001,1.8532674249586563,-5.0908056137642586,-0.05337692393560054,0.6553421492615057,0.24348580825980626,0.030949752233144036
0.001,0.8964845057854003,-5.354243440021273,0.11416715210856604,0.5874985257801247,0.20461412629256598,-0.04407235867329712
0.001,-2.4799926652106747,-4.833118477988903,0.13668522766204969,0.5990414253127424,-0.23883288057844912,-0.03455767531402459
0.001,0.4540843238654834,5.413985123404619,0.05953726400688783,-0.6415017233658626,0.05029289026742487,0.030664398771644872
0.001,2.777275623584404,4.672536411846195,0.15370035119013342,-0.5990778308085819,0.3202681228720284,0.010214643815697689
0.001,-3.4341179772993677,-4.213902871505268,0.011481711291508545,0.4136116286515984,-0.3739039132990002,-0.0368910885815983
0.001,3.9694783505659297,3.7252581012625234,-0.15378859366743378,-0.46525653632686864,0.5216051740156458,0.046173073179407276
0.001,0.26368859415755425,5.437679534810394,0.16596850146533926,-0.48238714601366955,0.021818622501483174,-0.045338943320489905
0.001,-5.44027755108401,-0.22670637540546681,0.16310593359394962,0.04465191197718882,-0.5474230442279278,-0.05319150832235248
0.001,5.444316997052181,0.10914811915639828,-0.04887158707312767,-0.0782975457741066,0.6692082264802057,0.019686043231417708
0.001,4.335034782112842,3.299287740742923,0.16921820953892466,-0.3910516487288979,0.49338863575120423,0.0015887311504636805
0.001,-3.5873355443149384,-4.121869707634819,0.20595879320647548,0.540246662723037,-0.3870928969471041,0.07924338014472733
0.001,-5.152828165788287,1.8567359329360587,-0.06041854240425695,-0.23152882348705192,-0.5800086196681709,0.0026544590669427505
0.001,0.876715377304731,5.407126522057615,-0.07165769614308677,-0.6103226119623572,0.1463608572357518,-0.053713218207393054
0.001,3.8285220572381555,-3.9192421556751302,-0.045571065530156656,0.41866175950882606,0.5003059446700142,-0.06707482640757631
0.001,2.7424218952393673,4.745770893669199,-0.00932650387724348,-0.5534628633566221,0.27760750743349727,-0.03515729505920541
0.001,-0.10362742484404457,5.482962212531878,0.11551068264334641,-0.5489484013884962,0.07216949009496211,0.021769928844306508
0.001,1.6891939763621515,-5.228404091761161,-0.034473929510579315,0.553251761103707,0.1676853023847386,-0.04947902331117791
0.001,3.07992141135469,-4.550968941773214,-0.07490032747223434,0.436768134116162,0.352293508127042,0.010199723347405473
0.001,5.4276101845198825,-0.8726640290370808,0.021824532731930052,0.00010670842425558602,0.5311510752888827,0.017773849941198294
0.001,-5.003307091617815,2.289361034023239,0.14757960735899978,-0.2549764732525499,-0.6320546706077235,0.04018449598739338
0.001,5.4776753193075045,-0.5302072441862239,-0.08485297131664192,0.03694813973599628,0.604226148643201,-0.02335683776911869
0.001,-5.485257698973881,-0.4786882697178415,-0.08565978423938629,0.07965320278789512,-0.5513669001923309,0.008687506416780831
0.001,-3.806054512649208,3.9843813297598945,-0.27467919042536293,-0.4073629113235248,-0.5063307871141999,0.002055354283633081
0.001,-1.650864959365219,-5.259003232427302,0.13554605713676868,0.5366107837179713,-0.03947239083964707,0.05562651395668598
0.001,-3.8300466168672647,-3.966102304222917,-0.05440043508126208,0.4977728653302975,-0.4077037836556254,-0.00786774368553336
0.001,0.27428008191515385,-5.509943516271261,0.02192402479331887,0.5228752040839476,0.06752656555768628,0.005418659477883683
0.001,-5.456555356040773,-0.8386246390805138,0.0636882443510517,0.18253735953375733,-0.5358750651052393,0.015685054845494872
0.001,-4.96090733375716,2.429858463231839,-0.1163551332459031,-0.32488385458569297,-0.5031381304734929,-0.00538376917057352
0.001,4.5797294307907075,-3.091434640610622,-0.22787703800494008,0.4047894867669789,0.45379979193536163,-0.04779214291122661
0.001,3.0814757058386624,-4.594112437363813,0.11959380729298855,0.5192084027242165,0.32388341916532787,0.016975275660441564
0.001,5.530684150290448,-0.12719028170061397,0.07966124650162265,0.09016816155216262,0.5854050263211759,-0.012895661213699757
0.001,0.16404998307043878,-5.530363168200832,0.05399520274821538,0.5003361821931295,0.024134438615296013,-0.05546345448378001
0.001,-0.9654661206845928,-5.448094441854022,0.07195483244190219,0.659542948301545,-0.08089030742434632,-0.012730108606485874
0.001,-3.8896527485499823,3.9364356835445666,0.06776058073417064,-0.4749099005389263,-0.3947794808690014,-0.007029274128472754
0.001,5.400695728141589,1.210993458898705,0.10537475333034825,-0.13778559850900607,0.5786866983097725,0.004559145136952684
0.001,3.489768857632379,-4.297013893639676,-0.01863491933231177,0.42529012009566713,0.3644788965150501,0.011506466077086896
0.001,-3.6677323554242145,-4.1541502463826925,0.05341934246333903,0.3905988032750808,-0.4525837841575404,-0.011584702365996647
0.001,-3.1329452742623536,-4.579159104469548,-0.09952755924996255,0.590289246254797,-0.3628573944899709,0.0006077511343768079
0.001,5.453116602998394,1.054401846267477,0.060277120062494575,-0.04970513624737306,0.6602176420179828,0.0339988207066122
0.001,3.8051423084278517,-4.049553117912876,-0.10538408550825987,0.4035125896952947,0.37741980245537426,-0.01577911932563902
0.001,4.2056405293704815,-3.6432589109292226,-0.21183674488886395,0.39142402287271205,0.505809327176306,0.006614435037466722
0.001,4.7713610184142015,-2.873805486950121,0.14412069423751012,0.3494776037668497,0.49322336566420083,-0.008834568870784664
0.001,-0.1839105330011207,-5.574772258720502,0.003911147220301932,0.6568451743801001,-0.017313780717271243,-0.016744209229248967
0.001,-3.397553537123349,4.437290547953997,0.11854625841122052,-0.4268463435839229,-0.36811817123055096,-0.027195775693491138
0.001,-2.4781758331410364,-5.024157522530393,0.016781590388778855,0.4468130652976068,-0.23229123993249476,-0.011651117133017985
0.001,4.242972920365989,3.6658019590868074,-0.07852436563159858,-0.29505563759737363,0.39262593327846546,-0.015828046140062876
0.001,4.900891237220806,-2.7325873439669306,-0.20740536565721915,0.33664337288256463,0.5380544816235493,0.023345976173064064
0.001,-1.9013331691296136,-5.2832209317915275,-0.09253939786804762,0.5340248417571414,-0.13219788276412112,0.059993931760677494
0.001,3.9288448887763514,4.021680086935137,-0.12959701462201764,-0.44576324339634915,0.4812499135133493,0.047230827656449474
0.001,-5.489075614095042,1.219955891814754,-0.0102510605365826,-0.178948339630285,-0.6044083994365672,-0.01210112558661792
0.001,-3.0438374294383888,-4.731179289225878,0.07831400223484147,0.507815422274008,-0.3269857907779445,0.030368160282129523
0.001,-0.8029210128061894,5.5715016058159,0.03387331547978655,-0.6274420822977821,-0.13123055680841483,-0.046169276531766425
0.001,-3.6587124876428936,-4.279672760848009,0.09788746430926507,0.39987856775110275,-0.4074976112969302,0.053267812998788806
0.001,4.166291529746145,3.789185461262065,-0.027589431871823,-0.3228667543471041,0.45791998538828155,-0.01834207138534632
0.001,4.595877163785393,3.2641446002328456,0.15387116660146116,-0.4736352106973013,0.39795369523105795,0.04469804232668721
0.001,-3.2144848272167503,4.630996516034967,-0.03529123261220966,-0.4537768720727222,-0.3698336523773293,-0.0025952728462574587
0.001,0.7222205550296661,-5.605899624219602,-0.0009692214479333213,0.7030177862102105,0.16113755342786312,-0.07615070448151405
0.001,4.2210223218897625,3.760943540664052,-0.17981229698945725,-0.3484362212556841,0.4262768023615913,-0.009638565554356328
0.001,-4.295452953369276,-3.6767367264986497,-0.15886580770708936,0.4426257130372333,-0.47814192117322046,0.037416581131761106
0.001,-5.638017459147679,0.44533780702455605,-0.12348426145344704,-0.06677151512010224,-0.6524592633944546,0.03191951908660759
0.001,-2.0122668723547803,5.2870597594939595,-0.15493531969959248,-0.6499096998248427,-0.21698985824670786,-0.02704229989928745
0.001,2.3288998429277004,5.156924507140185,-0.13693532491067525,-0.5038500044527037,0.2847474919258407,-0.02585335617478054
0.001,-5.057238156538924,2.5381755855358983,-0.1594912521771958,-0.2605994767618651,-0.5622472203761584,0.0029734428295835865
0.001,0.3992388273753429,5.6570724323379835,0.1337708276791304,-0.6425495218743735,-0.042494014667009486,0.06837035854074829
0.001,3.897088005887624,-4.120585099527327,-0.060068752127856485,0.5374610035807127,0.34642737954636804,0.05549949174814238
0.001,-0.18277578816183118,5.669598898023653,0.11078444750380499,-0.5897720988666072,0.009777120086613897,-0.01756554554908563
0.001,4.945629234226439,2.785923890660675,0.07661874842202211,-0.24081327893600987,0.5138022737012423,-0.08630593039596383
0.001,1.0654013299241567,-5.5797258222158055,0.06876235118274983,0.5508721456975175,0.20629913614418066,-0.004536603753677299
0.001,-3.8165691686976366,-4.210885632308337,0.11232260273771343,0.4875559770767038,-0.4694749602931968,0.004924200648088774
0.001,0.6361224936190708,5.647929173012677,-0.19164267624156114,-0.657017115383699,-0.046412719081495496,0.016592528021286856
0.001,4.935703395790862,-2.823048156501044,0.09981032279527753,0.23322242034806434,0.4438538449153789,0.00862181278195281
0.001,4.724715081521846,-3.1649656039654905,-0.05376731327215448,0.3548085763555608,0.47357806089049126,-0.00840779750431969
0.001,2.358969829983981,-5.185847741594726,0.2450325168375932,0.5069464802746234,0.2573663596588457,0.0009733534987798436
0.001,-5.698012133870977,0.052091290030465996,-0.051049053700878505,-0.025433540973667013,-0.6225020326047036,-0.008080237867875926
0.001,4.665738399783304,3.2725947080638007,0.16429400784052073,-0.26348795421116655,0.437609184483312,0.04471983047515436
0.001,3.4577389957927247,4.531390183441676,-0.048704507659090235,-0.47784652101362285,0.41743114672521664,0.05074113296256091
0.001,-5.465783235207421,-1.6210626351122372,0.021969210152060662,0.3015898636987592,-0.5836871851692678,-0.006698060576219291
0.001,-4.0179970546996,-4.0473661415354805,-0.19723156357969793,0.3647678298756058,-0.43971822404383554,-0.060651287851242096
0.001,4.883647147243388,-2.951497874598729,0.10230518651074934,0.3533089091573348,0.49469040680688275,0.020247703879092343
0.001,-0.13648899172318707,5.704771791809974,0.20375297823106853,-0.46992009679379676,-0.057003427609665175,-0.01428432677235629
0.001,-1.2051035971604454,5.583476074202601,-0.04782095450439655,-0.6237635557338,-0.10879840877129109,-0.010506263559440263
0.001,4.973164826774481,2.8180067987784896,0.18128481703952845,-0.4016895936424174,0.5379408653021718,-0.00022104429523941375
0.001,0.9520358410005212,-5.643611184786226,0.03249654807964761,0.5210319587900978,0.1544896090625192,0.023888214981878483
0.001,-5.16160597791169,-2.4916774071991323,0.07007821981910513,0.16507250322261247,-0.5242471745810644,-0.00267431272084673
0.001,2.952835782985138,-4.914136639364557,-0.03439605157155463,0.5007214025067234,0.36819250311302265,0.020318164743508907
0.001,5.484221977733258,1.673909030294118,-0.1037055748994547,-0.20941688561444283,0.6159390477043168,0.001909063884989498
0.001,3.72153329679688,-4.369891095271715,-0.13485008877075452,0.402402006436157,0.43024230637211175,0.016465047308723075
0.001,-1.7166912828267495,-5.485375847961763,-0.1749555527877822,0.5221125036083324,-0.16917613891182268,-0.016457863860642515
0.001,-3.630355217451099,-4.462944730172195,0.14809337603539316,0.47650823732085856,-0.4184754552140514,0.05481438199286094
0.001,5.23402557873272,2.3918351050701614,-0.1399033384384536,-0.20561830290604732,0.5998497738424197,-0.031185241650381182
0.001,-5.067612631886616,2.7355973640406037,-0.05156532270326596,-0.27470392840373264,-0.5349403755969762,0.009780462411616009
0.001,-3.528742560733275,-4.552345940151426,-0.14652507728530725,0.48187617773845026,-0.35029481551795716,-0.024099276891361446
0.001,1.3783293369402598,5.595372758202036,-0.1106716761509692,-0.5643393377013836,0.18833116808452713,-0.015139340032705777
0.001,-2.8221919807468963,5.024805074087122,0.028433794558113824,-0.6049536616021941,-0.244761952736337,-0.042998287577977794
0.001,1.265427891796137,5.623600480864235,0.11271258933493616,-0.5349787143927294,0.08974716328294981,-0.0783409331323916
0.001,-5.198779832642658,2.494097260649893,-0.05532876084368274,-0.2740696627374622,-0.514704957866529,0.02874361897482803
0.001,-3.2672586058434425,-4.755520825933106,0.02876903246485345,0.5206816748731602,-0.3780957024193993,0.025100319084445877
0.001,-5.599452180662977,1.39636976014014,0.010236564860190575,-0.13271571303653862,-0.609712494124273,0.005892875971793276
0.001,3.549344525858525,-4.5576518971390625,0.037211491604735476,0.45265035161933864,0.3386816041494954,-0.003054244605749726
0.001,-5.579877803730103,1.5179844436731538,0.05433180184381984,-0.19180849767739072,-0.6234873886380629,0.004691642451898754
0.001,4.8835508398628145,3.0981125598940573,-0.08591541660588946,-0.28616133615421196,0.5306160197317503,0.01958935332922918
0.001,5.307271827907357,2.30197542647892,0.15376098464300003,-0.26375874096470486,0.6281734233651607,-0.020992842964413113
0.001,-4.164562778253369,4.017267685759702,-0.1316163765804291,-0.4157675144933666,-0.37333403128921006,0.04855385736879735
0.001,3.705433062820105,4.445526254686026,0.013100602042174506,-0.3851790901531492,0.3627086426682782,-0.031615886841440205
0.001,4.440755793615663,3.7134605440856587,0.051674247969855786,-0.45024849089679037,0.5158774851122916,-0.03965934248873665
0.001,-2.05970479948477,-5.41474460250589,-0.15327172268397854,0.5626551288312015,-0.0741468470391421,0.03214864147733057
0.001,-5.648265857463865,1.2922794127747101,-0.03494827265084897,-0.130459928399017,-0.5014758028629187,0.0037628163944964685
0.001,1.493791305150764,5.6012726373710064,-0.040836198922654145,-0.583105520520911,0.048167821817685585,-0.021928760712646485
0.001,-0.10455827027697155,-5.808861323618042,-0.13592628789634817,0.6303178467905435,0.03464055606163115,-0.009146313200050837
0.001,1.3124857437527169,-5.663041372194579,0.06695817619784325,0.6318644771107875,0.20290915231783033,0.053879642120575
0.001,-3.9458568085483674,4.2791087621140385,-0.051395432231862694,-0.41854546288732825,-0.3933362295423267,-0.058270682756981794
0.001,-0.43638934485744196,-5.8194562471412254,0.14045692453641545,0.631715663840371,-0.008784518600412981,0.051627802579316935
0.001,1.934040067868385,-5.51110578807776,0.04363064551613487,0.4583861145461452,0.15706833320157298,0.04805048022072041
0.001,-5.372303789227642,2.3084795113942094,-0.21303972791662462,-0.19613534194468563,-0.443559328390189,0.015479510603232518
0.001,-0.41693139275277763,5.832833296541798,0.13116372901300682,-0.6195386434378773,-0.06274848184867225,0.006557149836362035
0.001,1.6458183118288874,-5.61627808862707,-0.057862764147942475,0.6452587468316291,0.1936246535662417,-0.036282125108737705
0.001,0.8409849754715975,5.80347975380204,0.024306162476151014,-0.6593463127471876,0.01849946562093241,-0.0399911750048387
0.001,-3.579131182361959,-4.647782978544485,-0.14946716655749354,0.43645013885286643,-0.3925194025465217,-0.0066069130783629896
0.001,-4.9118502119783924,3.2121898658487544,-0.11247454014955807,-0.2982941009624461,-0.5415663415901053,-0.03624827579405258
0.001,2.7331921522149876,5.19567791110799,0.03840234636553569,-0.4871595159518453,0.27573154801780175,-0.04625461149080232
0.001,5.309736281619391,-2.5046001584784965,-0.1072175159302544,0.1782309771813197,0.6056464797578169,0.017759752723486757
0.001,-4.892698259915617,-3.2563948192170393,-0.05546284219447876,0.244801862869391,-0.49884116088772795,0.03567891923881834
0.001,0.08425202180638629,-5.882731891057309,-0.006810705335988218,0.6244512008733019,-0.012428066284442211,0.033150521898071536
0.001,5.726004386798687,-1.422345980419989,0.061969718191874336,0.11685460437853869,0.5780735600515939,-0.014628205875607897
0.001,5.034249301617849,3.083423097875788,-0.05750093581902817,-0.39721411433130305,0.5162975918876319,0.08947304383050307
0.001,-5.706794979268233,1.5254547602324011,0.05686827151863481,-0.1539009640160672,-0.5081689345715663,0.0002032723642839711
0.001,-5.8885857661534216,0.5301614596824363,-0.0019311006184594623,-0.05823892374073456,-0.6331667969548271,0.01580146618572527
0.001,-3.424670549780189,4.819573760493442,-0.1809301379990922,-0.42994353824510556,-0.3298893862569965,-0.004298443995543211
0.001,5.701068039105758,1.5758653537220264,0.21104801862090167,-0.1620523935253641,0.570009132622339,0.013109485262012787
0.001,-5.79666990318553,-1.178401955351939,-0.0833455328122277,0.1536043374294456,-0.6270661985690235,0.011899412349907672
0.001,-5.209456236375253,2.808451949443417,0.11484102531142665,-0.29159784585211507,-0.5434300892216178,0.004123397450590703
0.001,5.892453688792923,0.6302777778288167,0.013585098343877264,-0.020038828968529022,0.5839291883711709,-0.028068293007505515
0.001,3.4463849586371333,-4.824816112767809,-0.004848349516444415,0.45680946186876786,0.3661528215531768,0.0532555099747809
0.001,-5.429953909315581,2.3878627084364834,0.04285870748712347,-0.19298707980329333,-0.5521773445035173,0.031129037480325937
0.001,-0.4192531345602928,-5.917456009444432,-0.18345844356295254,0.576152992382081,-0.08191715595862645,0.03264581828128353
0.001,4.171768030054379,4.22280180564399,-0.005629951749048678,-0.46111976952194017,0.4954065112586898,-0.03457727124748456
0.001,-4.827340362787409,3.4558835821697715,0.07918273872508186,-0.31229706609573143,-0.4073054593984725,0.03923011819222951
0.001,3.406110274442178,-4.862595642310821,0.054720667311534826,0.5121790643818399,0.4496187318524912,0.03240893125106806
0.001,-1.654867652134366,5.707067434959919,0.19027259376861788,-0.6656654390624595,-0.17513600437885363,-0.005043350339305298
0.001,-5.8483546072087975,1.0556598000232666,-0.08503179891345547,-0.1849249166461284,-0.4685887324933331,0.010486301405411187
0.001,-5.946556783705036,-0.12373824888484446,-0.0028125163428145694,0.06617499033631684,-0.42054769755702204,-0.015304761082617031
0.001,-5.521485123967082,2.2119489867893587,0.1522733409161412,-0.22204708958172995,-0.5603385239222577,-0.012936561552488141
0.001,4.744848972005604,3.6129100448110907,-0.18810921224946978,-0.30985774007266703,0.5022381824946263,0.010892120465931006
0.001,-4.8106072854837665,-3.5303165560226297,-0.07086922658557146,0.24522931213030819,-0.47817934649995,-0.022263344457599952
0.001,-5.648127429967263,1.9291728299350615,-0.1356202243896472,-0.2101950407495764,-0.6814296606957109,0.013911872990884514
0.001,-5.017349480588469,-3.2419591205051033,0.01777658131208239,0.4203076978598606,-0.3708224838815941,-0.0023256594364764018
0.001,2.445549093362727,5.450095534827931,-0.1287224008138047,-0.5172850289982024,0.1816040285807039,-0.009706392984451483
0.001,5.127847716444157,-3.0689884396632507,0.07746266950443922,0.2729022315007168,0.5116264691510183,0.04913847976986645
0.001,-5.94908088145759,-0.5717528200756113,-0.03674459485650299,-0.09553046396508634,-0.6418916401737378,0.016618276642816256
0.001,2.8121548824845797,5.278990184377046,0.09137235369724983,-0.5687607302915313,0.31696454500960053,0.011485871784067533
0.001,1.5196856353904291,-5.785710339067571,0.13811619614674284,0.5260906857783766,0.19624611852524199,0.015905392201553754
0.001,5.8816054576533725,-1.1237332344363224,0.010117958743938458,0.04740888273801974,0.6622035420449478,0.015068093039391047
0.001,4.341681032377168,4.134034735949179,0.026885410481267132,-0.4067678390429663,0.5447859831751681,-0.00027637328973413323
0.001,0.5580274109233511,-5.969461179088099,0.027226218276489897,0.5199079001077928,0.06477701102267468,0.04169294213032758
0.001,-3.557215472283083,4.827190909400201,0.08542390521201927,-0.5142974647353553,-0.32472580023446174,-0.041821009346742995
0.001,-5.975569363412105,0.5125124243074791,-0.04907827245534184,0.04412576811504337,-0.6175359193147294,0.08456298911439811
0.001,3.893664031861777,4.563499734616576,0.05871182273897586,-0.4277449723128135,0.34725531035710544,0.004050089260396238
0.001,1.6507119754628394,-5.767741635418562,0.08118160246522241,0.5652051311573402,0.16984670103285546,0.009231669557514022
0.001,-5.726691313873314,1.8107379730005793,0.014443898819565508,-0.1132665138927056,-0.5749325412973251,0.004104031635930415
0.001,-2.982005648203056,5.224693639756524,-0.1347448151054122,-0.4479132805697095,-0.28352248732306495,0.040826115027009474
0.001,5.82984770156631,1.4989375398798233,-0.0817129811655732,-0.2694047819990527,0.5125824998622942,-0.01608581663923454
0.001,-5.7148841325992725,-1.8943672293708451,-0.11567901435938946,0.2138461829593436,-0.502871540022496,0.011491644935782239
0.001,2.047829177911248,-5.662820366362194,-0.007146925236975026,0.6642831821937847,0.34261177566940526,0.036990066938426276
0.001,4.979179895762709,-3.3868145997181553,0.0040619383684176915,0.4022831438389189,0.5125970095969801,-0.03669472506425468
0.001,-0.5216602206283785,6.006775109993383,-0.016564955122581198,-0.6145694262180657,-0.05770240326027847,0.020525373625728188
0.001,3.29035343473272,5.062709622353938,0.07158056602962981,-0.5584325409889426,0.37345150082929585,0.0036101306236793742
0.001,6.0293275179910815,0.3604336279593911,0.16142009122018064,-0.08559660265922271,0.5959671075441464,-0.008495192499863087
0.001,-6.034978242292615,-0.35685942021599376,-0.02559311641082226,0.055172395391622,-0.6864433652798535,0.010802693046099064
0.001,4.09810403684943,4.4484657185480305,0.0992419813589442,-0.44386569979015567,0.3879979471739442,-0.006238275198399371
0.001,3.38236276572934,5.050687434929572,0.05117719871771923,-0.5171912613322063,0.2614061121338172,0.03959350552210735
0.001,4.678115235871661,-3.8924999516247882,-0.022484042433486555,0.3627782478031906,0.4544873289464552,0.02256144807961189
0.001,-5.407195657897788,2.8093952233321904,0.005113319086282997,-0.28047633399015004,-0.55608226311489,0.03804605364368699
0.001,-3.288144330336494,5.13083610846054,0.13225375152095906,-0.4421102942738481,-0.23086535588167212,-0.013883414744209883
0.001,5.747265613372656,2.0299306511545105,0.03695234242575653,-0.19468732304724237,0.4569745763175904,-0.053026845113754634
0.001,-1.8496355512128348,-5.809607327416848,-0.07745169446164808,0.5702033735668116,-0.12982425437293246,0.001830081787406654
0.001,-3.8162229539671855,-4.759936670760452,0.04504187786766367,0.4985498215674049,-0.30725200692740007,0.0003020258164008139
0.001,-3.1439054678523437,-5.229438739733336,-0.01804435688079765,0.5410643301349609,-0.34236082365881604,0.02291910420731705
0.001,-3.937063357602485,-4.662688790469488,-0.10818335911395068,0.4485802501239932,-0.3557096909475945,0.026342216555606607
0.001,-4.8796381014861945,-3.6662129593981687,-0.14307115156146635,0.4606909371211219,-0.47715473870472364,-0.003597324161141863
0.001,4.236312473680217,-4.401410568038055,-0.0444428634264961,0.3980819976492765,0.32057647632791286,0.021192014608383297
0.001,5.972787889903508,-1.341057109731841,-0.13241338666322197,0.19911366323369906,0.4461859705691331,-0.06737051337139602
0.001,-4.004268321546745,-4.630891364282982,-0.05033570137239984,0.4600041895897421,-0.42021406704154063,-0.03422025722749174
0.001,-4.618158252199618,4.029714772427187,-0.020960674305931744,-0.3875883800223516,-0.42304586725194476,0.027102347720294344
0.001,0.05425695955353989,-6.132573356925184,0.20121947009985364,0.5555799395155077,-0.08822372100119076,0.004424138588382739
0.001,-1.859756491671483,5.8477699144414,-0.1226180604346478,-0.5835883864611062,-0.15634142384483765,-0.0026674891016659433
0.001,5.352601701465502,-3.011958395295038,0.021305072847285528,0.25118041609186303,0.5430665228627307,0.0009316846521521385
0.001,5.767005094556182,2.138251659330219,-0.09051705577474706,-0.11635021764151356,0.5731490407718032,-0.013052513831566187
0.001,5.197265290883648,3.2976180295376407,-0.016963776418103975,-0.34367675634395856,0.48918765172912676,-0.0357679548325262
0.001,-3.0009608484117876,-5.391442485444936,0.09015601759581761,0.6252829241631227,-0.20832569498472225,-0.035300992923055836
0.001,3.1700080833670548,-5.296281624166148,-0.07154915583691802,0.36247909384048316,0.3315575577257704,-0.017795710869339586
0.001,-6.1077732252904875,-0.9264401670435553,0.07840794790318771,0.09508978441107309,-0.6079780950255878,0.044711553923000434
0.001,1.1380641477917335,6.072511357089695,-0.11019842139677494,-0.5306652152695467,0.005254905287487802,0.02689693870013445
0.001,5.094457158393415,-3.5068411269854107,-0.10617184067876131,0.33276584846400475,0.508000490336165,0.0048875134456776576
0.001,-3.7762151268893343,-4.902243000706337,0.1591930198056998,0.49389845591382747,-0.35155750606722225,0.051428930511710574
0.001,3.035334318162277,5.392766337203788,-0.08494944167090675,-0.5281486200079054,0.3280366706839854,-0.01754687168952652
0.001,-6.196426607570038,-0.057488123424614276,0.09799227723488788,0.010724307838245864,-0.6413131568953048,-0.023586845473676035
0.001,3.168286078959625,5.325954447634216,-0.07390944843500502,-0.6301318661103854,0.3437517590316927,0.04199414913521145
0.001,-3.4877790548841663,5.1238519915507394,-0.07639494844579534,-0.45240842949320476,-0.2824406370374013,-0.0028070378369556377
0.001,-5.275828309790641,-3.254916847465915,0.11011342432022815,0.3487942387284617,-0.5466559457290104,0.02601224330487871
0.001,0.4884393026031116,6.180496882313137,-0.09318452212101576,-0.5012568255965857,0.035580896242676754,0.001408348881283021
0.001,-5.93351746866123,-1.799236702629548,-0.019145654425298912,0.12437668313420717,-0.4761243227726811,-0.014010388969750903
0.001,-6.057613646354081,1.3339068987352354,0.06735799655719481,-0.170042066722975,-0.47848680055695736,0.02806449874749934
0.001,-5.8428103336593775,-2.084382051763081,0.07689646934034303,0.17736493648341103,-0.5632727113650227,0.008530641527376875
0.001,-3.7997213555607647,-4.905309789256799,0.09135279576180019,0.4743629968841892,-0.41325876442847276,-0.03129420794161102
0.001,5.753011491204851,2.3302978310776328,-0.02131407466582069,-0.2502761275410656,0.5801264863095951,-0.0028658721848876722
0.001,-1.7387299935553346,5.958696635086947,0.0571026957111216,-0.5479339636198545,-0.12037778049322741,-0.033783772908830945
0.001,-6.150762269718368,-0.845516388062421,0.09496278130649093,0.051721630145049824,-0.5785540934491975,0.005818617752100932
0.001,6.120015100781344,-1.0814913212086512,-0.08533516253279028,0.1459234765809561,0.45596733146243085,-0.019670349677207405
0.001,-1.2778598189734267,-6.0822358341693255,0.09818264820552824,0.6227498740952438,-0.05892987570497213,0.025999126286814264
0.001,-3.4583095365976617,-5.167525777926542,0.036466424658190257,0.49504631697969037,-0.25674741024658065,0.01696232146679362
0.001,-6.21909511819783,-0.07459836852268316,0.031210176685535468,0.0669957682525542,-0.44789091166263767,0.018314090281592022
0.001,1.6644953322475098,5.996740757590198,-0.15751310802004936,-0.5510831206273318,0.2167738504889681,0.03937464328237275
0.001,-4.788498448662387,3.9776852983993445,-0.1085658874739443,-0.3211609275512379,-0.39253101625455766,-0.011112848237409278
0.001,-5.198599743316521,-3.427019573318656,0.10328805960122285,0.38513203380663463,-0.6441054307749139,-0.040317656626583695
0.001,-5.906993667415976,-1.970888914117149,0.05720186078175976,0.20333953623197132,-0.5323387125322019,0.05513560198581739
0.001,6.216779057461481,0.36268465561763286,0.2435255664434108,-0.11520737085353613,0.5839861740190923,0.009013269282162598
0.001,4.959179905278922,3.7715077003891273,-0.13450936367582403,-0.3507033292545555,0.4968515331334596,-0.031239878684596312
0.001,4.26981243085616,4.540453879482744,-0.12602011068962335,-0.4447284506909198,0.33742986265321095,-0.00866194439970923
0.001,6.21952675894466,-0.45886396046977757,0.17705702979154522,0.0777306875536716,0.5028633556186957,-0.048362910049216765
0.001,-5.1981213193325635,-3.451301037923069,0.11071557391829275,0.24112043044550746,-0.6129218211106716,-0.0694108506251282
0.001,1.043558371295632,-6.16144103849285,0.13602119789730835,0.5502980914764665,0.06276664002627995,0.010899556336511268
0.001,5.67383318252067,-2.6231669790967285,-0.0763022934944592,0.26870457102519474,0.44928412623350045,-0.029494639602018004
0.001,4.986388746423394,3.7698410627744994,-0.04097100098388646,-0.2447393220461188,0.42600723605837637,0.047168188568450536
0.001,-5.920398171716301,-2.0155364582656627,-0.006491843158594453,0.30951438427758626,-0.5335447539274427,-0.006547868936549547
0.001,4.468320940320474,4.393409073133819,0.03541247729893915,-0.39876956054552065,0.43105775651387956,0.03316764865512101
0.001,-2.214415786514903,5.862282082879454,-0.10205533203106464,-0.6111501977160833,-0.13907468376970672,-0.0319824973093059
0.001,-0.14354858438858603,-6.266755831454196,-0.22009516409221558,0.6116755254499671,-0.12250978410007748,0.02254555885314907
0.001,-6.012086253089808,1.7789009230041433,0.04036037811346754,-0.2192131842407935,-0.5445815244520252,0.07419855440113778
0.001,6.0735476381363345,-1.5609671730135488,-0.07873295637633163,0.12999711108338324,0.5665947397815915,-0.025959402779168198
0.001,-1.1245673047981413,-6.1693210688197615,0.020515785481139855,0.6736995706783213,-0.14232513935329452,-0.022785832170969588
0.001,5.9187462373955535,-2.0839928841331377,-0.12512077411085334,0.2178873723461889,0.5920569190673872,-0.045369471832938615
0.001,-5.144268736112479,-3.593353290492467,0.22226269463701978,0.3465089972646484,-0.4723456269226524,-0.031241208991771144
0.001,-5.628836748948936,2.7967134816768247,-0.05693824089249894,-0.21751258108560673,-0.4414427529982809,-0.0018460903113984258
0.001,0.8345738462834661,-6.251219247227381,-0.008115037398663608,0.5624338196913685,0.12873682644009427,-0.039111260810184914
0.001,-4.3908523049236186,4.539057215394024,0.016552131533475966,-0.4082455174956302,-0.47376594508291775,-0.026496746649015204
0.001,4.37781616214417,4.5517186209513065,-0.09280163203858902,-0.4905163798728922,0.35096457264180175,0.03402919667658525
0.001,4.42684021898313,4.504485934788848,0.21534876039685727,-0.4066967093520415,0.42052086813943546,0.04276060882927367
0.001,-5.862038414950251,-2.357208402822218,-0.15491419897544195,0.13029790611703618,-0.599840252103836,0.004703958343306321
0.001,2.9574906409026176,5.591714923659751,-0.041637646782055796,-0.5532677873888107,0.2355277737026179,-0.07264209747169041
0.001,-6.097415036071722,-1.6897890764282082,-0.06069900992171584,0.15999709620688343,-0.634868492695917,-0.03844505411955613
0.001,-4.813032289360732,-4.11180613740292,-0.06151773083374562,0.3700596865165368,-0.4819776681301806,0.018284081502576256
0.001,1.2724143389816016,-6.210180586352698,0.06025471561357729,0.7289551982992137,0.12216872263807899,-0.03393567202540276
0.001,1.509490662477056,6.1601940257464625,0.14111692458272887,-0.6402319519512867,0.18940828612305766,-0.0006218328376145917
0.001,3.968617609792007,4.947990936373424,0.001996534535347283,-0.4806972122524689,0.47111353811726425,-0.01678351708568895
0.001,5.793709007018606,-2.582411745252125,-0.17652626897289117,0.29528633081105404,0.511677837435581,0.0347678624833963
0.001,-6.155348695669703,1.5396937141398677,0.12947862645858318,-0.17676551293710652,-0.5671357690848607,-0.02866567013184944
0.001,2.272356650943405,-5.92990341401764,0.007894690256952622,0.5498587527940558,0.2722990474423951,0.015211850370322452
0.001,1.1772765866125972,6.240543175995195,0.027763018993083602,-0.621640175157119,0.15968280855961198,0.04567330188482379
0.001,1.9964598564386602,6.0331043076357815,0.09243356230895367,-0.5151211867796254,0.2072395832462841,-0.01679885523809486
0.001,5.394609709626637,3.366337328446973,-0.04851853944574311,-0.20765904632912524,0.579519214069825,-0.05106107593087949
0.001,6.332081874460818,0.5840175402929224,0.17111368526812487,-0.11468212719087328,0.6808660435039837,-0.03183308327102104
0.001,-1.8802437495143611,-6.084666563901598,0.1646571413493631,0.6302385062827937,-0.01389294356107601,-0.03498579037027618
0.001,4.988521199082774,-3.9639204924380724,0.09238771315888629,0.337064479439505,0.5022086618411812,0.017081213949306756
0.001,-6.13562022547233,-1.7424192477199232,-0.08028111656082328,0.10273898849930022,-0.6311462507118337,-0.03990358150807606
0.001,2.0226315898715286,6.058576873719443,0.1650384443765226,-0.5977967389591563,0.1306133855711664,-0.026397418930145723
0.001,1.7483319116777625,-6.152925962876823,0.13638310869408735,0.5927104454938908,0.03722183229306257,0.02626395163648482
0.001,-5.717474052953921,-2.874763729058956,-0.1598421971256267,0.28334120125081685,-0.4551804282772622,-0.024110998700719255
0.001,0.12460369239259958,6.400357860271234,0.048724047240544285,-0.6043889832596333,0.06810298793759663,0.013015220870493446
0.001,1.6588735022649521,-6.18292830379509,0.023332663044869723,0.5657454409235426,0.054913849240115026,-0.004060839935493387
0.001,-3.3003116095055645,-5.487496498967998,-0.08873449483069397,0.47618356675208223,-0.31594597758242793,-0.0567346706803227
0.001,-1.587793236626791,6.207445850455326,0.03839676329070131,-0.5631915159981541,-0.08329079224707889,-0.003519227235704657
0.001,-4.8381496501307115,-4.202182670765765,-0.07392704675776846,0.4060393602267532,-0.4738664269653846,0.0443082364549353
0.001,-4.500247995803175,4.566619968660617,0.07530560172846712,-0.4545719120441245,-0.34521863419666354,-0.026247343905900826
0.001,-5.9424169027748075,-2.4116746453370514,-0.1416933399569866,0.11225474998996414,-0.6057236349595689,0.024350115675108017
0.001,-4.2560301521912685,-4.797850563002816,-0.07629881546875696,0.5008941752307634,-0.3833067969145539,0.0386929076112811
0.001,6.399938396147113,-0.4850178312423857,0.1111240350758806,0.01236356829253031,0.48689059762470926,-0.02752067549186826
0.001,3.4099759258333857,-5.443720039846774,0.10208372168280265,0.4247536059355293,0.3201145041184142,-0.05294614206925362
0.001,-4.257678273326744,4.823686649017254,0.09705622073655527,-0.4402910061718693,-0.34498267616831974,0.006895351802251413
0.001,5.967626830545353,2.408061623944728,-0.056252682892498365,-0.229706240372375,0.6156742100530465,-0.01365360386715867
0.001,4.4098264001052865,-4.690207659992902,0.08535891770153851,0.4665113162929617,0.36674021318144917,0.028154255681262758
0.001,2.2150536077104466,-6.046310491363337,-0.029675435441535853,0.5160353809590584,0.28693232657315304,0.033904891701706484
0.001,-0.5162606747957731,-6.4200787650938,0.035489518597355545,0.6720050370644287,-0.06729392305957646,-0.01701684215600138
0.001,-5.768770508811173,2.869512366271341,-0.027085211108122738,-0.2598322809903227,-0.41215445433556874,0.038603253617239874
0.001,-5.747360000273806,2.9145918557070614,-0.01652167998779132,-0.19958916863729476,-0.46899161300386666,-0.016925858066140713
0.001,6.3982519129830395,-0.805211118920564,-0.03165264480053323,-0.028360170283457317,0.6873038992400734,0.03377219886250457
0.001,6.327930783967124,1.2951379183857148,-0.05432522770800635,-0.0778410132692757,0.5899887430234869,0.015651965276321494
0.001,-5.48078995204364,3.4265483005789026,-0.13711762246752449,-0.33666791475724156,-0.5181592248658707,0.048237436327745284
0.001,-5.829104229776744,2.8064385277542874,0.29343537410177456,-0.29738550009535597,-0.5829413582333237,0.02385351493658334
0.001,5.4572280558115125,3.4900607341513146,-0.0676770143239788,-0.37054550340460757,0.6305866872762095,0.002532248129238747
0.001,4.495149700499681,4.665154013762392,-0.20714520046470236,-0.4361257817050982,0.3883034563004895,0.05447921412331721
0.001,-5.36117307746435,3.643669924363494,-0.047780575546686035,-0.4016125262063222,-0.47645849890711256,0.00212283450207507
0.001,5.235636660632735,-3.825146088561353,-0.028408338135706215,0.39143781412792367,0.47563205198081276,-0.03792355816370696
0.001,1.6279048653154131,6.278019962513671,-0.01465641327935045,-0.5941656815802167,0.08071342789619519,0.01364717323541699
0.001,-6.44070239613473,-0.7904014148675408,0.05198265096042648,0.12254755640135803,-0.658594076505974,0.01082043669824094
0.001,6.282725974576305,-1.624026550662015,-0.13637361044339066,0.18114538425561366,0.6299768247780629,-0.03621382788215639
0.001,-4.635956567018441,4.545483125181986,-0.01202963723843759,-0.480883205624868,-0.42723498940148263,0.01430241469759623
0.001,-6.436865856590067,0.8722139445759454,0.01581090279889823,-0.08624458541363683,-0.5971810432953872,0.06925650630381751
0.001,-4.093579258756859,-5.062041340908585,-0.09472222116164891,0.4057386086750507,-0.41371166199556664,-0.030988381429804653
0.001,2.8170808684555992,-5.879056598678115,-0.16787638362713375,0.49364331795189664,0.22943725105611276,-0.00172562494938705
0.001,6.487646835718928,-0.7940630224121619,0.0008964852670997677,-0.03838549631580837,0.5798210502128621,0.05679011356958123
0.001,-2.0014774657457823,-6.222170070048949,-0.19357987393636988,0.5007858075162435,-0.07268756900388378,-0.016184737963849213
0.001,-4.88907282736284,4.34194383162993,0.061441219230894066,-0.46292724573768657,-0.34982340424444625,-0.017614381805705803
0.001,6.532746939489553,0.33235396223493147,-0.10996988888597165,-0.10450791189682418,0.5064419898197379,-0.043729166075139
0.001,-3.6369579958445497,5.440030569479273,0.08720285116001443,-0.433223410176776,-0.3609651613832259,-0.045637776036097706
0.001,-4.950019458681671,-4.281666928937482,-0.03117834555579852,0.4444548039647596,-0.553499655746363,0.032710107542007795
0.001,-5.251371602861445,3.9102632929102525,-0.10028457389398522,-0.39739655763163945,-0.49333855289634654,-0.03697403332299806
0.001,-6.475583130891034,-1.0150473447984567,0.027341159729491773,0.11237272643207213,-0.5776806494248594,0.006428414736632326
0.001,-3.5968725419161824,5.479636899389808,0.17658727856566814,-0.5026973475589269,-0.2443007888372439,0.011284781355032586
0.001,-0.7950529413263384,6.51511734358731,0.10902256756887721,-0.7011972275748577,-0.06106234733510606,-0.043844764978868134
0.001,-5.96505519913468,-2.7441525958623902,-0.11482039756290077,0.27595024907615573,-0.5325853079698468,0.026496227385918895
0.001,-2.3367791953057133,6.143629188593083,0.09120667454499301,-0.5602582536823396,-0.2798002121640785,0.021335977341996673
0.001,-5.6950885899783,-3.284709540092149,-0.21649346413370216,0.30293845715124906,-0.5266574985902196,-0.04080022279435018
0.001,5.442074374929758,3.6900360781979242,-0.03826909311150548,-0.30743432220339934,0.4803144466394109,0.005957638846991838
0.001,-2.9766340092492003,-5.869232803683571,-0.1490787851573354,0.5587565960742035,-0.2877404854099016,-0.0038070825324650927
0.001,2.667280039619403,6.018652990555215,0.11979512944493192,-0.5066219711872282,0.31811611167286746,0.059126404396057486
0.001,-5.006185242034922,-4.279866970114251,-0.2811122023291557,0.3332358251307085,-0.5569681234522204,0.004160984232631058
0.001,5.572532167576314,3.5218183763324316,0.0804870873593608,-0.3065870337753015,0.5814244401441494,-0.012899842958998221
0.001,-5.6687555083685846,3.378937727399759,-0.09032879408838408,-0.37961443617187024,-0.45514619249984734,0.04609968344163003
0.001,0.3708173943507411,-6.58954039318078,0.058500572804078645,0.5950368624590582,0.08252340665772209,0.02373761947314231
0.001,6.588839159631898,-0.45793635226901336,-0.05602455888327832,0.10963813464600244,0.5057629719607087,-0.021424403304949678
0.001,-6.600060915213348,0.33544806538849276,0.17202686237533993,0.009816778531086468,-0.6634684100394047,0.0017483402465565104
0.001,6.6071513249343194,-0.20261857484827403,-0.013352632578406687,-0.0980259751141667,0.6491021094378896,0.013407020134886238
0.001,6.062483421603966,-2.641431995189754,0.07864177420026575,0.3182496679820435,0.5936161586695807,0.0033957567340163557
0.001,5.7200209960341395,-3.3214234280062755,0.13467471671201403,0.20046915829648462,0.473015594961225,0.00539044336839466
0.001,-5.01988037644645,-4.315508389150255,-0.008706464754324385,0.3242740996241083,-0.44161523952004894,0.02693034073852968
0.001,-4.2159343638814075,-5.111159659554479,0.1092756350486974,0.5245401451269538,-0.36965999093691804,0.029639893975361545
0.001,6.329056370735771,1.96387375998092,-0.09482392613686777,-0.22077025744294781,0.6375405808345953,0.0007646757514265135
0.001,3.401008942522048,-5.688140242768841,-0.04172347751831086,0.4629835824216248,0.3058095720110984,-0.007471189368359933
0.001,6.555939676787343,0.978515688565065,-0.17676952825655812,-0.20883107323435185,0.6472395303920566,0.013273950820280302
0.001,-6.006898140313784,2.811292127514975,0.0025724919045954104,-0.24576885931941803,-0.5530185927280249,0.019631139757260524
0.001,6.115952276180016,-2.5718911572924807,-0.07899483365154988,0.24222148058440163,0.49499786765898784,-0.02740271516674511
0.001,-5.303198313136919,-3.990556441499939,-0.04985717990037021,0.4191399487459752,-0.3807734633150386,0.023670745453413133
0.001,-0.899583159965513,6.586206597195293,-0.0625296994725798,-0.61085993557211,-0.009382680850898648,0.004993911766042929
0.001,3.0847030475305455,5.898526554061167,0.19829327243816292,-0.5529774819268856,0.2436719619196842,-0.03886606981033007
0.001,-6.2636505388100785,-2.2814279187788244,-0.0865990851977366,0.20451637739597872,-0.4555065897761329,-0.028899324424616932
0.001,5.8848232777422185,-3.1398019981212935,0.16205877836913618,0.2783833311039184,0.5708054934499299,0.02396211504156121
0.001,-4.055688343639579,5.305039147967279,-0.022546157200958067,-0.4846520561313796,-0.4365544073244624,-0.004932568244900408
0.001,2.668556280585876,-6.12364234197825,0.02471086559259667,0.5529056668386488,0.209313089986883,0.02783114590842918
0.001,4.059009820595102,5.307443756906994,-0.058844995251071744,-0.4115873871608712,0.36278951435800993,-0.03688865612823661
0.001,-6.517939941648314,1.500458580560793,-0.06922293788580192,-0.12866412585292814,-0.6384534133251416,-0.02088659761279068
0.001,5.904793356947104,3.1673630776734782,-0.055089244174076006,-0.29513918774942466,0.3895423945603538,0.041011466074753374
0.001,1.9152313180784089,-6.4340700700591436,-0.07796664664174618,0.48957524966048305,0.18731167243316854,-0.02775056169914746
0.001,6.135644768019121,-2.751820143508633,0.008810701848219247,0.2299600929836879,0.6227540727668828,0.00016438750503746494
0.001,-6.533682985805935,1.5959195351439048,-0.027146889558204736,-0.037084450719422554,-0.6853997245022561,0.05992874080675237
0.001,-4.509427961388467,4.9988742851128825,-0.16204305133449431,-0.621875420406142,-0.3193670694690929,0.03075272696347263
0.001,2.7142867587765687,-6.1716629534716345,-0.1406235844112331,0.56523890544146,0.2875430551514379,-0.0023860789357589575
0.001,3.9622835282276476,-5.459202222714042,0.043029128008243225,0.5317894344524228,0.3151455722613181,0.05427870360461479
0.001,-3.790595239643477,-5.588035031894296,0.08753089581459483,0.4868069645593012,-0.3591729535410517,0.02848705420856169
0.001,3.9691168415150657,5.4662170513809105,0.09788551444306183,-0.4138249344209272,0.3394715297228206,0.01920871361210101
0.001,6.660450156985532,1.1358654230834193,0.05854142838728674,-0.10222390347623395,0.5564534825925377,-0.03495261562917767
0.001,-1.8902349751778713,-6.493665610592421,-0.06709513843407126,0.4910840273756866,-0.18726346423928472,0.017618614580309253
0.001,0.7276667986946234,-6.725834448292504,0.09252433987467208,0.5499778331034612,0.039136330646227874,0.03281783662578851
0.001,4.725182253420899,4.851137357409873,-0.20480516445611632,-0.40221108645645376,0.33608846099939194,-0.005086297897387559
0.001,-5.405503209226501,-4.081826952940641,0.14388281712815085,0.3166215353266367,-0.4581993741108402,-0.015079618596731948
0.001,5.569918435081963,3.858635374866223,0.01066764782964176,-0.256770358976378,0.5153225362242247,-0.0060719555079974275
0.001,-5.576685334831301,3.8707186386767005,0.03278522511655232,-0.34419629060379375,-0.5550674904452799,-0.003203000182482071
0.001,3.857968974351771,5.589284802416758,-0.06336491104751928,-0.4029163600948744,0.3220645138605065,-0.004079065258028664
0.001,3.6355977192680022,5.772642074060393,-0.049345512905958865,-0.46849745573432516,0.31086283494151323,0.035341090389922454
0.001,5.37041893035842,-4.211350391989907,-0.13490442886346882,0.3121056589949001,0.507605948794344,-0.0018288823494702765
0.001,-6.105241333682885,3.05158671443054,0.022243846623679966,-0.35304056459952354,-0.4786675192802653,0.021732501508008793
0.001,-6.581781081621217,-1.8260245292612807,0.10526628940828216,0.13447179302337625,-0.6912960601737023,0.03236778760444937
0.001,6.5437935528785856,1.9612690676522,-0.1123615908278317,-0.15366141620134185,0.5719160809634208,-0.024072347213571998
0.001,6.837569920370235,-0.022097621710444118,-0.06034789865100775,-0.010456870932214384,0.5835127986489433,0.056249980779880096
0.001,-5.297058002078082,-4.333184219681733,0.038343403197524654,0.3507895909749345,-0.4230616880242677,-0.011760203358456798
0.001,-6.629644655002509,1.7008335292503722,0.08770859417098324,-0.2855064636467154,-0.5645786296122977,-0.030878941587722405
0.001,6.263829747927158,2.8096434021117527,-0.12809653141371666,-0.173493598706142,0.5224301298154471,-0.03138035726755648
0.001,4.725019427989857,-4.984338096556944,-0.006114080680366007,0.40035111485320113,0.32433049713678025,-0.0013324389621569993
0.001,6.479140978654165,-2.2951740675579306,-0.02511650747084831,0.2670497428092961,0.45256181782903304,0.022418002110132996
0.001,-6.660732066358449,-1.71698709989025,-0.17591012703968945,0.2295391046483916,-0.5702861284199348,0.030029025915175103
0.001,6.542589113405997,-2.143239894629301,0.01056926096286914,0.1422894580485282,0.5601526344363256,-0.004546376510112296
0.001,-6.869089056226656,-0.4959828071541698,0.02308817177308059,0.012997034287603706,-0.6468003181545364,0.017138134646115126
0.001,-2.568063900647487,6.394049852010678,-0.05265199245973891,-0.6378291544169775,-0.3012482151661404,0.02256659465824229
0.001,-0.318454838012323,-6.885900732560789,-0.14331591975851302,0.6412754017738993,0.009615157229310223,0.06841040936166798
0.001,6.877819692856348,0.4715222989624826,0.12496787660109979,-0.04815380251013552,0.4983729772431702,-0.005401352265857088
0.001,1.021347762010291,6.820272871450158,-0.004431665303930839,-0.5222809665658591,0.16741583015130965,0.004351392457671859
0.001,-1.5303022567042828,-6.731664845621122,-0.007329866527503885,0.5202313038151247,-0.08975115246361368,-0.006675100912949996
0.001,-5.1314660661064995,4.631383296542405,-0.15318254734406725,-0.38488641601644,-0.425645317983241,-0.016129540896473376
0.001,-1.0344155437029483,-6.834876023816236,0.0883504197454788,0.496277564730364,-0.11168071326416702,0.025774440554146388
0.001,6.82873711039559,-1.0847509993730062,0.06751098703581786,0.09967745546631833,0.6964326789597897,0.01713472254117679
0.001,6.903187210123384,0.5092394546183604,0.021734658219765404,-0.02347413256236214,0.6414134487453831,0.023700889469010264
0.001,-5.912848317518938,3.6191891593485037,0.009636761801036182,-0.3308580951061391,-0.439941194385229,-0.021388651209966997
0.001,-5.118253121910043,-4.676043273038287,0.033009508837427336,0.4123409715506045,-0.46733596350393536,-0.044914101482995274
0.001,-6.612608517293475,2.0896212231923195,0.02510462694908605,-0.17154752657798383,-0.5131285410547526,-0.011294354453138075
0.001,3.841715732464871,-5.777884648419127,0.04786969924328267,0.38921076234111984,0.3536807816748941,-0.015359007824410006
0.001,6.25221573814896,3.013039290822801,0.09893428041385842,-0.20933482024753014,0.5969983888826308,-0.020163713970419984
0.001,6.701134170087423,-1.8773097623186203,-0.17034373150357965,0.14182206646421514,0.6523964996612346,0.015748765621017465
0.001,2.1681233497178947,-6.615250083129908,-0.17353520055941574,0.559986114943332,0.07931676872673754,-0.027098315406904536
0.001,2.0025847395082392,-6.668168044694586,0.21575304169959533,0.5753432037103009,0.14845503746051816,0.010547946214701261
0.001,5.488163385268841,4.293689269473339,0.04557176441154971,-0.27281934092181415,0.4748288126432651,0.002552724787344422
0.001,-6.795626624648967,1.574135700183434,-0.20002897114323132,-0.13762514666004658,-0.5872216406110952,-0.01709171350684323
0.001,6.867677104182453,-1.223722479029385,0.04811980066254637,0.02404829428266088,0.5338422563939602,0.04261107028717932
0.001,1.0707763425750823,-6.895842048256314,0.04232211130589636,0.6469552386787687,0.11482090215382548,-0.007499314229313696
0.001,5.460715767665491,-4.345441451592783,0.10816308364925341,0.3200739894837687,0.40813221376502073,-0.01653923581212692
0.001,-4.884994605870283,-4.98709357582593,0.08567542117363391,0.4499426970188764,-0.4251186320090228,-0.011659396399673148
0.001,6.762481398310847,1.7642733041427738,-0.13545434279243898,-0.11796549818638276,0.6800714033754478,-0.003767462786500259
0.001,-5.569000922189365,4.226918458096039,0.0374223854862195,-0.28825391001878886,-0.555149679646524,-0.014718583454492576
0.001,-2.7299843644821804,6.436885344926811,-0.10087301630122376,-0.5453577208482477,-0.2470529240157844,-0.03571600680039146
0.001,4.118525290149225,-5.650839811256762,-0.11875733590272536,0.4849141219322103,0.3675646820408499,0.017460925489248186
0.001,-6.392905424461657,-2.8371672724581645,-0.052450534352634415,0.3092820881380971,-0.49215230707101537,-0.02995444015750363
0.001,1.2516527481510955,6.888004139390438,0.04083683720413138,-0.6489377350993777,0.004667164052640171,-0.024889492002569576
0.001,-3.6158209217369466,5.994983372273542,0.05715756671871483,-0.5066654218609011,-0.286961782772637,-0.03034230622760934
0.001,5.875695060827618,-3.8114405385596646,-0.0712424509821419,0.34530971326317095,0.5084909201302212,-0.0027865000173988037
0.001,6.4383379028502326,2.761609895337921,-0.058899349278041385,-0.19113118405823473,0.5136233064345611,-0.00694930193539155
0.001,-3.094547122049786,-6.285919804628691,0.004075382170717993,0.5478150150834223,-0.2657338795745281,-0.03811771764535591
0.001,-6.942445358646305,0.9444810522759981,0.022290786877849064,0.04209335638827168,-0.5370517494898823,0.015670117987880282
0.001,4.707912816636159,-5.194699447947731,-0.1415247051908782,0.5194915436799312,0.40621947771752837,0.014460907501892266
0.001,-4.005217736439432,-5.754683124696897,-0.24035944994498265,0.5009301125457198,-0.4129821890011857,0.039928903472358224
0.001,7.009105431158393,-0.2950689974194089,-0.16344621610248103,0.12869606947812945,0.6095094383529047,0.040405490377939134
0.001,-1.4729141870906437,-6.859330579865125,0.10188799072006237,0.5622650109414157,-0.07240980022033983,-0.031104853826538294
0.001,-5.403881277517382,-4.477178569462849,0.1816242084608059,0.40451420544274136,-0.43820207778471154,-0.018891116514755106
0.001,-5.067517968870841,4.857953379971875,-0.043277316945812966,-0.3630665023195046,-0.38436571044077095,-0.020164767463328542
0.001,6.946178552163371,1.0163866440168718,-0.052270183191252484,-0.08585703529139024,0.6311063253323086,0.0006878938155858246
0.001,4.920584731812267,-5.012089990356155,0.11488199492160345,0.36508737655900847,0.49366679975291805,9.564222611593043e-05
0.001,6.937273873083966,1.104192337411822,-0.11009391057481821,-0.0799836623327086,0.5717224970989624,0.004982109725979461
0.001,-3.2435416474452383,6.232146199483568,-0.15708554118626747,-0.4662810179489991,-0.22166297539559882,0.02406725113338983
0.001,6.825397812544062,-1.7092006990612392,-0.2597714940737186,0.08075277494579783,0.5764936841715766,0.02646046098805327
0.001,6.17944514684289,3.3810883695458602,0.08920245489572043,-0.23544478056683538,0.5920187118368218,-0.002156048848670662
0.001,-4.771627739241337,-5.181906332116127,-0.024684534674643415,0.515648249405478,-0.36867672188383566,0.03914621408472886
0.001,4.89466558428402,-5.076069619686655,-0.008232428234274664,0.467406566886979,0.3973946206815871,-0.04761489068701101
0.001,-6.102864596357715,-3.552308175216868,0.048375698406503145,0.3632741808180699,-0.5541008700542038,0.029647756469362203
0.001,1.948661070609571,6.7883149502896964,-0.04078904150624623,-0.6004000567963814,0.2713287290219687,-0.04095986930009422
0.001,-5.366982547854299,-4.592033253223733,-0.04259138996860982,0.3086896688369365,-0.39011249709213797,0.002824278593355346
0.001,-7.05825114447451,-0.38820085492577266,-0.033560521875085014,0.10062198470250544,-0.6333877317075393,-0.030653854077765486
0.001,6.883196697847614,-1.6175154352929288,0.07584519938570435,0.05555625299065113,0.4921629360353248,-0.022200703631180624
0.001,4.276893517340314,5.633030933296498,-0.04436961371932502,-0.5592966618849063,0.2790852469732789,0.04192443074575254
0.001,0.6755907530105846,-7.047957285614726,-0.21027098827923735,0.547292162556914,0.0834443950296471,0.015191575764766988
0.001,-2.0428208210057317,6.782235858130473,-0.05238231171167147,-0.643660927645548,-0.1177391910955175,-0.05218614164029252
0.001,-7.090788002941012,-0.2337551648442888,-0.014452126662591805,0.006284676402046959,-0.6782615785355697,-0.0068740559694795275
0.001,1.4688923360082302,-6.9421218447973905,-0.05886395568086608,0.5631688715045067,0.054436054285625673,-0.044515387910488896
0.001,-7.085689066750965,-0.5323710032668433,-0.015280509783975247,-0.03592995062229756,-0.697540596637864,0.003984829730394883
0.001,1.7467016678149716,-6.9027521675686225,-0.24721693013891996,0.670560088967851,0.15784644243333507,0.026821328403369003
0.001,6.8287313215882754,-2.0226242661298133,0.07015949041922115,0.17590549284048224,0.4756734241030897,-0.007969620508510255
0.001,6.65566491397713,2.5487353451953427,-0.014021482341867786,-0.22793286163316862,0.4300340926203028,0.026584553224794843
0.001,-0.38615186328027906,7.119555403620518,0.07008449602621232,-0.5395376889211821,0.014974382481320207,0.05540601705301518
0.001,2.98758639423692,-6.4742779314998105,-0.016972009417749505,0.48856576697789633,0.23334798494747938,0.05066500192052951
0.001,-6.2618630612467525,3.421338408061216,-0.13494545845602463,-0.27716242927873724,-0.5680216797152576,-0.013878803471158515
0.001,-0.02760400033565278,-7.142579191302044,-0.009601700613909213,0.4270333419136182,0.012271456385768443,0.009736369191397549
0.001,-2.3113757262975696,6.762616315683224,-0.166752337495922,-0.5909952224665518,-0.16123787119406552,-0.004906822411590017
0.001,2.7993483197451625,-6.5808536337596415,0.004616419108129793,0.5109276803368281,0.21158966536698187,-0.006575028929418633
0.001,5.284431464570131,4.839005321817982,0.04857315223183989,-0.3734414806409908,0.5480980241278333,0.005584244912190679
0.001,3.1545327704044674,6.4366372366894975,-0.04843522885883917,-0.46934304436336244,0.2532749399386889,-0.0178023115061999
0.001,-7.146163849906492,-0.5632584903583296,0.043971638475572075,-0.03565928651945493,-0.6067896178260938,0.03566417494694627
0.001,-6.904046440620848,1.977933886023474,-0.03979045006950868,-0.26538370023104507,-0.5719205483628333,0.032815223905607545
0.001,-4.509842476064534,5.5956332504470785,0.004915853226616605,-0.4471615489827391,-0.3443536745739114,-0.005012449242164607
0.001,0.7005261425660341,7.165276338724253,0.05557019531707583,-0.5826270595435108,0.044152168264773486,-0.025064709763052872
0.001,-2.6632497330256495,-6.692416604975223,-0.01817143199385938,0.537168362408953,-0.2991643728536001,0.009143018826379754
0.001,5.73847867471431,-4.355493622584566,-0.1384518463329297,0.3057263432587034,0.4473602693929743,0.004095512473746055
0.001,3.107650554744572,-6.501962362287001,0.0055530306707655755,0.41317038717220034,0.3018908818690592,0.020827148191628755
0.001,7.1825917942849715,0.5927609742063807,-0.06562254172206754,-0.06160617735272873,0.6242597583473051,-0.014244556824738462
0.001,3.3250006273299952,6.394548106705801,-0.07591010071450918,-0.5609703150227591,0.30390704266949714,-0.055134323994536695
0.001,-7.202928006442089,-0.29852038154365457,0.08723397317244581,0.10187238537190701,-0.6463191411951086,0.03640974850608081
0.001,-7.043295514035776,1.5459324462111295,-0.08316604360580379,-0.045454138662304855,-0.5032204348740589,-0.024021223639822713
0.001,-4.170879393471279,-5.8840351244846065,-0.016030952410332668,0.4745254795023935,-0.3212995633642733,0.030403192160156533
0.001,-5.156430551353376,-5.0697484684120315,-0.062298065506322546,0.4394562195758853,-0.41402250396858054,0.01785988114277031
0.001,-3.458281779502564,-6.364292439397311,-0.059527258445136115,0.5380495659915001,-0.3175604751117676,-0.03801008136309311
0.001,-5.911926005106761,4.189740556147702,-0.08740769537581594,-0.34803611772213805,-0.5331909068692012,0.0174004028455312
0.001,-6.357160665969434,3.5078889323981097,-0.07081491193822956,-0.25669416770242554,-0.6165708349895547,-0.012968373476452825
0.001,-6.5655229860555115,3.120003082117556,0.07605467390604524,-0.16769648631115724,-0.5571645742037289,0.03679250432488284
0.001,3.7484025592688863,-6.240550167152729,-0.07119918625511533,0.44456461772171946,0.2866183559118133,0.019542758594912835
0.001,-2.7652808828678195,6.735582689993307,0.034856275990337825,-0.5030602848633521,-0.21900930036683416,0.06296165058417283
0.001,1.6887837143219613,-7.087655194447855,-0.10124613494637387,0.6305979919359588,0.1572030589575084,-0.003938587801486563
0.001,0.5171635118314192,-7.267873034867986,0.1396279584522773,0.6343854307875965,-0.001141490796848721,0.03720183547053989
0.001,-4.210208517546695,-5.9468437828149625,0.04855780742578258,0.4482496887353123,-0.3160262573110048,0.011370400642477902
0.001,-4.612994268453313,-5.643900649978417,0.07595789520730215,0.4113244119634588,-0.33437319872085347,0.03565496735920671
0.001,3.9624053782545645,-6.119638524347614,0.13028508363468014,0.4299551548017114,0.24019450295407874,-0.004883682222186211
0.001,1.7735560972171611,7.1055421081692955,0.019222200940895252,-0.592282530049865,0.20965185869195424,-0.03716806222792636
0.001,5.002477744283721,5.355174390419771,0.08999421586005785,-0.34729147377109276,0.461487239516674,-0.02412372660583225
0.001,-3.1031719429671902,-6.639897632265405,0.1285109501774936,0.5905107578736586,-0.005448909128644014,0.009429663849879208
0.001,-7.2392649117839065,-1.145859745287003,0.15549591033095328,0.21943858278840195,-0.5795276714865394,0.04723393875953099
0.001,6.887123943572658,2.5314377829370995,0.05824704437860202,-0.27869321805169534,0.5597940370650666,-0.0033151664583631287
0.001,2.514725124740568,-6.896499018509807,0.025869914617938652,0.5983161705886814,0.20014903633126083,-0.022725159006763338
0.001,-6.026174998603741,4.193720691955049,0.19065457456672985,-0.35043344403697246,-0.47967062078248635,-0.029099094185115346
0.001,-5.360104836623621,-5.021857619250273,-0.005129195400595956,0.43340975046483093,-0.4078932221728405,-0.05176699547532771
0.001,-4.707240270029006,5.643885678504334,0.17172940548613913,-0.3330133038459251,-0.17705010260974818,0.02630598054279917
0.001,-3.2097518698523584,-6.613485131325419,-0.1048030887983597,0.5071480302265153,-0.24935974586554854,-0.04550399383398966
0.001,-7.164302188455338,1.647401860002879,0.08971908291832736,-0.2060450133193656,-0.5022241353597202,-0.040038195248303494
0.001,-4.19892121068928,-6.053152667131563,0.062012967901034846,0.524153984176432,-0.3618987051678121,0.016882869317285
0.001,-6.925578832849963,-2.512576936965422,0.02921691565646685,0.1988197644610195,-0.6036200754822735,0.02570288723505498
0.001,4.534125067971181,5.814928011082916,0.050345076223011834,-0.40352479174297307,0.3778529359519121,0.022171007219076548
0.001,-3.878736483330332,-6.271829596823866,-0.07733073386500965,0.4980238632419649,-0.4114739970703513,-0.05968894524905254
0.001,5.91425688760634,4.410602315878205,-0.030654062726526016,-0.27514650835040305,0.4905961033018128,0.012238721583655202
0.001,-3.7412093192365665,-6.371099983943253,-0.010914449707862053,0.3639737989990195,-0.3113278908623334,-0.0003553949676542867
0.001,-7.381734592521366,0.5123751984000625,0.0340652163493732,-0.1031969411072862,-0.5301498839321237,-0.04853303525129567
0.001,-5.439022908053093,5.017189604356728,0.032336118864282,-0.30325821906327033,-0.4733344117921353,-0.019588605350886575
0.001,-6.874462204066526,-2.7610390919508228,0.015270803737483804,0.1878739951167803,-0.6262158364698737,0.020183548088104325
0.001,-2.2209644515209845,7.071541477382908,0.11965002836528685,-0.49553603992445683,-0.17983856004023854,-0.11910231458866159
0.001,5.656280671561305,-4.806875950281045,0.058034286421545546,0.432355122841401,0.44612171257316063,-0.028116551717447334
0.001,-0.5658329141766013,-7.403983738669243,-0.00018240898058369904,0.5151191562163322,-0.10540733739195848,-0.04217443850564662
0.001,-5.094861784821788,5.407223297362943,0.0536292500270035,-0.3237602665916011,-0.4966104545483039,0.02927273268336107
0.001,7.232160731974363,-1.73016809017994,-0.07170541652187346,0.2010085456511352,0.5525967998585402,0.013719877161384453
0.001,-7.066355317046909,2.3561573898325467,0.2586525777512291,-0.09838011366840084,-0.4527925557505004,-0.04764438400910348
0.001,-7.419611996087037,-0.6818178059546995,-0.03918919823298434,0.05207359010413879,-0.6723674777150217,-0.03155955887716819
0.001,3.6770487265578553,6.4906835066436015,0.07271569157488926,-0.4358195157720146,0.35676059286939793,-0.0047420875325713905
0.001,7.287477748222157,1.607798063941445,0.0765921196429314,-0.10486721466522272,0.5581973542605181,-0.032028186144898045
0.001,-6.320712996653856,-3.983204376030244,-0.13420184063699067,0.2660427883661506,-0.4549837788634609,-0.030170723683105517
0.001,7.471727340567607,-0.031995553934101945,0.049409557770547355,-0.11928516285274993,0.5718212909842704,0.014020066010017969
0.001,-4.8891428430724195,-5.664404318120522,0.06547474905049865,0.47516625743008795,-0.5301846908709887,-0.013704958392201066
0.001,-4.990275335575017,-5.5811528678009905,-0.1397781709062337,0.45384239347086,-0.38660063607145206,0.0172729098834854
0.001,-0.4939489646457619,7.471500094977405,0.08441760962386272,-0.5476539681964547,-0.019953794109881306,-0.01372135725718525
0.001,-5.95515786881669,-4.5426668345759005,0.0490166245434863,0.3004760203578121,-0.46848251641871647,-0.018505682330671822
0.001,-2.0370537453138806,7.208848699178642,-0.040971892456857145,-0.5724157625722023,-0.08081422232809361,0.024228981680656327
0.001,-1.861624713192887,-7.265127711172187,-0.11164801647927872,0.7439493614517357,-0.15215042001376486,0.04298174887638033
0.001,-1.9228001416562206,-7.252845945519731,-0.0972949211726889,0.5040239254341248,-0.15477418614341412,0.01714791658736098
0.001,-0.5114601003871371,-7.487609456087237,-0.1761803223427557,0.5853974969885157,-0.07878907539281144,-0.031458801682554334
0.001,-7.4423627288385115,1.0758488592821087,0.041828268858134565,-0.06896686304307124,-0.6736154889729683,-0.05923943647391237
0.001,6.748285059391898,-3.3438404918369264,0.07025072421954201,0.30304483346482264,0.5876807097525606,-0.014501852547368075
0.001,2.6548168993667827,7.048432402807916,-0.01639805421944594,-0.5115023836542434,0.27341568387069926,0.011946291386107174
0.001,7.494395938832366,-0.7851285462189048,-0.0489018479000564,0.12003442821563928,0.5197499855872086,-0.004623491876507518
0.001,7.356767904006595,1.6728970094767157,0.07689306161092337,-0.05070086752741182,0.5352617942597072,-0.021515217922940175
0.001,4.8922639190316,-5.743976350222322,-0.11072736907942048,0.41112019989895165,0.3985244660388201,-0.05806760465412605
0.001,-3.924646223763139,-6.447031788634347,-0.11780279929654602,0.4858485179546164,-0.3526510724547911,-0.057108021065446116
0.001,4.691868532133985,-5.921869217397731,-0.006633409502061713,0.38394229420676906,0.38818330499459164,-0.025408230023876568
0.001,-5.450955903602419,-5.24031163495778,0.015378427183943716,0.342487903345602,-0.4905475982941637,0.013670892625532942
0.001,6.373489835902284,4.082796796237375,-0.08919775830025678,-0.26616948099892357,0.3776110659439099,0.00472119990785267
0.001,-6.163550858363293,4.401365815608966,0.10331780624561292,-0.36267700519529245,-0.3610795871709345,-0.03170720821769473
0.001,5.413021795283698,5.302527019357549,-0.02880406680454218,-0.4094585917880479,0.4871256587446844,0.03706938250165665
0.001,-2.371833731324409,7.196994741117302,0.03680510426902544,-0.608589265721883,-0.09977066920373735,-0.013859616398000228
0.001,-7.519228631181519,1.0059464402586895,-0.03515924481545114,-0.09300391645885833,-0.5490878332344908,0.01981068008433689
0.001,6.890173500940621,3.182397362153059,0.06795235911729805,-0.13339370312244364,0.5594746861935421,-0.005161159105813865
0.001,-2.000536466159056,7.321829170950337,0.012196161881202837,-0.5859203430252723,-0.12358689957904977,-0.017233040653347714
0.001,-5.520551083875183,-5.2280044269155015,-0.08894126034026958,0.3893193852803268,-0.33946801044393393,-0.009104330823306084
0.001,-7.230387628405699,2.359605892044049,0.05644403450349699,-0.15676176824454174,-0.5442875955700052,0.04774143808221646
0.001,-4.668849169018499,-6.007834046855183,-0.0007293402926585714,0.3250810196895546,-0.34962026046608835,0.016334788380684136
0.001,-3.76859841561923,-6.623086839728561,-0.11293142386394384,0.609655612305595,-0.21263359500714507,-0.023638267841689285
0.001,-7.384639642529516,1.8902449863811939,-0.08800526976636963,-0.0076260298497179135,-0.5813658117549921,0.02776636990178254
0.001,7.482378070333588,-1.4880836064552776,-0.13555317243430734,0.09113154907492516,0.6261424241848234,-0.025452846397208753
0.001,-7.61344206296926,-0.5234278771755008,0.11209813221895902,-0.01617020231962598,-0.5074013746245113,-0.002820112473730531
0.001,7.592443018028127,-0.7732888258751952,-0.10225903523953926,0.1267586257050859,0.5186078859898827,-0.007874754709315724
0.001,-3.107166447659894,6.974473202831608,0.11487106878027767,-0.5790145114839179,-0.10898628768907058,-0.046866769570849065
0.001,7.618185705409908,0.5110540018594004,0.02522077819134363,0.01586180215637855,0.5595464715291687,0.029137357636057876
0.001,6.978883201731635,-3.103383888168883,0.0007954766367961162,0.2797211386064902,0.5668797949685579,-0.006529963736588003
0.001,4.4058803630031385,-6.247928104689512,-0.007462637323647114,0.48422052764359197,0.2596290910079777,-0.025163021528895536
0.001,-5.14454201358892,-5.659324634413805,0.10339826379436355,0.4023504321840767,-0.45013676519901413,0.02868962490980627
0.001,3.7257031180721047,-6.682411411879678,0.031662921654845556,0.4905709743405009,0.21507433394336534,0.03326414247929565
0.001,2.496728706795216,7.234245626468529,-0.011735339155385195,-0.564993577604034,0.12013344509470662,0.0034476191008216725
0.001,-0.27735916442954783,7.663127573241548,0.0712812457407432,-0.4681854633422211,-0.04788277774109072,0.026485381841730778
0.001,-4.669955487582967,-6.093832939220822,-0.01698474547139892,0.3776284053485226,-0.34271399357742377,-0.011013789646523041
0.001,-7.17136598118092,2.7781030990288684,0.18191351999624464,-0.2792460039635612,-0.5316071444623567,0.02665432375157656
0.001,-2.467123324441684,7.285379049325369,-0.10411735578102846,-0.5414805948541416,-0.23417026036089675,-0.039136910827035395
0.001,5.932629885030766,-4.912192425348607,-0.03245345790566947,0.42571180414730614,0.42461447105300854,0.03255422425043919
0.001,-6.493214677069372,4.150895993053429,0.00695948333970663,-0.32004558236774083,-0.44191667445711114,0.006742663578634464
0.001,-6.086541357705941,-4.7297467676583835,-0.023063532073942836,0.3844377483823796,-0.4844295073562246,0.02345307733494658
0.001,4.520632495624707,6.243906113711047,0.10613270574605185,-0.4349109538517516,0.32542971699752926,-0.035671255572887445
0.001,-6.527249892270191,-4.107200386317785,-0.08551673912358142,0.30898155234383584,-0.47099517318029116,-0.0027749523494945776
0.001,1.0256686362843928,7.647721884473536,-0.1041819876475121,-0.6034802861567192,0.03987625433879891,-0.025692418889047417
0.001,4.667679120385197,-6.15680071394522,0.026505791115809054,0.5185765826658233,0.2973653332126336,-0.043027134762739866
0.001,1.5106210944900793,7.580354329081351,0.022217016236961748,-0.6134583835333561,0.09862569328347856,0.02834741964730022
0.001,-2.1387025598389253,7.429437493072864,0.06776527627316085,-0.5672506475442307,-0.15506666091170243,-0.033642266250500895
0.001,7.5839599475025725,-1.5486997499700705,-0.07510017183083287,0.20556326989019041,0.5407958217678789,-0.006621917428299373
0.001,-5.3399358705513125,5.610773598750844,0.03245369863370496,-0.47584535501682723,-0.40856791963331796,0.019940929339393315
0.001,-7.479124048326945,-2.0211284649979797,-0.06767007721800365,0.12952398409366206,-0.5631137440636903,-0.0022312748514327044
0.001,-7.3699761950222,-2.4014791936167263,-0.005456608587831244,0.20364658006765696,-0.5136672136899878,0.034934381200948134
0.001,7.659457288076853,-1.2065480503177692,0.09814954995959954,0.1045802466884053,0.5636173132426521,-0.0031388856553841607
0.001,-7.5178434763638275,-1.9082553460346947,-0.15882119792444072,0.15218839808632215,-0.6859311547369784,0.0024700618525149293
0.001,6.167609655654428,4.715484693113638,0.024032299376469182,-0.26700555898869544,0.47044073613640897,-0.02583879395160872
0.001,6.8355847045932245,-3.682865010131353,-0.10850397954786038,0.19145283524392365,0.44205833745859124,-0.05775103252414829
0.001,6.785251256439705,3.776898113922637,0.2201958266245559,-0.31199500097635063,0.48361527678858923,-0.000988144478179705
0.001,6.297094731771685,4.553942152984172,0.14543548146506613,-0.38523868618778606,0.4980358430468242,0.03401406156877814
0.001,7.760200696757878,-0.4862519655986779,-0.13377960144916315,-0.06275733632653702,0.5584542346593336,0.033614402012074676
0.001,2.119761813018982,-7.488784707720489,-0.03313226974817551,0.535254561253563,0.13173811638206567,0.011593666449969913
0.001,7.436853805350988,2.3036380584786302,0.07955912057056369,-0.19754008425157632,0.5465948961008754,0.004299457231548957
0.001,3.799966596667821,-6.803559176173534,-0.10276221195627139,0.5915060377162557,0.29547322195093506,-0.008491217617293711
0.001,7.238037707998846,-2.897602155874289,0.15004651195689783,0.26103634162033257,0.5464220432496046,0.03436227691995588
0.001,6.2710392197606755,-4.634625499875864,0.011241143175027325,0.33308256200540737,0.4447701668504876,-0.02896292513841586
0.001,-7.494069181774961,-2.1658829179034473,-0.03031467537476239,0.2424709811419633,-0.6166181011503564,0.00957275822290699
0.001,-6.956577041445221,3.542258820776113,-0.07148183231413162,-0.29918243217994694,-0.4373257047946019,0.02578281590780579
0.001,-7.556132227278715,1.9703334330221038,-0.025459724038612287,-0.12352710501060758,-0.6281932004192899,-0.016772474818838572
0.001,-7.586460479783779,1.8672000574516192,0.12569473800767064,-0.05730630483672379,-0.5727968703566122,-0.004635988797658204
0.001,5.281326169896711,5.7589720514414235,0.10811699013481135,-0.4327581349182981,0.31804561285362315,0.023030136376466753
0.001,5.347643875710092,5.701563541594915,0.04249346985848537,-0.34844736364592144,0.3344143466969698,0.014166602901275437
0.001,-2.0420841743964027,-7.547374309381836,0.06324975527885496,0.5873592211323212,-0.26302497580563744,-0.008229773528494766
0.001,-4.933829755396652,6.071635578508108,0.031410888117315065,-0.3538111160470866,-0.31518332178542735,-0.007327398459727409
0.001,-5.165500219153868,5.879246515463602,0.038251494925434955,-0.4502213975427146,-0.36917977243015215,-0.007365201689012405
0.001,-3.321849704013565,7.100914692055088,-0.05374712728434148,-0.5598980179193185,-0.2848410139087399,-0.030960687515853024
0.001,-7.648894721652636,-1.7364588755263743,0.06225918049425988,0.07897101181318833,-0.5209585060807579,-0.02212474311646507
0.001,7.293124647275077,2.887738374448205,-0.05529509543714905,-0.18181037212985626,0.49460236471107777,0.01784118150215832
0.001,2.8952751676170876,-7.2949951016699615,0.041427608363524694,0.7264606112078765,0.20895652946511323,-0.04948194420605879
0.001,7.838002753502686,0.415490353493535,-0.03347830791372699,-0.1131528894986803,0.5752726900513182,0.04458617754182488
0.001,-5.171217523468051,-5.908040140882034,0.02933073411470375,0.47829749136144306,-0.39206563673749617,0.030523648782623543
0.001,-6.750613615788138,-4.013900677302847,-0.04822024120315673,0.25663656990246225,-0.49450993293172046,-0.019951958127876594
0.001,-1.090772126846709,-7.778872383948692,0.19130025989156296,0.6405497853288984,-0.1751272108290789,0.01903829683249667
0.001,-0.35897187139334685,7.850567021497876,-0.1800320820956754,-0.4851763700578692,-0.04485993330542824,-0.013253047281081835
0.001,7.225272011965682,-3.1087403388208417,0.002207584234654886,0.2030719236222821,0.586143541294351,-0.014420877467786752
0.001,-2.785863693873499,-7.356166210516688,0.2010867434076723,0.4705331437827629,-0.2816097937332851,0.012599321478655213
0.001,7.601605506957736,-2.023855590474789,-0.05025944828390825,0.1900013032756103,0.5342885721208779,0.03529203085978726
0.001,-7.213058644336237,-3.14110646677631,-0.021544876585623127,0.23205487494114466,-0.5133033360959236,-0.04494736448237249
0.001,-2.8686920375534677,-7.328469583426278,0.04494661366836812,0.5904091662134926,-0.18467234003479405,0.00392648371630329
0.001,5.939676772225725,5.181251102371197,-0.03996801984110698,-0.3884716491010643,0.33308568915263503,-0.04380716038856773
0.001,-6.647722625735101,4.240509926067562,-0.006741857440733411,-0.26420844230376817,-0.43592234473947145,-0.039806607299066744
0.001,-7.816168225829198,-1.0428551354614806,0.21559235881509747,0.16542554154913175,-0.5878175106501119,0.08003907586154288
0.001,3.8174373509280075,-6.900794981597891,0.11486529857027893,0.5768223471261793,0.30960502228336106,-0.04108015574692242
0.001,-6.0262181674770146,-5.094207993374776,-0.007665009894111469,0.43876660559940805,-0.43659557435599605,0.0015088300383705984
0.001,-3.055011528442753,7.286658834711443,0.12717226515367805,-0.5165703046106808,-0.10817976803054691,-0.025647286546072276
0.001,0.8033007318016275,7.860498692824458,0.17508925931826552,-0.6124614465802648,0.008641119604555797,-0.00768675639697245
0.001,-4.622859392877017,-6.416051903562231,0.023175099142122364,0.45868587606885924,-0.3632055247836937,-0.01351879708230992
0.001,-6.700000890999157,-4.228287431771887,0.14639135167791303,0.19695123687177857,-0.3995230405996699,-0.018899312028725336
0.001,7.772649061478529,-1.5372835285787343,-0.11688094236520674,0.05393340995988917,0.6245848589434915,0.011439750293062963
0.001,-7.741840347102585,1.7295698803627046,0.025851128761615272,-0.15237787303910416,-0.5863335588485056,0.03376459117849021
0.001,4.239425723721497,-6.705981953146125,-0.018575964626937627,0.44897849866962125,0.2813545278317597,-0.01386091133759002
0.001,-6.861273301386331,3.9839988722102553,0.10279771295001093,-0.2309054855308516,-0.4285284361272247,-0.010951238660235245
0.001,7.93363421346453,0.34163988665533546,-0.060550884874867254,-0.0008941032207711759,0.4623902312945328,0.058301839334487036
0.001,6.434617140573709,-4.6694740851756995,-0.034307606744186994,0.3926976832853879,0.377535779540154,-0.012197796065891433
0.001,-6.628536955428754,4.3960935659731355,-0.06841129007477817,-0.36113621099889437,-0.47897672015166,-0.0018800781067782723
0.001,6.157749627873001,-5.035390725545213,-0.0018801271931220564,0.31807595533773486,0.3892668468922755,-0.034064077533201585
0.001,-7.848395814839529,1.3160508514479108,0.14156847820413032,-0.09799145821411591,-0.4731579956270077,-0.007116238162689875
0.001,-7.451226832972534,2.8041206391084206,-0.04499436791599591,-0.209673176078784,-0.6388426346166963,-0.005940987470460874
0.001,-3.1483806037783544,7.313376563661766,0.13022318550514583,-0.5359615828741909,-0.10727623690103867,0.03096714011316229
0.001,-2.856293364137956,-7.432536106052821,-0.07719557947522153,0.46468438580007015,-0.2542004745644102,-0.06030374987014059
0.001,7.281081757461017,3.224712271385801,-0.099632489102932,-0.18101578235469273,0.4946582716130669,0.021540415725545894
0.001,-4.282268269908086,6.715718158440445,0.06405646683986335,-0.5565204698358761,-0.2876804291887458,-0.008770777378039203
0.001,4.768768697146898,6.38400635175624,-0.06333165038342116,-0.38134756686627486,0.3473067957582305,-0.06916838860006624
0.001,2.1612155794399213,7.673593971797651,0.10967114146311069,-0.5456495284837934,0.24057032000470568,-0.046640791001466286
0.001,2.0401863078243014,-7.710463449915688,-0.08582578073477584,0.5785013102260405,0.2180361905001637,0.030492704160291637
0.001,6.529100497287783,4.589028450223469,-0.07767011469369947,-0.31528364767935646,0.3940832807278489,0.031868238676032355
0.001,4.678696264080852,-6.468424631317509,-0.03545407928904723,0.45310910834438173,0.3119903800494123,-0.03806889005771523
0.001,-7.98768405790877,0.11558763254223145,0.09438421988667943,-0.011645159364197579,-0.5632586015544401,0.016315794420737956
0.001,7.4164020008260465,2.9753174878573265,0.10295325240543535,-0.18766214363158082,0.5410720135025079,0.03969328175749076
0.001,-6.018979270235481,-5.260026500858262,-0.14017139060096553,0.3989593357246748,-0.593416259495055,-0.022388400562136555
0.001,2.0099546988624573,-7.739640589596921,0.0696171671067964,0.5260536631614137,0.25422767061924223,-0.05249799212415491
0.001,-7.5027112243724225,2.7745218627438697,-0.06261499050605439,-0.1321051202865979,-0.4892751932023749,-0.06755027360059035
0.001,-1.795328513630088,7.803323399221781,0.01975186799871473,-0.5329997725767539,-0.05577832510796203,0.03139617346615496
0.001,2.7789015742352867,7.5123525774788,-0.0010864531614516542,-0.579569953918631,0.22412803561556707,-0.02181821829195468
0.001,6.925181912898377,-4.041399945248024,-0.12030028494618138,0.30103741029554365,0.5141656183604989,-0.038641466578592056
0.001,3.673196220342507,-7.129513630131657,0.16786229444703432,0.46734228969123215,0.1514079032887684,0.01389228242267692
0.001,7.06792324563562,-3.7936767859238576,0.013635963493576542,0.2609605273924266,0.5317477235840257,-0.022677144797565434
0.001,-1.905985776549017,-7.79489486857055,-0.1083487003275711,0.5710367738769964,-0.17891057878372954,-0.004434626749828984
0.001,7.860105030233833,1.6226999516874516,-0.00017702430923077187,-0.09504438676412472,0.5480601616885163,-0.006177985718806114
0.001,2.667444197480985,7.583006623800489,0.26877004120426223,-0.5190880029793822,0.13195466969182734,0.03414745064459317
0.001,-5.624582926046317,5.754219365941029,-0.09201866282784676,-0.46824692336864077,-0.3573730701782581,0.018385079670798714
0.001,6.303702000701047,-5.0042209727239895,0.17708193736368377,0.35928901648756445,0.44461960183609217,-0.01657521888337532
0.001,-8.018979123599303,0.7380135778424834,-0.045389757827758725,-0.037777255415945225,-0.5970343116294223,0.03470107039220944
0.001,-7.863226049015287,1.7673062648949867,0.0795186896346137,-0.0523489020727369,-0.5819541914156229,-0.029589135286702966
0.001,-8.046216732905528,-0.6266696835151697,0.06565928197458579,0.12175719734096009,-0.53447924413502,-0.0025748192213017208
0.001,7.69601875409138,2.448133864820927,-0.04127968270124027,-0.22745770262420656,0.5955043086175642,-0.003363290134895881
0.001,-0.43947564690715607,-8.070044852364699,0.07295084907508334,0.5944188841397438,-0.10238234472214827,0.0005499957445997247
0.001,-8.072278858515984,-0.43869391844653466,-0.06258101210000382,0.12396813053560568,-0.5723038807824369,0.05603739953793931
0.001,-6.944586200974982,-4.149258630573087,-0.11795546042016275,0.34597498412325944,-0.5641512856610462,0.026881439958446773
0.001,-2.4839854086075475,-7.702450945148017,0.15537702989359609,0.5783923228976108,-0.18201475719911406,0.027296377361187642
0.001,8.033399880982254,1.0145373808952116,-0.05115563233474664,-0.11258638099521609,0.6555374501552986,-0.00048224239514382496
0.001,8.079701318732013,-0.5885461900780246,-0.0655201041859772,0.07727437257389945,0.4627606195017348,-0.024846343783130137
0.001,2.075041046384014,7.835371935872248,0.13589522514425262,-0.6533000991809681,0.14546965058464398,-0.030041164893772277
0.001,3.8294853161540456,7.145159533379768,-0.005010909974812379,-0.4482373131382412,0.2988739261492463,-0.008654049903941448
0.001,7.933475238136356,1.6902742496867729,0.0003797438543245483,-0.18656686651713125,0.4683208428227714,-0.0011819736697396223
0.001,-7.563850426435858,2.9667714883639795,0.08760746476229252,-0.23450464231410773,-0.48910785871871704,0.02060283345457896
0.001,-6.558544677352679,4.8058876851011805,-0.04603958632689942,-0.3532109050806155,-0.5203183616783527,-0.014781189548028774
0.001,-5.128356531961,-6.3198357030824015,-0.0703666165761455,0.40622571091254134,-0.2840941350696544,-0.022036879658606387
0.001,-3.378225234132972,7.412601723035929,0.07897470712065957,-0.42933658466262137,-0.24599953448331233,0.0392683433895148
0.001,-7.756641278509465,2.494047782044301,-0.07401566205996889,-0.1342493760278652,-0.5283496356107561,0.010453389454572344
0.001,-3.153748676415807,7.516448400004521,-0.059010682736677735,-0.5166458933966965,-0.08517260602153956,0.005735969975248762
0.001,-6.622398480518594,4.825921794767188,-0.10737950342025189,-0.4528839859099361,-0.5040268789257639,0.06570462783296778
0.001,4.450342377085119,6.885165354770358,0.13849862813185296,-0.4104828487464612,0.36292552515951015,0.007594903748061195
0.001,-7.0950694642590895,-4.121568403794876,0.058391332894811625,0.2928986766101936,-0.5969681506999253,0.020753443928655687
0.001,-3.164701222204167,7.578859699279396,0.09039675409762411,-0.5622613905785345,-0.2563731263682678,0.03444125121658998
0.001,-0.24017358025193072,-8.209811625246443,-0.02086680125535731,0.6912993015404559,-0.018536030403212007,-0.007973737357882925
0.001,1.7232878856119975,-8.036900993555918,-0.10384088608730449,0.5482082605274021,0.18163733994524195,0.00959953479032453
0.001,0.2092542364874769,-8.22520160969795,-0.0398490116937991,0.5928612518893673,-0.0593160762039574,-0.04721243400357205
0.001,-7.606778504850418,3.142087861082586,0.19499081898186876,-0.2969323423013144,-0.5353690553660512,0.0025436079009431554
0.001,-6.221388297922319,-5.394442746891063,0.20742027736207613,0.39479953883935365,-0.4520734849229274,0.00858898478137317
0.001,7.393368646026602,-3.6289740688170844,-0.11036119167577454,0.23776041647358379,0.4871113747376736,0.04500230190220711
0.001,-6.865365209341308,-4.572030706531533,0.04735476111625098,0.2165117441540964,-0.4646893665389527,0.03217874934933771
0.001,-3.8107078756715955,-7.321697858962277,-0.04697569041237422,0.5325155100386626,-0.3523679591358221,-0.0016444353900330578
0.001,4.172657431492678,7.1222216026904634,0.1807723835593432,-0.5082926969711281,0.3350347697087024,0.0034128825751599404
0.001,5.369862950368924,6.27016011289353,0.018769673393067815,-0.3652417559348996,0.4237709829543854,0.006082031951884855
0.001,7.6483151932745175,3.1135150965028178,0.009846897672445714,-0.13895542023715785,0.6004323202723365,-0.03577424634974906
0.001,-7.371449979906372,3.7268180945189604,0.01584218816232848,-0.2153380295171919,-0.49701055929548443,0.005965979270090337
0.001,-3.1789376778504703,7.623879620805177,0.04029071445196179,-0.4937735199130914,-0.1586838054904052,-0.010730435196240645
0.001,-8.157510243206133,-1.3105313430116219,0.06507298593541115,0.04508171836308752,-0.599021056419531,0.01192771724127665
0.001,-8.14620507887247,-1.3896713706423411,-0.1953983707844505,0.030717294421289426,-0.5615804960362178,-0.01664976178718099
0.001,-5.58290836250249,6.093849430687369,0.06354707359227878,-0.4279128203777401,-0.3950337053285941,-0.01842181919850306
0.001,-8.269229924407894,-0.2913969621472216,-0.1028724133177186,0.08527771080035089,-0.6027346633951763,-0.005256196481874736
0.001,8.042243520253036,-1.9506730365655995,0.13296222302434027,0.17153120204691666,0.629938987202957,0.03200360935779001
0.001,5.468246057130602,-6.2132018847385195,0.04070381346556233,0.36739102914577393,0.40571220325564106,-0.026369570915232093
0.001,-6.656622025752921,-4.931404236842444,0.07603476503484316,0.3595886268935668,-0.4406862151559443,0.052066559416628785
0.001,6.408071130320076,-5.255883851776656,-0.06969891599748566,0.3824568855424951,0.5065805240701018,0.010496800991136625
0.001,-3.075860500237821,-7.7008888094299905,-0.13122643951901952,0.47633579295999534,-0.12292509552386037,0.07047336803783598
0.001,2.305581178169094,7.9879737013868315,0.04334674093068267,-0.5570801838394175,0.24710975100973617,-0.03173322480102319
0.001,-6.846254015513584,-4.732448140524923,0.027940492166382686,0.3638568649921677,-0.41614600049938616,0.010299304104637336
0.001,4.411759358153164,7.060142391315008,0.07458113301360393,-0.4189751205698317,0.334959720356628,-0.033798833609350244
0.001,1.5510830280235355,-8.17985511116008,-0.007111557846416099,0.5036396715532468,0.06305776665333035,0.055219022423312614
0.001,4.659939376389145,6.899531726160174,-0.06669527066888012,-0.5086382709518793,0.22943031582137158,0.01183579881662267
0.001,-5.508862393136324,-6.258904623473026,0.07722501577999442,0.4362748713421058,-0.4192993863937408,0.02104583266100153
0.001,-0.298799771668341,8.338762228802354,0.13976029285623667,-0.4261165541247738,-0.02828006292544729,-0.048532112518070276
0.001,5.145561110942779,-6.570047189425405,-0.05998049467171852,0.3641416248989375,0.3047380280241106,-0.05782410421877054
0.001,-7.059801896654447,-4.462130231187815,0.04744393465634868,0.3639155730573107,-0.46571014818732254,0.007115335194970102
0.001,-5.443132564485113,6.336622482956395,0.12023204836041408,-0.4253069730569155,-0.40108498659592445,0.02878352067488335
0.001,7.831905111318945,-2.9278780391807655,-0.06033650245526038,0.22743002667464982,0.5495426829791928,0.018780854128630026
0.001,-8.363035785739116,-0.2642522247236848,-0.09345209136841179,-0.01527387858030729,-0.5787992610318484,-0.002226627954682831
0.001,0.6382357677459473,8.34383624217597,0.15939944272679718,-0.6403683449640462,0.026435169705259665,0.04581573662930544
0.001,6.78139065358434,-4.910113904284725,0.0620221426347959,0.41187742184548337,0.36922686147353356,0.007800026776649495
0.001,-1.3660503222852127,-8.269998914096563,-0.17475352133774186,0.573720977030211,-0.13981645755510919,0.025810607032699752
0.001,7.910014252758456,2.7892789198525403,-0.04255760892983185,-0.18465471825174648,0.44245977914020657,0.02437856938979753
0.001,-8.381463926140688,0.5030190185143528,0.06483557676812922,-0.011595367528249963,-0.5011313719965697,-0.006240283701296984
0.001,-4.397262779682303,7.164428900541014,-0.05739669879730808,-0.4335025196753539,-0.24104507954032423,0.019547884464357002
0.001,7.554061569706092,-3.69641140129282,0.06877169554523764,0.2031245129850363,0.48004709250098115,-0.07033701481907892
0.001,-3.666999149362786,7.570685930743584,0.037306440878393674,-0.6581972971789958,-0.24140351160052145,0.010925702201631964
0.001,-2.0828934574201,-8.150615778861855,0.03355750159038097,0.5470870071301819,-0.14018479522060076,0.022678396622595545
0.001,-5.603777100636394,6.277044829798896,0.1310779708347363,-0.4009199060927631,-0.4747406829892734,0.022235967932650532
0.001,-6.234578281963683,5.652266919647441,-0.10877314708475767,-0.34037439214151405,-0.4045601592076576,-0.03420180772087709
0.001,-8.251961089149336,1.6643320093486658,-0.09447240021443695,-0.19714652378453795,-0.5633935119348947,-0.009650856834750296
0.001,1.7364168407775629,-8.242237830074684,-0.003579203188193202,0.599236361206543,0.18631541486969794,0.05133681522108085
0.001,1.2160529752320912,8.337148797416994,0.09826332072557403,-0.5758900633618675,0.07782766473569544,-0.07166725679367718
0.001,7.22073087916253,-4.343117586945166,-0.11669427150351784,0.1868288034243052,0.44572101639644424,0.0028726665888415197
0.001,-6.161307206001193,5.754725381798753,0.15034084038038523,-0.36366289135659546,-0.4850304090464393,-0.007631439136386039
0.001,-8.17586917839749,2.0713110218766135,0.06231068634845053,-0.04753240331104358,-0.6041854922348662,0.011466011851893049
0.001,-0.9833434581828264,8.379047460886351,-0.10018011678750216,-0.5336076977914854,-0.03412567991383506,-0.00728639695140979
0.001,4.1221463276926755,-7.367325480727645,-0.0793344711668184,0.47482192613438906,0.2958202568036367,0.00022179608516649434
0.001,-5.511603136861868,6.4004424851282495,0.042841169367763866,-0.3086134030453202,-0.41411282967015905,0.02747225649872326
0.001,5.8944844390896405,6.076869874132884,-0.13702229595937915,-0.4777430269669123,0.4085574381378438,0.008377207248310878
0.001,-7.171626509603313,-4.5008777653445975,-0.08312942591112318,0.22575302754145007,-0.5263705747580038,0.07064540060242581
0.001,-1.9994897639198308,8.231620733130228,0.05457820168618097,-0.58719583952173,-0.06410363886589099,-0.05745661004032285
0.001,6.004450320606843,5.9758203487127,0.04490232575621422,-0.4819545888036793,0.4032444482848817,-0.04239166994872459
0.001,-6.768211085438792,5.098660188835737,0.010005848091158042,-0.2525360691536077,-0.47741242766100767,0.009441018153987587
0.001,-0.6672517467470652,8.456256439790117,0.07164105561950504,-0.5435237471161645,-0.01763935499338114,0.002960354768496987
0.001,-8.498599642872978,0.30102782418648927,0.13687828569411978,0.007386182895362234,-0.6425213483914839,0.0469837785312626
0.001,-4.559616047256611,7.180859442529448,0.05111542338777597,-0.5132723086592538,-0.3212580260536298,0.008079519633855002
0.001,-5.022065539904799,6.866117525436515,-0.20664734242081362,-0.47487950772119175,-0.3725789415781714,-0.0029793453604947807
0.001,-4.673880969606059,-7.1106073896756286,-0.10143985551137835,0.4590447453743759,-0.20104828939530894,-0.0002604597965901197
0.001,6.5270105323056535,5.460379561569238,0.023498577215255764,-0.46506616676124957,0.5076487378472556,0.02996024729986926
0.001,-0.948145953589569,8.45886001847213,0.17813116266417653,-0.49710280146703467,-0.04034975326373188,-0.014857032162945183
0.001,3.01557081870621,-7.969190799113122,-0.03785976103743098,0.49705412637271384,0.21481399230304257,-0.005202187833501324
0.001,-5.870306035917717,-6.185735158877421,0.04000973513647004,0.4018562162269651,-0.3865543123332298,-0.02317131361928209
0.001,4.183963728601306,-7.44535634927673,-0.09378758337502767,0.42462876071451483,0.23589057201288272,-0.015043956638120063
0.001,8.419905205801308,1.510884683472731,0.07061826881070062,-0.03583462177137127,0.5490156426466304,-0.05787326665332632
0.001,2.4125956664459207,-8.2096217572161,-0.0050329941167707995,0.49842384392835715,0.10023468406120734,-0.02301893285648363
0.001,-1.8909954101933506,-8.345495349489838,0.1486206608703892,0.5789785735748365,-0.1320121249051272,0.00019137706300966311
0.001,5.395215052240725,-6.645110320622005,0.09102102563116969,0.5517943109498481,0.4421285397437824,0.03321464237590886
0.001,5.409030928297497,-6.646251669787187,-0.015110227332480573,0.3343570782824396,0.46765450852277235,-0.04600162546812874
0.001,-8.532995026371063,0.8108707092255171,-0.04054769976120295,-0.08558564671542625,-0.5636307467042206,0.038201464456152065
0.001,7.097929350756294,-4.806580574230456,-0.10096098961415081,0.26698228238186167,0.5416579807495443,0.022246542713761083
0.001,8.480749225588845,1.2612669258762552,0.18053736797842132,0.004179001700392718,0.6452760666815571,-0.011747247406355793
0.001,-8.463548350494683,1.4313827339479666,0.028251499068061032,-0.11377958266549067,-0.49943851344830653,0.037267811270309474
0.001,-2.8786636611731304,8.091420017387996,0.11699903912716535,-0.5677036209923488,-0.28114113109494715,0.007972073694202603
0.001,7.976457355079641,3.1894370733695125,0.10748353184901166,-0.2558658507931364,0.5296029792681489,-0.03193146607996116
0.001,8.382989284521537,-1.8875072404033975,-0.1560806742840587,0.13832372176259514,0.6598231530719485,-0.0002885497282554374
0.001,6.902183232966904,5.139616243347095,0.08433576577360336,-0.359342484274422,0.4368684384540709,0.03199629338970468
0.001,-6.337268977263595,5.822998427808034,0.04312296015704539,-0.32030579716080915,-0.5195800728399651,-2.3651476497758563e-06
0.001,-8.208475240486838,2.623233471564058,-0.13474770123257412,-0.22403751580683678,-0.5409002239975846,-0.03819630349959275
0.001,8.205852131123843,2.6413420786469617,-0.15867007291339472,-0.1436878353626978,0.6288973794506362,0.035606023003152916
0.001,-8.615711857994834,-0.3353339394053447,0.02482548378119493,-0.007912024949084249,-0.4931364775930661,0.012925786135134535
0.001,-8.601493597141221,0.6799308992205141,-0.01900199112008541,-0.09944289405619668,-0.5757258252849281,-0.02645591165426762
0.001,6.67453654748086,-5.4734313383719595,0.019578868366451233,0.32641454885580146,0.5219461438182105,0.025138662198310135
0.001,-0.4163157779036419,8.62547516732017,0.09334723092658209,-0.5811972629525756,-0.036740227456594235,0.011103482503243752
0.001,8.620146527232663,0.5335705730460447,0.12797362124043696,0.04646924650295026,0.48521375929962984,-0.024683931875748816
0.001,1.3853880744923448,-8.529430247394986,0.01765333642866187,0.5566076629062812,0.11312384057103496,-0.04046492160482705
0.001,-5.374502761719932,6.7792984838389225,0.04441875728670348,-0.5280101938963349,-0.35479886423580653,0.0033302788257775435
0.001,8.558803734171606,-1.2734108233527006,-0.0003726038606356719,0.06697021176954926,0.5052372064470545,-0.017402459882803648
0.001,-8.65593247381128,0.11129468480647035,0.0299330532203092,0.09150951042815025,-0.6450031465444499,-0.0016251273008396714
0.001,3.8886883011211735,-7.736385066896041,0.05239645178330411,0.4675230959272949,0.21393691827920186,0.027268802287675382
0.001,8.103701546880291,-3.0501766393653544,-0.05454751952878069,0.22870150256896482,0.4893364991509037,-0.044641281986573134
0.001,-6.027601336245616,6.218845844111358,0.18387503212765585,-0.48030123923676016,-0.41257362068981995,0.011069034194299573
0.001,1.6386036646381394,-8.50794757593091,-0.06835230965038702,0.6308279217517513,0.16751338997071097,-0.04383018779828828
0.001,7.7112796409002335,-3.9559053121903003,-0.07075979732364993,0.19529140551623758,0.4989743250649022,0.010074087980417054
0.001,6.266570585873648,5.997507923934356,-0.13329074632893614,-0.4503744260890805,0.4303732342640545,-0.03238355682603265
0.001,-7.394821149878099,4.543553431013529,-0.08463444433588485,-0.23707768962304038,-0.5705348946452962,0.021430605454078974
0.001,6.0374207996043685,-6.242643415824914,0.03545282895145442,0.3108694561256178,0.3218128908336008,0.01029397327743042
0.001,-0.1670289500116303,8.686138869926467,-0.0598217859123167,-0.4893393281344318,0.13923454146424002,0.0013024578444617361
0.001,6.306167767489159,-5.976137787791553,0.14273615134004075,0.28830591504928405,0.4222879838321709,-0.0047322817081813335
0.001,-6.888015617746143,5.308001871271032,0.0932647443897768,-0.3388828584824245,-0.487680528996165,-0.013835849858434479
0.001,3.7659277244509206,-7.854641326344416,-0.0932626103308074,0.517473939160703,0.24418236296043025,-0.010855702565803847
0.001,5.915877939769158,-6.394282920485052,0.12455066828465762,0.27131457889489147,0.3867510146446688,-0.0031895453639999615
0.001,-1.557167988924656,-8.575672329039095,-0.07800359814916201,0.5835970675790956,-0.12336814910059105,0.032493983440347866
0.001,2.3961647433850666,8.381395248968765,0.3023026776139475,-0.6209395866275388,0.26062430836123013,-0.03399297532953864
0.001,2.4976056480965965,-8.354201804685472,0.009879620735006266,0.4999608950203222,0.19062103485154364,-0.02341551106093115
0.001,8.499271384004574,1.9477405726162667,0.11165407518028694,-0.03239124080931115,0.5303042776627224,0.0004987901706468471
0.001,-7.145065637229071,-5.005926361632455,-0.007844025786697078,0.3172434900482253,-0.4532617300029051,0.014256654967963097
0.001,-7.766829022554528,-3.976959710751513,0.033662074775630456,0.2492638899598272,-0.42030733666314646,-0.04044457632126711
0.001,7.6891096121286,4.1343166794402855,0.08338589193430854,-0.37035387725030877,0.4488761742536849,-0.000451673015933883
0.001,-7.835207594746324,-3.853393338239894,-0.03484627759233431,0.1653757661686024,-0.5669122772251911,0.009908948799563645
0.001,-8.714549383652226,-0.5636247059991512,-0.014123510587716777,-0.0049450992026185275,-0.45078395316494124,-0.01889913872713552
0.001,7.44765164776953,4.561394092193458,-0.030658580988393386,-0.35668686303413644,0.44740796400216065,-0.00486766411006233
0.001,-8.709161766156395,0.7737610345982301,0.07558635916783123,0.013114751041985263,-0.509454241953006,-0.028349904010052156
0.001,-0.19484076714854034,-8.747446592961058,-0.010743826755749235,0.49302170479409224,0.12418448371739735,-0.007122249559068181
0.001,-7.393925379049577,4.679006230911127,0.11653544511699954,-0.30022454597710446,-0.5607585396160658,0.009413193937982633
0.001,-8.697430010604512,0.9911864989765691,-0.05397786290514063,-0.13724056533137713,-0.5348747307152113,0.027289371384481672
0.001,-2.0912599348637952,-8.50548048835576,-0.2284968671352445,0.5773629236430056,-0.047106001141041715,-0.03841514631663604
0.001,3.026607388508957,-8.223741095719017,-0.06393836075012158,0.522389911938838,0.18104064689447127,0.005041713757992463
0.001,-3.16021613505175,-8.174054626074364,-0.07660599425973423,0.42137593420392394,-0.1933597611168793,-0.015980924200927636
0.001,-5.159499787565813,7.085568021353541,-0.03977829073912073,-0.48649317096247596,-0.3088570930263429,0.01605657225473732
0.001,2.4399936164297094,-8.42438571006129,-0.14817157288980054,0.47178926128632304,0.18371599533017807,-0.006456090928068443
0.001,-1.7706998564407104,-8.59380817243276,-0.07249714748440983,0.5476899660333145,-0.1307748429715169,-0.05367642172498474
0.001,-2.8247525426025453,8.31436566988567,0.10857158466263142,-0.48682715460157894,-0.2770193236029236,0.048241556061064256
0.001,-0.3875621599580993,-8.774447754149573,-0.01957103597802057,0.5827856927134439,0.027519984114045114,0.022105930396393733
0.001,6.005147116659652,-6.4235451536288615,-0.06090434813527021,0.29089924522173116,0.4753445292365137,-0.0035002941403015873
0.001,3.628815919196074,-8.01131232968878,-0.07278350214674102,0.5386283199037953,0.20155365813130027,0.0038685365638782576
0.001,-2.2295132249871026,-8.514733314555905,0.006448857550744463,0.48673792279035516,-0.1688612845094237,-0.0370149861033112
0.001,-8.673006064282156,-1.524998641712067,-0.020740896474555737,0.10668043951035297,-0.5657248936286282,-0.01169427605763411
0.001,-1.9807929597730634,-8.580975320514593,0.10699987430662168,0.47741445803955807,-0.046942051089460785,-0.039805310865459596
0.001,-5.0538166674872524,-7.2228862634642175,-0.02001695087027053,0.5372228279677634,-0.339026717513306,0.02921453509709158
0.001,7.527507925501981,-4.629353431150871,-0.004088688438311516,0.2585202559194029,0.5246419103936766,-0.025387108074307888
0.001,8.82776055735683,0.5040843972338804,-0.08421537661784524,-0.043266886401569095,0.6395281898947618,0.02217450595375643
0.001,-8.613301335603179,-2.058554271900002,0.04017258682143833,0.16480572704696356,-0.6066741607774937,-0.019860928525203346
0.001,-3.535669655858185,8.123560035737663,-0.03436517161389357,-0.5047270738707185,-0.28443716226948756,-0.03799160130669651
0.001,6.786914969483314,-5.726602112505221,0.004075303710809654,0.3386180945084761,0.40699028148959376,-0.022170793795808063
0.001,6.229710127910934,6.340210652075599,-0.03169590492029659,-0.32740607946912614,0.4316174655730984,-0.006146443124827226
0.001,-7.41554234428768,-4.907452555649383,0.20890512078122422,0.28481417325831426,-0.5316327932596123,0.041673783282029656
0.001,8.446506875703317,2.8048884921376867,-0.1609753447774398,-0.18600813177134298,0.5434313326815411,0.007334795036891531
0.001,7.318025406836304,-5.070507028585147,-0.11322838193723157,0.2968500887603631,0.4523938368132066,0.012072639863895186
0.001,8.879269274180022,-0.6646382066864598,0.008969287764488094,0.04145012220531745,0.4790337821259119,-0.02347793039081742
0.001,1.645386399079141,-8.75239715744131,-0.15381481344220094,0.5630774140489193,0.10071923699214962,0.01575493584331643
0.001,7.192317866092722,5.26869950685616,0.11522734285091565,-0.3982449019066543,0.5495895939621023,0.004389324690305769
0.001,-7.489564091163597,-4.842003691106062,-0.12159302692417706,0.17066782323867494,-0.5671705067077367,-0.04666492783559628
0.001,-6.793076876166122,-5.779762583679715,-0.01246031684923735,0.2802501066304106,-0.4421228491625724,0.06397124569491601
0.001,5.552361962044086,7.001841224956619,-0.09336679170049753,-0.38996110429997394,0.37317071804071233,0.014781413966753622
0.001,8.935919159481543,0.13373082301251757,-0.13306175398794506,-0.09644710077220178,0.5476989883549304,-0.04634725248261012
0.001,-7.220114635335002,-5.3035028832976305,0.023868557438968367,0.3134513740630608,-0.3992617453755799,-0.07762839441605224
0.001,7.811752751531427,-4.385760183556512,-0.019290461332319712,0.31379022633482273,0.5493018171156868,0.03493547898511732
0.001,0.022736119919735127,8.95967585362936,-0.1535975603849351,-0.5838637938600829,0.06314934947385252,-0.0366813778835666
0.001,8.91130561704373,-1.0030343073355552,0.039737032550199815,0.051631888315011906,0.6573118803388367,-0.013224839278532777
0.001,8.519239303424213,-2.8035168259864998,0.08642889578645004,0.20273290312425304,0.5501331405484894,0.03036253171221054
0.001,2.8742049320481433,8.51496035388935,0.09030278450651233,-0.5092968778608448,0.22051784432272115,0.009899470015138634
0.001,7.007277887053726,5.628825640593851,0.06384329022217872,-0.35778860974289706,0.4974319974074288,0.019006562013689113
0.001,-0.4379767084146934,8.98355834169511,0.07477932190661814,-0.6357064662057338,-0.09455427577499204,0.06803832106253316
0.001,1.4358434056596916,8.896145377099492,0.00033909347950517266,-0.6159693672411154,0.052318694725957196,-0.041851548957619736
0.001,-9.011739096070347,-0.18278467865078413,-0.009109259650976078,0.06163829013535002,-0.5286293017359737,0.015798398581923452
0.001,7.976936441233781,-4.2511881566179905,0.009430195217457351,0.27330814963421396,0.4656991661030341,0.027095679983626348
0.001,3.621571667757715,-8.283129442501123,-0.1436813812474177,0.472635113908457,0.1659490377333042,-0.020911252859088635
0.001,3.2910033760199013,-8.422235887988123,-0.03529364265959797,0.5745244470901221,0.23477464038959034,0.0161978776189427
0.001,0.5233484435353841,-9.030504220761967,-0.02134144315000247,0.4808721667708199,-0.0504328159714811,0.011313638722161984
0.001,-8.987494021062206,1.047991141698178,0.05217978590998329,-0.011750010622702763,-0.5703604740112385,0.024603449722461868
0.001,1.1549145047683111,-8.97516367561517,-0.003631850892909657,0.5400703359489032,-0.04715371939624603,-0.03769536531043678
0.001,-3.2803100623582004,8.434201612155716,0.043415375113815075,-0.4620377048517019,-0.2357432917853696,-0.03497576573935345
0.001,-5.768485892502417,6.974079524406391,0.05588592755254318,-0.41674407524735935,-0.4034189213021819,0.007748293052176782
0.001,-0.2873905046403745,9.050947052307645,-0.102956164160058,-0.5189300091416776,-0.020167993947374556,-0.02581721821692194
0.001,-0.9517263043492582,-9.006887437645503,-0.11635336445444677,0.5343477678178228,-0.07778132005582376,-0.03754080283181323
0.001,8.083900098090378,-4.084620673490899,-0.12174568854881551,0.2405831737046942,0.46870593389821225,0.038489626287253935
0.001,3.9534744567357727,-8.15295100804031,-0.06745567175976251,0.4685511761934614,0.2192488788184041,-0.04683636717214058
0.001,-6.892930973173054,5.8877272717197435,0.15747495868422137,-0.4167802481313338,-0.3321247852581213,-0.03808124988123465
0.001,-5.9589872813477776,-6.837040367825156,-0.037321799356209204,0.5199697535443163,-0.2921220629922678,0.014766261102395699
0.001,8.706969405299796,-2.541886012638842,-0.04258845992542763,0.16172002531264343,0.5289836943625611,0.010315954626395509
0.001,9.05273839685406,-0.7002819968518471,-0.0684548482171256,-0.014810053788478487,0.5194604694158448,-0.03577026385157992
0.001,9.038762534880641,0.9702569369317128,0.07733838916019901,0.09685416956833079,0.5706856027332993,-0.025670596764058154
0.001,9.084180257673173,0.3551999105348715,-0.10254620742138797,0.015776762704676185,0.5934638896687978,0.01928283224668485
0.001,8.158208296564675,-4.018513343322209,0.17931537223126653,0.22047163998734157,0.4160710182933084,-0.03252161729142893
0.001,-9.028505265129283,-1.0989625634461866,-0.01786372936864658,0.00414836542685737,-0.40891149318969744,-0.013782688169526021
0.001,-0.4495625311312686,9.089006402535361,-0.01078266355813593,-0.5987628219222136,-0.023819131957287534,0.031232889419627912
0.001,8.914903983225667,-1.8872712818820991,0.08011010566914428,0.15337293311235828,0.5744349867736134,0.02411733234817993
0.001,8.805400039916211,-2.386563794541203,-0.09084164945777932,0.232701393096937,0.495115458423908,0.010223297886250347
0.001,5.516789898320624,7.273502458397445,-0.03660212280376199,-0.47345890718435324,0.349113668958131,-0.041835989430655904
0.001,-7.643910658231531,4.9973272602373475,-0.03632676326921477,-0.33688760729550027,-0.47695928883628397,0.021276116403458663
0.001,9.023986593495161,-1.4089153579971445,0.060698144803219056,0.11408501240260657,0.5783770159144539,0.023116826238043058
0.001,-7.559207308533966,-5.13490149237103,0.005917686412662145,0.35129079308546307,-0.5013172442558502,-0.01032777349673168
0.001,8.646567079863813,-2.9577360285463525,-0.16408895241100385,0.08238874045155226,0.6478772369130984,-0.031078267537626016
0.001,7.404121249054702,-5.361629054625574,-0.003947436378216351,0.3498412438297888,0.46605996743207,0.00028151555474787847
0.001,6.8653209403592905,-6.038177868906965,0.19815414746131702,0.35284272893366275,0.4830502479001952,-0.009383132539268682
0.001,6.957425707329179,5.936075776629028,0.011828796488090673,-0.31811022932212113,0.42527303965982366,-0.014190694476667735
0.001,-4.806457605502301,7.781070092153001,0.014408397321947267,-0.43355634438003554,-0.27347111125794,0.018052543159376173
0.001,-5.958782703234729,6.944644834727208,0.15261717579675604,-0.4448784926090041,-0.3847762248527772,0.04909751531074148
0.001,-5.973473770465376,6.94989277523022,0.02514319005911178,-0.45709072226681935,-0.27268047730955725,0.008607317640705008
0.001,1.0132191171395526,9.116190007772438,0.010542140918270118,-0.511993750725602,0.08106523170593327,-0.03248777792890912
0.001,-3.910482019637845,-8.299613464331845,0.15464138805573266,0.38132546177929877,-0.24822732753983642,0.00043976349988506924
0.001,8.653031481745009,-3.0807605657608628,0.037048408325699035,0.29743061331230547,0.5281556463809651,-0.022609945153532526
0.001,8.315211986240463,-3.9110816373190667,0.004460048140035234,0.2789432172242165,0.44303375164508396,0.003756917802553513
0.001,-6.7093359322927375,-6.296253252265624,0.023855079257750017,0.340988073975968,-0.381513924716959,-0.024129175113330757
0.001,9.106927163946352,-1.328562873954721,0.0076110712574048,0.0409218133284778,0.5515076680520682,-0.032080144318868374
0.001,7.918183912051177,-4.703759025905717,0.07668394037596171,0.33100404699575864,0.49363033741457524,0.03603781769249965
0.001,5.789203351036165,7.162978218721785,-0.11320039202195645,-0.38446024326633127,0.3425303287541322,-0.001999980110602642
0.001,-9.09314491648902,-1.5016862268886726,0.02096984540263626,0.09487214120498952,-0.5432666174512144,0.05809617548051943
0.001,-0.08919817796420512,9.216212071006959,-0.21789675848614604,-0.5549040441921763,-0.06878270037206352,0.003644320515463253
0.001,-8.661040566764962,3.1608344354397464,-0.088841300201395,-0.1726412503471587,-0.5954023773710566,0.011319229756886021
0.001,-3.345621821448172,-8.596727295847689,0.0012272541139693735,0.5624218221207525,-0.19142902185919725,-0.011512842930724401
0.001,6.983013041109838,6.028361221580201,-0.07249467449531093,-0.3096826988394838,0.336154316280729,-0.006982945260758742
0.001,5.5964662060328045,7.339524335861344,-0.01914647103415139,-0.3975595896794274,0.46192137077245443,-0.0002901363571647118
0.001,6.467898955810748,-6.58881125989953,-0.04209436732356632,0.4881953555306283,0.45956528630403026,-0.023379181649260606
0.001,6.239129401087731,6.807519579681908,0.11634231648218614,-0.3896070248106201,0.3747971109991765,0.0013602882567544839
0.001,9.240313143759733,0.16388953036538062,0.14617719374576504,-0.02202038515382508,0.576334155911219,-0.05419398534383274
0.001,8.78869900982707,-2.8811531554487257,0.2998733559696301,0.29399530569861465,0.5126976316298281,-0.014563503319403483
0.001,-8.694276982438483,3.1890341555250155,0.20550327079842315,-0.20272419972919703,-0.47833208585995596,0.01466422850338915
0.001,5.19603907428785,-7.671391859100659,-0.0707802290605201,0.5130179895958783,0.32773796575056036,0.030006600285693102
0.001,-5.21426444893716,-7.662837085234494,-0.02506958589836554,0.4906069295250937,-0.24221717820744104,0.009358620888719998
0.001,-8.051617168794488,-4.598586335236089,-0.09894554947637985,0.2522606341637737,-0.5063574091376332,-0.032084919380896304
0.001,3.915609133388574,8.408389059523762,0.21329988783308984,-0.5024351230935171,0.2033509836616854,0.04733685958372505
0.001,-8.241275042211234,4.26517927338619,-0.03423366696618135,-0.208592868806701,-0.4390007151790774,0.000653316213984065
0.001,5.667578866345799,-7.348979704693374,0.01954291055311268,0.4317320771791447,0.36539999163464654,-0.024459855915617373
0.001,-8.530330263002657,3.655878623661676,-0.02542417209209402,-0.25765244419181943,-0.45387446174401763,0.016132039139115706
0.001,-8.87090768979626,2.7320714801740973,-0.03470281354482884,-0.1407392518495744,-0.6046974483823107,-0.056859936477432774
0.001,-4.90696142115558,7.881402923247779,0.057890359381592094,-0.4352845596700793,-0.24751730263897734,-0.020303670695005858
0.001,4.54840691443131,-8.097917031180224,-0.12717158544286344,0.49538432111545566,0.2122504919305983,0.019976240844803962
0.001,9.098026491487863,-1.8832074468276263,0.15074584426361115,0.14529090545224438,0.568594675196546,0.001234119393072756
0.001,4.358455823856916,-8.205806346231816,-0.03970135598455805,0.5837340210353746,0.20064701860432774,0.001705206394993048
0.001,7.6370810068569,-5.295733182893882,0.05492998119229327,0.3355840174075722,0.4769258047190946,0.016580008419929862
0.001,2.29798252411913,9.019167474944748,0.06773714365444047,-0.5199518461140236,0.20681304075356188,-0.012999127568173483
0.001,7.288537271181907,5.809802548901269,-0.11754560500511053,-0.32654041979386583,0.4647860950742106,-0.04681272093930909
0.001,7.066535402448591,6.086436809584406,0.05656761856590321,-0.3559277247225213,0.3350810443635936,-0.07730867170292768
0.001,-8.640146902505801,3.5207945281018955,-0.04382517327395649,-0.29288143231560154,-0.5687701965262435,-0.005344829909989497
0.001,-6.918602063190379,-6.263362725385763,0.1911255611079451,0.32537060649254135,-0.34707991584170106,0.005781280951334655
0.001,-0.29562684685744134,9.333058252381887,-0.14539959920938678,-0.41027313109943464,-0.031214757076179,-0.03188104778370971
0.001,1.390695757563217,-9.246995158240818,-0.13050744266238887,0.5817672401407094,0.20494925481714693,0.011182141383624252
0.001,5.089649704540618,7.853802863403045,0.07032492412664805,-0.3933850732954104,0.17063357778850413,0.016806166124505053
0.001,-9.349689458281462,-0.5649761921413314,-0.14580150681795262,-0.01404242658867478,-0.5532171037969448,-0.020999294188330533
0.001,-9.179246217699804,-1.9036500930115465,-0.051879663685017924,0.18387073247785535,-0.5809743428664794,0.02127410846743142
0.001,-8.4534376136389,-4.057869671110136,0.06797484510203584,0.3033436144339179,-0.5331477445863303,0.03369675539182943
0.001,-2.0082795960551163,9.159628127498266,0.05870425241212882,-0.6496566598140596,-0.15003686222699864,-0.03531595462048726
0.001,-7.710433831175845,5.345487310493495,-0.11541976248186483,-0.21324052362638596,-0.46740144906301384,0.03376485716424338
0.001,9.382106485539278,0.3162472723098802,-0.06622208399129376,-0.04930048304811127,0.6587634237791306,0.01688140446055473
0.001,5.941736622407321,-7.269725966512865,0.028944516958897038,0.3252123086557426,0.35306654142748156,0.007379286781629212
0.001,4.620269882276401,8.180200962080047,0.05131306919009213,-0.5375251828790418,0.2925007689454027,0.03498220898609306
0.001,1.0684598741059486,9.333973422006515,-0.0758173393812257,-0.6016652572177995,0.0266269914274634,0.011508397327549427
0.001,-9.134300655720807,2.209421812639366,-0.010686497562953923,-0.1333366160727911,-0.467275496020919,-0.026511474536908806
0.001,9.120972846554801,-2.2716007366943587,-0.12920609098662894,0.18018910004619818,0.5119983444430966,0.019142722218214205
0.001,6.753163158096866,6.55672824719485,-0.1416610422925708,-0.40463303005562246,0.4577164761133149,-0.0224027846541139
0.001,-7.868251864138557,-5.190667388684039,0.16049760404612018,0.33891046803023417,-0.3849325639100757,-0.025902299905183997
0.001,-3.3709371011940292,-8.802952978430447,0.12120265779574807,0.6424525679896111,-0.15181844572399983,0.028946600525609965
0.001,-7.415008655803329,5.82641573344803,0.004768736250538549,-0.32648995861265245,-0.4515034652534676,0.02203406522513203
0.001,-0.12923836908776198,9.433371975726862,0.031598337931347024,-0.5799373607755773,0.08422511974712373,0.012020495682257935
0.001,9.206741181109045,2.0850889788685003,-0.02340302415942235,-0.02420351792028462,0.61000663599543,-0.033998741901693656
0.001,-0.5238751452955487,9.427895480056284,0.1852359977274839,-0.5462945343820298,-0.027477277005852636,-0.04457650644100212
0.001,6.286801005028739,7.054666294494939,-0.13745817762367082,-0.35478223861070246,0.42028660032671705,-0.029581847618808527
0.001,7.274706305738438,6.043338227781137,0.03708146749853379,-0.28472228624249635,0.44227310551632637,-0.007137625477839212
0.001,-7.395755406984909,-5.925068413779074,-0.047234624474960435,0.33891698101672113,-0.4738251143285953,-0.00280430763521877
0.001,2.743895868922451,9.073217903433793,0.09827973120821265,-0.5677810028206159,0.0903968609560636,0.019963695830205453
0.001,-1.350552898855568,9.384485973351607,-0.023864976343835807,-0.5488116498303014,-0.16146802584405653,-0.015279194654206523
0.001,-3.091316874818287,-8.965310364374798,0.03282621473308108,0.5538874127094325,-0.18839217883757806,0.01579573895617944
0.001,9.267884877473708,-2.0437123690969683,-0.034050005911655086,0.1539559540998169,0.4871191617719648,0.023912872169968815
0.001,4.7483656003215655,-8.227163196330633,0.04692439895768547,0.5789485383856199,0.2847072134389159,0.04499117195161199
0.001,-5.139678104242102,7.991137855987286,-0.01830520579413644,-0.3927562687685408,-0.16229400322982931,0.006058998167718648
0.001,-9.256324111591061,-2.2247901305457587,0.08952220532201251,0.06885165218377923,-0.5535862800729497,-0.016762135910133237
0.001,8.472437670117376,4.345945667342249,0.06806126613060104,-0.2730910225707581,0.569566842884796,0.012313451670427269
0.001,4.043097100544479,8.629809385277936,0.05769809112795019,-0.5569982514448141,0.3163129035433977,0.03186046295784148
0.001,-7.591605665548747,-5.781613670049055,-0.15249137409714103,0.3405901623623766,-0.3953036056527256,0.011906338268571747
0.001,-7.883570505265801,5.384889505521312,0.17515885406885331,-0.29168970568456165,-0.41314883887455994,-0.0041524845030966534
0.001,-9.488674885279018,-1.0644581784539067,0.05371671140499328,0.1420757732374956,-0.5584756745561068,0.013078286715557486
0.001,-8.982146764760811,3.2409638871804884,0.008719557860099095,-0.1991111949163988,-0.5576796794673153,0.0029965932867514855
0.001,-5.847160389362146,7.557143406267914,-0.07305255885012432,-0.4398284831782451,-0.36998759581756185,0.009316394669234715
0.001,-3.088680706307295,9.046235627242254,-0.15354923144660007,-0.6340777318479491,-0.171907885789797,-0.01982583218494697
0.001,9.312172582509262,-2.1685621172597442,0.016238878468753725,0.10729313379518234,0.562539486487223,-0.03462561469005405
0.001,2.687821147476062,-9.181857822090253,0.02817945989298103,0.6060548191958475,0.1533389397253516,0.010568821438969731
0.001,3.178125744106935,9.025787026925832,-0.07386804618453015,-0.47492499657079185,0.20229611666091613,-0.0061440552073717385
0.001,0.5994019337689632,-9.558056691742495,-0.16768703733229262,0.6015352234189989,0.020161306976403837,0.012044771875684028
0.001,1.2805992210705557,-9.49138741939764,0.16997724748686716,0.47969787416931753,0.14155077394966611,0.008205204853512947
0.001,-5.823097719074707,-7.618881054343104,0.09501712426057456,0.45831327116440274,-0.38137004747052855,0.015237221523689483
0.001,-9.558677380742422,0.7819722705596994,-0.06471925064754419,-0.0725151212100588,-0.6104987073877021,0.00710243803646353
0.001,3.142592056970437,9.063394072532278,0.10109636746572429,-0.5588716942993983,0.21519461726240594,0.003080010934506331
0.001,7.152377492155073,-6.410673460851382,0.09973372227145844,0.3628891467497424,0.41578425821969933,-0.017304989827629423
0.001,8.668550585430575,4.143832463509573,0.004455239885894596,-0.24603394211359078,0.50651408275851,-0.028929126659006044
0.001,-2.23789513892947,9.343834529186358,-0.08280343798927027,-0.5669709129285546,-0.06410270730464165,-0.005292138397293468
0.001,-7.34857103398536,6.20113894804784,-0.05505345574327261,-0.2604270830474994,-0.46042794950588267,-0.020464910388579238
0.001,-9.468834826044327,1.6772076365768418,-0.07981095026313505,-0.14127826400417115,-0.6267973637532898,0.01715650800497417
0.001,9.38397493678476,-2.118162764893962,-0.027962902593487788,0.23020374716216752,0.6396244297018167,0.04281090309889125
0.001,-0.8405603040785011,9.586359259648903,-0.2407446310174577,-0.5852394613368563,-0.06841313455087358,-0.004444795636813534
0.001,5.939413195132586,-7.576807434915368,0.1346342257395215,0.33527909526252914,0.3591660365562087,-0.012428133541476063
0.001,-7.520760236862026,-6.012098726146993,0.011114247377719943,0.31493493620477736,-0.5220972595398273,-0.02030379354831296
0.001,-9.15163731452822,-3.00160530937532,-0.02841242889321421,0.10845305534868711,-0.5149491167492108,-0.020264207701396766
0.001,-8.225209532220807,-5.017950626924965,0.136309031959942,0.31184301224048944,-0.4805314381474373,0.028836281636114503
0.001,9.6484536320947,-0.094763308402028,-0.01844624779419062,0.09100468935968722,0.6578795338789607,0.020338092470487967
0.001,-1.8828056603849292,9.473451643305275,-0.13322425324191017,-0.5299905311164939,-0.06333134988626649,0.0267424937527605
0.001,-3.8904998267262365,8.843289501252212,0.19067860679452509,-0.3772400549107691,-0.1664653955501002,-0.009928017408710606
0.001,9.19656018059962,-2.9770243770780587,-0.005218499693778849,0.1393075938089271,0.6019024109081001,0.019551387118349233
0.001,-5.752017319476073,-7.772953554123987,-0.012738678900152843,0.5029712691040562,-0.3107119775920961,-0.013687078206384911
0.001,-4.161412248922401,-8.737975233399338,-0.04906123823939887,0.5526503211438193,-0.2899376411343657,0.014638343549268538
0.001,9.54243565457593,1.6948378296151536,0.0855194056556192,-0.1365940793753379,0.5067550384720375,0.030133770380537415
0.001,8.153381792683378,-5.246817702958038,-0.09841686469745263,0.28589026278769225,0.5214619014572967,-0.0028260804627041804
0.001,5.503256528756918,7.985706337991676,-0.007245539454810499,-0.41167765215521895,0.363878357232935,0.026931852742156166
0.001,8.534957220060296,4.628073496956364,0.015029398055748733,-0.30471902087818836,0.5330651698659281,0.001460595363896842
0.001,0.32184948550894316,9.706976803559186,0.04427200373590484,-0.5512488164491172,-0.01251595728099563,0.018062021499074925
0.001,7.539757999108547,6.124397594318882,-0.0593655432327016,-0.2893681707107876,0.36153490914763037,-0.012800879572625158
0.001,-7.897327988519853,-5.6867627613864205,0.1939336451207868,0.29703820886394633,-0.38207739623111037,0.0368729730130317
0.001,8.68589440967747,4.389291742373044,-0.13884601975637276,-0.2548871593028816,0.5103153955604753,-0.02879409191424568
0.001,-3.508582091657342,9.07993497196959,0.16743165028478668,-0.6002683920491144,-0.2740950987496866,-0.0015814369049748991
0.001,9.660980932985426,-1.2331578529440397,-0.1356448354037406,0.024108233150890584,0.517173860633966,0.02527317384224521
0.001,3.6824542577082284,9.016759325164477,-0.07327482623047449,-0.47595672764302516,0.22219716614830343,0.017996274820419603
0.001,5.115177992140009,-8.288848398014512,0.03368704981827996,0.4790509960769982,0.39691497039625373,-0.020095776861765283
0.001,-8.450300239385973,4.848714373733337,-0.23165520559150146,-0.28122284469518866,-0.4022169501138406,0.01355883975573651
0.001,-1.247176649786717,-9.673786963420751,-0.1404826328128451,0.4047949403979972,-0.005435218299580005,0.008092845817473751
0.001,7.875472059626929,5.763556154014421,-0.2730300171518764,-0.36521327561723615,0.4057685668358878,-0.018338407370516955
0.001,-4.138360219630902,-8.844969048983048,5.7032144028755846e-05,0.4550812952228625,-0.22662712798827594,-0.018904427738408155
0.001,9.470581761310074,-2.3879826119138303,0.0882196030489711,0.15380960913233227,0.4666393975980168,0.012796845959634632
0.001,-8.725286827938659,4.395238573952974,0.047245452120738704,-0.268514103994999,-0.43809853615442174,0.0019358846264092996
0.001,-7.314428073828058,6.479112183711736,-0.13068535705092524,-0.33779551377479544,-0.4021595184152633,-0.007120814583748338
0.001,-9.448052643048172,2.521332563393888,-0.08496135965921153,-0.0394026267311061,-0.6121808195221612,0.036669943749074896
0.001,-9.668187943410718,1.4726099971048296,-0.1349992536874255,-0.1511798745136262,-0.6103390502532451,-0.005356572122193756
0.001,-0.7812338019565138,9.769748608876117,0.20247012623860497,-0.5280172511778347,-0.09004578875639485,-0.003898449092562564
0.001,9.082877259824532,-3.694225179908415,0.09517911724883661,0.23461388635077582,0.47584133086410463,-0.019337461398823978
0.001,5.209186960477256,-8.30822367372145,-0.12753226206888674,0.4227476521009871,0.29809277252993993,-0.015957500047229213
0.001,7.438922661735053,6.401823777263367,0.11917663802609496,-0.3211182071603147,0.4346507927510642,-0.06388609537629109
0.001,2.892010365632099,9.386060115776724,0.04700012504078807,-0.5801316060798188,0.2127704737808976,-0.0025088358916692697
0.001,-5.636879032648871,-8.049037761880353,-0.03901340424708209,0.4333722828902908,-0.4043484208640799,0.017789151969422653
0.001,2.0990698821277824,-9.603061682458529,-0.02036824972711534,0.4799912024346259,0.07138013544991406,0.04752352040781263
0.001,-9.578748216577653,-2.2134259793817876,-0.050001982824155036,0.17574540764337881,-0.5472070622162027,0.03397700120709168
0.001,-0.3534090336789427,9.82843304951577,-0.056411326704530175,-0.5305505645930602,-0.10383170459972021,-0.0018620751438334735
0.001,9.834352690634075,-0.14755511962299603,-0.026661974986409365,0.06534339475085818,0.5961646219602742,-0.010821417957274225
0.001,-1.37651591462351,-9.742080499017497,-0.031620102138955164,0.43798656641017175,-0.022533683136143887,-0.025919554660585067
0.001,3.1806317487011166,-9.322864027580406,0.15917128930508306,0.5490177795164747,0.07884789675221894,0.028764244852210692
0.001,6.768150607617617,-7.159100838093869,0.0946564333375476,0.36302076411713385,0.36125188750073,0.05024116853746103
0.001,-9.223411258142272,3.4750614256258316,-0.005595625467008167,-0.09751239659598458,-0.5180039458879072,0.02461746243183573
0.001,9.773560598788228,-1.3122344469794398,-0.08296304860325984,0.05020104105542712,0.597481097974276,0.007924752468569973
0.001,2.4572702742506336,-9.550657697245411,0.044233802037830144,0.5299223572029903,0.18816196294252477,-0.005443200425010742
0.001,-7.958619591562818,5.832308866839068,0.020732232830208655,-0.318460570495143,-0.4875445016368268,-0.024826286754643493
0.001,3.9459691567884816,-9.04856175682348,-0.09696667387819088,0.5161631699031701,0.17857522936381812,-0.025202597923085067
0.001,5.7375847512528155,8.054922945517319,-0.03859540623768388,-0.4342523280728065,0.3518858585154665,-0.037765904340937385
0.001,-9.888514577754881,-0.16177087481152277,-0.2107684470036719,0.05213797226226525,-0.5946124957072881,-0.016225428092118275
0.001,-5.089489966380092,-8.503150416725472,-0.07632020560702468,0.4652544632102509,-0.283541397724249,0.025547721514472987
0.001,3.937964046224028,9.095458935883062,0.15748416442945146,-0.4509626827232151,0.1956402551278957,-0.007251912238126106
0.001,5.302666173865917,8.374143683081357,0.07885616399364723,-0.46283866139816204,0.26937368049877225,0.004566510728728983
0.001,1.631842689561025,9.776764092764934,0.12710477020013697,-0.5330899531493766,0.022020589856313375,-0.026430559129320023
0.001,1.3114697826306942,-9.845759519991509,-0.006937324081003095,0.5553877356515101,0.14372631250783108,0.03450898237391963
0.001,-8.04961116110033,5.821929282604747,0.17681853397949848,-0.3368181872827505,-0.5619762149469814,0.005596553311427254
0.001,-6.398400836454226,-7.611948057025446,-0.0054026674584839885,0.43413667579461845,-0.469302211310487,-0.018707362603363007
0.001,4.051372576670564,-9.087587984065804,-0.09072611412341827,0.6068343531960957,0.2661108160030885,0.05282280800821044
0.001,8.566814873028767,5.072750992311842,-0.053081041883960005,-0.30412247758012667,0.45011814464125594,0.0110605434563685
0.001,-6.845962935900986,7.238023391875854,0.11088624953422388,-0.434642660641398,-0.3592338564536881,0.043772666475615375
0.001,1.5219143795628778,9.858017655928947,0.026610359947399437,-0.6603576957752695,0.09255955685798516,0.013982129113506967
0.001,7.983151443562894,-5.986237635696481,0.12145051547131472,0.36231606884045087,0.504200775688804,-0.004409630163573827
0.001,-3.656621626718057,9.291392159018,0.07117730827401599,-0.4840300602157145,-0.20204802465867602,0.01553321181895664
0.001,-9.743131305250678,-2.1874264656655393,0.049585927736142885,0.06939902917435033,-0.5561419238749347,-0.010315325422758844
0.001,3.9114660669206422,9.193636651558485,-0.0842061402126317,-0.4627859299013471,0.17233927789052958,-0.010140607628189531
0.001,-3.769999472628561,9.256364902741774,-0.007887349680712365,-0.5567407568230021,-0.22699920869896434,-0.0052886670578848865
