mass,pos_x,pos_y,vel_x,vel_y
1,-0.97000436,0.24308753,0.466203685,0.43236573
1,0.97000436,-0.24308753,0.466203685,0.43236573
1,0,0,-0.93240737,-0.86473146
